time_us,q0,q1,q2,q3,wx,wy,wz,motor1,motor2,motor3,motor4
98645526,-0.9976045155202924,-0.03743942230343994,-0.028235649243905488,0.05085536729670274,0.020653750747442245,0.019848769530653954,0.06384212523698807,1000.0,1000.0,1000.0,1000.0
98745486,-0.9976060260535297,-0.03742273156699802,-0.028200213952383688,0.050857682573910136,0.018522225320339203,0.018375249579548836,0.07094995677471161,1000.0,1000.0,1000.0,1000.0
98845446,-0.9976141112795532,-0.03727886222492422,-0.028110052384189656,0.05085465919736853,0.020736420527100563,0.01737205870449543,0.06889688223600388,1000.0,1000.0,1000.0,1000.0
98945406,-0.9976135651699913,-0.037279060377006734,-0.02812127658446582,0.05085902131861303,0.02291899174451828,0.013343648053705692,0.06504285335540771,1000.0,1000.0,1000.0,1000.0
99045366,-0.9976144079067268,-0.03725494327694702,-0.02811719472293868,0.05086241932168243,0.019204290583729744,0.018504995852708817,0.0671389251947403,1000.0,1000.0,1000.0,1000.0
99145326,-0.9976119214589232,-0.03732179620011285,-0.028106110410678297,0.050868302989341196,0.022621745243668556,0.01050808560103178,0.06614420562982559,1000.0,1000.0,1000.0,1000.0
99245286,-0.997599069657486,-0.03747699049523587,-0.028327471874034643,0.050883452508297955,0.016147326678037643,0.019694702699780464,0.07168536633253098,1000.0,1000.0,1000.0,1000.0
99345246,-0.9975828381586705,-0.03775146763836825,-0.028501656321692756,0.05090150576712943,0.020056629553437233,0.01991569623351097,0.06858785450458527,1000.0,1000.0,1000.0,1000.0
99445206,-0.9975653315620138,-0.03798327826633157,-0.028766344088433236,0.050923248968401405,0.021135039627552032,0.017063526436686516,0.06640629470348358,1000.0,1000.0,1000.0,1000.0
99545166,-0.9975429770611871,-0.03827767597153047,-0.02910688355756159,0.05094720569068564,0.0162154883146286,0.017633546143770218,0.07185707986354828,1000.0,1000.0,1000.0,1000.0
99645126,-0.9975056538352174,-0.03883216745389276,-0.029581243539206544,0.05098512889345883,0.021048586815595627,0.016453871503472328,0.06623047590255737,1000.0,1000.0,1000.0,1000.0
99745086,-0.9974701587623845,-0.039329721659357504,-0.030056980032143528,0.05101993065546397,0.0156317800283432,0.016327640041708946,0.06950473040342331,1000.0,1000.0,1000.0,1000.0
99845046,-0.9974297095285075,-0.039873938900838686,-0.030608864732788288,0.05106016986046193,0.016566390171647072,0.0175123643130064,0.06753771752119064,1000.0,1000.0,1000.0,1000.0
99945006,-0.9973808148831522,-0.04052774331336827,-0.03125259815537265,0.05111053935817751,0.022645844146609306,0.016114089637994766,0.06919163465499878,1000.0,1000.0,1000.0,1000.0
100044966,-0.9973276297233297,-0.041267200435707044,-0.03189021493527786,0.05116279263318358,0.022347571328282356,0.015396025963127613,0.06685525923967361,1000.0,1000.0,1000.0,1000.0
100144926,-0.9972765079955535,-0.041973009297979993,-0.03248316150854459,0.051212081670991165,0.015580054372549057,0.014330989681184292,0.07031336426734924,1000.0,1000.0,1000.0,1000.0
100244886,-0.9972123721006545,-0.04280932833783819,-0.03325547644868994,0.051272991163182624,0.019434014335274696,0.01826597936451435,0.06469540297985077,1000.0,1000.0,1000.0,1000.0
100344846,-0.99714886401418,-0.04365350810642693,-0.033962043927017384,0.05133316469429756,0.01859741099178791,0.014602810144424438,0.06986550241708755,1000.0,1000.0,1000.0,1000.0
100444806,-0.9970844963618136,-0.04439178480797827,-0.03479218656072904,0.05139436069058604,0.018776528537273407,0.015942661091685295,0.07075899839401245,1000.0,1000.0,1000.0,1000.0
100544766,-0.997020150207254,-0.045222549617687194,-0.03546793066728801,0.05145645713572853,0.02259671315550804,0.02135595865547657,0.06577068567276001,1000.0,1000.0,1000.0,1000.0
100644726,-0.996946981251408,-0.04609629261019028,-0.03628528203307468,0.051528891789757544,0.02224244922399521,0.016414571553468704,0.06799650937318802,1002.0,1002.0,1002.0,1002.0
100745519,-0.9968759086500025,-0.046899366224795236,-0.03710040407601128,0.05159876179077381,0.02276858687400818,0.016356507316231728,0.06878402829170227,1033.0,1033.0,1033.0,1033.0
100845479,-0.9968025415002357,-0.04775638271060776,-0.03786758526583307,0.051672692548422425,0.0186463613063097,0.01413519587367773,0.06314747035503387,1063.0,1063.0,1063.0,1063.0
100945439,-0.9967304419867813,-0.04863331380777872,-0.038548774101947354,0.05174184786173308,0.019779793918132782,0.012793203815817833,0.06993161141872406,1093.0,1093.0,1093.0,1093.0
101045399,-0.99665494788232,-0.0494382905614893,-0.039369429725186894,0.05181523223108574,0.020681465044617653,0.021739536896348,0.06491249054670334,1100.0,1100.0,1100.0,1100.0
101145359,-0.9965714368681245,-0.050321887478819605,-0.040246438076599764,0.05189704308837897,0.023509982973337173,0.02239990420639515,0.06836233288049698,1100.0,1100.0,1100.0,1100.0
101245319,-0.9964935966213673,-0.05117029259581523,-0.04099781436978156,0.05197395756695272,0.01886303350329399,0.01808018423616886,0.06741935014724731,1100.0,1100.0,1100.0,1100.0
101345279,-0.996404549613482,-0.05211988103869332,-0.04184380506373903,0.0520633026982955,0.01891910843551159,0.01954171061515808,0.06404004991054535,1100.0,1100.0,1100.0,1100.0
101445239,-0.9963066970344284,-0.0532112957594284,-0.04267576650556969,0.052156518299369646,0.026583028957247734,0.016401637345552444,0.06970397382974625,1100.0,1100.0,1100.0,1100.0
101545199,-0.9962249914464959,-0.05404757653260495,-0.04342752150148508,0.05223673290529774,0.020781362429261208,0.017205139622092247,0.06681685149669647,1100.0,1100.0,1100.0,1100.0
101645159,-0.9961304054984679,-0.054933773145030854,-0.0443639191477465,0.0523291361228194,0.018537746742367744,0.018519936129450798,0.06525920331478119,1100.0,1100.0,1100.0,1100.0
101745119,-0.9960316238163894,-0.05595655133429702,-0.04518285254969698,0.05242498026638759,0.025479739531874657,0.014634566381573677,0.06587379425764084,1100.0,1100.0,1100.0,1100.0
101845079,-0.9959367402751556,-0.056890547748463534,-0.04599225223199529,0.05251845086829664,0.01987297460436821,0.01762310042977333,0.06370792537927628,1100.0,1100.0,1100.0,1100.0
101945039,-0.9958462194043292,-0.057720855109288066,-0.046809294045396264,0.05260703540905072,0.0228921789675951,0.01697934977710247,0.06806488335132599,1100.0,1100.0,1100.0,1100.0
102044999,-0.9957531125805776,-0.05862693687176833,-0.04755854048886532,0.0526954104803643,0.019017180427908897,0.01817614585161209,0.06881237775087357,1100.0,1100.0,1100.0,1100.0
102144959,-0.9956482100206443,-0.059583327123431104,-0.048445011683709266,0.05279725233906036,0.020112784579396248,0.01869169808924198,0.06784604489803314,1100.0,1100.0,1100.0,1100.0
102244919,-0.9955402172889359,-0.0605582280868064,-0.04933143295598916,0.052903558422787975,0.02238161489367485,0.017989369109272957,0.06622883677482605,1100.0,1100.0,1100.0,1100.0
102344879,-0.9954194762324636,-0.061577357869035745,-0.050369311045555566,0.05302101319055185,0.02195059321820736,0.02001621574163437,0.06516167521476746,1100.0,1100.0,1100.0,1100.0
102444839,-0.9953088772058648,-0.062499379224709134,-0.051297040977010565,0.05312890116245348,0.026332225650548935,0.024586591869592667,0.06657227873802185,1100.0,1100.0,1100.0,1100.0
102544799,-0.9952002600390815,-0.06341854385047135,-0.052159660651573875,0.05323439221727789,0.020153038203716278,0.017627937719225883,0.0696806088089943,1100.0,1100.0,1100.0,1100.0
102644759,-0.9950856580663854,-0.06441212202402789,-0.053007337723892996,0.05334635689881434,0.021962199360132217,0.01980450004339218,0.06564010679721832,1100.0,1100.0,1100.0,1100.0
102744719,-0.9949641576413605,-0.06542981614208729,-0.053915337217653694,0.05346401202058569,0.02601720206439495,0.01896251179277897,0.07085345685482025,1100.0,1100.0,1100.0,1100.0
102845512,-0.9948478934435415,-0.06645843930468152,-0.05468564172379983,0.05357635061657257,0.025045322254300117,0.02026662416756153,0.06538362056016922,1100.0,1100.0,1100.0,1100.0
102945472,-0.9947201879460722,-0.0675281233846712,-0.05557208818651102,0.05369770255109879,0.026712968945503235,0.02096092887222767,0.06287961453199387,1100.0,1100.0,1100.0,1100.0
103045432,-0.9945918865798612,-0.06855421780325202,-0.056488029795645975,0.05381822052709719,0.021310536190867424,0.020810017362236977,0.07079380750656128,1100.0,1100.0,1100.0,1100.0
103145392,-0.994466172109842,-0.0695643818820576,-0.057343834464784124,0.053939910562039645,0.02354484796524048,0.016902556642889977,0.06509815901517868,1100.0,1100.0,1100.0,1100.0
103245352,-0.9943397258017486,-0.07056042574356003,-0.05819771814912561,0.05406257128204337,0.022762898355722427,0.020513758063316345,0.06896437704563141,1100.0,1100.0,1100.0,1100.0
103345312,-0.9942127172871971,-0.0715458275986446,-0.05904427712314662,0.05418524408580428,0.02471979334950447,0.016533879563212395,0.0675516203045845,1100.0,1100.0,1100.0,1100.0
103445272,-0.9940817749075985,-0.07255263516680689,-0.05989675702562655,0.054313151489524016,0.02333625964820385,0.018823565915226936,0.06680522114038467,1100.0,1100.0,1100.0,1100.0
103545232,-0.9939579338190521,-0.07352307312586615,-0.06065412985438357,0.05443399716994142,0.021014276891946793,0.014834616333246231,0.07120383530855179,1100.0,1100.0,1100.0,1100.0
103645192,-0.9938339840852815,-0.07440008610136807,-0.06150049277615641,0.05455573896095027,0.02146999165415764,0.01724165678024292,0.06864545494318008,1100.0,1100.0,1100.0,1100.0
103745152,-0.9937137352416576,-0.0752677533938052,-0.062275428355822046,0.05467676576225785,0.021661857143044472,0.01962062530219555,0.06223536655306816,1100.0,1100.0,1100.0,1100.0
103845112,-0.9935743653937807,-0.07627358970749117,-0.06315019616434772,0.05481215804804221,0.0249459370970726,0.02247900515794754,0.06761298328638077,1100.0,1100.0,1100.0,1100.0
103945072,-0.9934242958327122,-0.07727104908340023,-0.06416568297045183,0.05495560528068385,0.02236088365316391,0.020584702491760254,0.06772485375404358,1100.0,1100.0,1100.0,1100.0
104045032,-0.9932752289789026,-0.07829418846967869,-0.06510009226153561,0.05510279064006102,0.020799506455659866,0.022631309926509857,0.06764204800128937,1100.0,1100.0,1100.0,1100.0
104144992,-0.993144404811913,-0.07919347560888876,-0.06589327013237664,0.05523279427149373,0.025179170072078705,0.018899358808994293,0.0646393746137619,1100.0,1100.0,1100.0,1100.0
104244952,-0.9930076289776413,-0.08009654552945743,-0.06674328739310476,0.05536899650898597,0.02424761652946472,0.02096482366323471,0.0681903138756752,1100.0,1100.0,1100.0,1100.0
104344912,-0.9928603347457039,-0.08098788538783178,-0.06773113686271148,0.05551406315827647,0.025459982454776764,0.02227041684091091,0.06615769118070602,1100.0,1100.0,1100.0,1100.0
104444872,-0.9927192787864673,-0.08194834185239208,-0.06852581356860744,0.05565173553520408,0.023520415648818016,0.021366391330957413,0.06854426860809326,1100.0,1100.0,1100.0,1100.0
104544832,-0.9925787700677446,-0.08286492546696918,-0.06934084034362757,0.055791013600728294,0.028841039165854454,0.021904701367020607,0.0666913241147995,1100.0,1100.0,1100.0,1100.0
104644792,-0.9924449084558149,-0.08372074217680661,-0.07011927948731314,0.05592162062810697,0.022798696532845497,0.020357390865683556,0.06767064332962036,1100.0,1100.0,1100.0,1100.0
104744752,-0.9923130176921345,-0.08453414444756281,-0.07090019114191569,0.05605369066607556,0.023802101612091064,0.01903396099805832,0.06442482024431229,1123.0,1123.0,1123.0,1123.0
104844712,-0.9921915238187373,-0.08526835912787625,-0.07162070551860107,0.05617616518515096,0.022094953805208206,0.01760982722043991,0.06226220726966858,1150.0,1150.0,1150.0,1150.0
104945505,-0.9920676945257376,-0.0860226150100844,-0.07233460955029763,0.05629834319427675,0.019541369751095772,0.01661900244653225,0.06926282495260239,1246.0,1243.0,1244.0,1247.0
105045465,-0.9919380493242111,-0.08682530247980023,-0.07304914934329299,0.05642778510974372,0.02250530570745468,0.020624421536922455,0.06395270675420761,1323.0,1320.0,1321.0,1323.0
105145425,-0.9918162073125862,-0.08758481669192138,-0.07369923775582404,0.056550271010226555,0.025192324072122574,0.020468221977353096,0.0655723437666893,1386.0,1384.0,1385.0,1387.0
105245385,-0.9916826822675705,-0.08842201801693778,-0.07439083979403713,0.056683395938733484,0.025092713534832,0.02279457449913025,0.06237022206187248,1443.0,1441.0,1441.0,1443.0
105345345,-0.9915561874493826,-0.08921314650673667,-0.07503206913359313,0.056811356459286276,0.025671690702438354,0.02169175259768963,0.061272457242012024,1494.0,1492.0,1492.0,1494.0
105445305,-0.9914305977970119,-0.0899318150785712,-0.07573518539292254,0.056936983429340025,0.022589296102523804,0.02319013886153698,0.06510793417692184,1541.0,1539.0,1540.0,1541.0
105545265,-0.9913166434167577,-0.0906169234042627,-0.07632114642798223,0.05705232936171164,0.02375173382461071,0.02005886286497116,0.06319200992584229,1585.0,1584.0,1584.0,1585.0
105645225,-0.9912023211297957,-0.09126971257796086,-0.07693823079126215,0.057169107003279915,0.024879783391952515,0.02274603582918644,0.06512750685214996,1627.0,1626.0,1626.0,1627.0
105745185,-0.9911013115620291,-0.09187826453574383,-0.07743581919989095,0.0572736294534177,0.024864735081791878,0.021132057532668114,0.0638030543923378,1636.0,1632.0,1632.0,1636.0
105845145,-0.9909997665622443,-0.09239807364491223,-0.07803662472469244,0.05737894964064968,0.023179586976766586,0.022404147312045097,0.06531628966331482,1651.0,1647.0,1647.0,1651.0
105945105,-0.9908972959040925,-0.09299867115769833,-0.07854515200915792,0.05748439117463125,0.024564553052186966,0.021510718390345573,0.06415796279907227,1667.0,1663.0,1663.0,1667.0
106045065,-0.9908017529001543,-0.09351226263494271,-0.07906662161322325,0.057583092427783734,0.02233346365392208,0.02284744195640087,0.06595965474843979,1686.0,1682.0,1682.0,1686.0
106145025,-0.9907184048721435,-0.09393804333331837,-0.07953941447127408,0.05767293826284718,0.024907490238547325,0.025998126715421677,0.0634375661611557,1706.0,1701.0,1701.0,1705.0
106244985,-0.9906440050169357,-0.09436091736306275,-0.07990525497087728,0.05775485110746966,0.02209189161658287,0.019228322431445122,0.060998521745204926,1727.0,1722.0,1722.0,1727.0
106344945,-0.9983229323147365,-0.021401026349871444,-0.0175759395637121,0.05083704588320339,-2.065603494644165,-1.9772905111312866,0.07944328337907791,1669.0,1669.0,1669.0,1669.0
106444905,-0.9943174176585375,0.06832628173223541,0.060819935924026715,0.054454821271417944,-1.4956039190292358,-1.4403294324874878,0.08569585531949997,1555.0,1556.0,1556.0,1555.0
106544865,-0.9855826398582811,0.11850803241462791,0.10342796061536035,0.06233268184622665,-0.6365161538124084,-0.567444384098053,0.0925045982003212,1547.0,1547.0,1547.0,1547.0
106644825,-0.9837810963169066,0.12623695640990235,0.11022262983381219,0.06395277350035908,0.12634296715259552,0.0886874571442604,0.08954792469739914,1589.0,1589.0,1589.0,1589.0
106744785,-0.9883985629146101,0.10386673821898905,0.09330717440331183,0.059780872567664754,0.6745836734771729,0.6149979829788208,0.09180547297000885,1627.0,1627.0,1627.0,1627.0
106844745,-0.9947750393942333,0.06300267635159605,0.05946724167444623,0.054008619111867114,0.900844156742096,0.827229380607605,0.08497679978609085,1645.0,1645.0,1645.0,1645.0
106944705,-0.9985729276086004,0.009842871165282138,0.01409083979285622,0.05056356759906023,1.1128267049789429,1.0647993087768555,0.08058140426874161,1649.0,1648.0,1648.0,1649.0
107045498,-0.9974138245518167,-0.04085377226003462,-0.028897179592197602,0.051590550458968605,0.9093900322914124,0.8315026760101318,0.0793367549777031,1647.0,1647.0,1647.0,1647.0
107145458,-0.9929122541118282,-0.08315934194940543,-0.06415044188366244,0.05562823282507854,0.832089364528656,0.8178896903991699,0.0810975655913353,1647.0,1646.0,1647.0,1647.0
107245418,-0.9873736869467034,-0.11536164252779144,-0.09007617058386558,0.06059024056322979,0.5600799918174744,0.48162639141082764,0.07403592765331268,1649.0,1649.0,1649.0,1649.0
107345378,-0.9815521612283316,-0.1406935120105084,-0.1114752612590128,0.06583279269008144,0.5956328511238098,0.5366764664649963,0.06839652359485626,1653.0,1652.0,1652.0,1653.0
107445338,-0.9771387449214919,-0.1568215523275956,-0.12542976889085297,0.06981580748513991,0.2289818972349167,0.18552282452583313,0.07512304186820984,1656.0,1656.0,1656.0,1655.0
107545298,-0.9732329725087127,-0.17083843241037688,-0.13513016359266758,0.07329154194611597,0.325370728969574,0.1229613795876503,0.07953602820634842,1658.0,1658.0,1658.0,1658.0
107645258,-0.9710362800300534,-0.17725783695210928,-0.1414227415538231,0.07528486086761246,0.22940082848072052,0.019609244540333748,0.08131381124258041,1660.0,1660.0,1660.0,1660.0
107745218,-0.9699858330932142,-0.1806429211211064,-0.1438274019911074,0.07621874496333199,0.03908028081059456,0.11705177277326584,0.0805843397974968,1661.0,1662.0,1661.0,1662.0
107845178,-0.9695071663282904,-0.18479520293379742,-0.14160971041207046,0.07650671426584098,0.05036633834242821,-0.05283114314079285,0.08690646290779114,1663.0,1663.0,1663.0,1663.0
107945138,-0.9702310550846129,-0.18111735595659564,-0.1417115130800529,0.0759345124515363,-0.08544383198022842,0.06528954207897186,0.07979797571897507,1664.0,1664.0,1664.0,1664.0
108045098,-0.9703377055914181,-0.17759483398223772,-0.13777215640259038,0.08901485814505422,-0.11342421174049377,-0.05002901330590248,0.07664050906896591,1661.0,1661.0,1661.0,1661.0
108145058,-0.9724220868534555,-0.1681538179316628,-0.13600410248744865,0.08730671578498092,-0.21601569652557373,-0.03235017880797386,0.07257065922021866,1654.0,1654.0,1654.0,1654.0
108245018,-0.974914697360099,-0.15741689558505503,-0.13229182165697254,0.08520638343639764,-0.2159140706062317,-0.11536206305027008,0.0727672204375267,1649.0,1648.0,1648.0,1649.0
108344978,-0.9778479582348858,-0.14616345391395977,-0.1250076380078459,0.08259967164284833,-0.22130542993545532,-0.14794309437274933,0.07984239608049393,1644.0,1644.0,1644.0,1644.0
108444938,-0.9802477367290334,-0.13568027641343658,-0.11932695099322374,0.08041340682151062,-0.22283317148685455,-0.15430276095867157,0.08199113607406616,1640.0,1640.0,1640.0,1640.0
108544898,-0.9823334345931601,-0.12562559705459736,-0.11436644282783431,0.0784827968410221,-0.04202745482325554,-0.03070731833577156,0.06362888962030411,1637.0,1637.0,1637.0,1638.0
108644858,-0.9836975331712711,-0.11630120145160676,-0.11339815768047826,0.07716250130952472,-0.2582407593727112,-0.0944279357790947,0.03603282943367958,1635.0,1635.0,1635.0,1635.0
108744818,-0.9844856305135484,-0.1102403759099624,-0.11316576831302139,0.07634534506893641,-0.055678337812423706,0.08960948884487152,0.017639927566051483,1633.0,1633.0,1634.0,1634.0
108844778,-0.984848658687211,-0.1054240176430536,-0.11489499604738249,0.07588172289339849,-0.15601763129234314,0.07438138872385025,-0.006987239699810743,1632.0,1633.0,1633.0,1633.0
108944738,-0.9854773692665257,-0.09896767387120574,-0.11573556900960091,0.07513342969726877,-0.10774553567171097,0.10071033984422684,-0.036025092005729675,1632.0,1632.0,1632.0,1632.0
109044698,-0.986224815408461,-0.0927079374822406,-0.11508976493421784,0.07429803367332642,-0.07797321677207947,0.01598251424729824,-0.01909571699798107,1632.0,1632.0,1632.0,1632.0
109145491,-0.9868805310733368,-0.08742694857700128,-0.11408458084657028,0.07353947554875105,-0.055061981081962585,0.014425491914153099,-0.004374451003968716,1632.0,1632.0,1632.0,1632.0
109245451,-0.9873183884920909,-0.08346889777587457,-0.11361479478824646,0.07298644569155328,-0.03276575729250908,0.021253492683172226,-0.02005601115524769,1632.0,1632.0,1633.0,1633.0
109345411,-0.9869281559365032,-0.08601398999317184,-0.11486115936126885,0.07335749869926673,0.24640348553657532,0.10874246805906296,-0.08437975496053696,1632.0,1632.0,1633.0,1633.0
109445371,-0.9852666089634943,-0.10106402129312608,-0.11562579291713303,0.07527581865329584,0.3587762415409088,-0.0038751582615077496,-0.08441684395074844,1633.0,1633.0,1634.0,1634.0
109545331,-0.9839572911912027,-0.11292227651325157,-0.11486625558213576,0.07669649214452377,0.2284318506717682,0.06511240452528,-0.10207121819257736,1629.0,1629.0,1629.0,1629.0
109645291,-0.9833400866257079,-0.1192403915418493,-0.11330816377811317,0.07736448203875014,0.11527559161186218,-0.016297373920679092,-0.10065146535634995,1621.0,1621.0,1622.0,1622.0
109745251,-0.9829351731731671,-0.12277591857218398,-0.1127705591608398,0.07776451725783423,0.11211014539003372,0.06545313447713852,-0.0853080078959465,1615.0,1615.0,1615.0,1615.0
109845211,-0.9826229677098791,-0.12418652320911455,-0.1137332691307496,0.0780676262934549,0.04735928028821945,0.06066010147333145,-0.07531627267599106,1609.0,1609.0,1609.0,1609.0
109945171,-0.9824323929857316,-0.12471349504091506,-0.11467609273100673,0.07824660454587397,0.05897185578942299,0.08369666337966919,-0.06907018274068832,1604.0,1604.0,1604.0,1604.0
110045131,-0.9817823225451353,-0.12723751070125566,-0.11703890951180952,0.07884149078191133,-0.002109081018716097,0.03462142124772072,-0.06232577934861183,1599.0,1600.0,1600.0,1600.0
110145091,-0.9809088776987333,-0.13063489007794746,-0.12005281937035937,0.0796217288644384,0.10640927404165268,0.13353388011455536,-0.05105440691113472,1596.0,1596.0,1596.0,1596.0
110245051,-0.9803433008410929,-0.13299232716685566,-0.12172614654893957,0.08014236493316523,0.02560194954276085,0.07727109640836716,-0.04420708492398262,1593.0,1593.0,1593.0,1594.0
110345011,-0.980056636563098,-0.13595209605976044,-0.12057087989418469,0.08042810222258936,0.17811784148216248,0.014373085461556911,-0.04287688434123993,1591.0,1591.0,1591.0,1591.0
110444971,-0.9802953173526909,-0.1380992766747347,-0.11624076585438661,0.08023568353225413,-0.02983512170612812,-0.10931061208248138,-0.0338468924164772,1589.0,1589.0,1589.0,1589.0
110544931,-0.9812276986290278,-0.13589313892576182,-0.11143314634156062,0.07942236544265009,-0.06901010125875473,-0.024432186037302017,-0.017686469480395317,1588.0,1588.0,1588.0,1588.0
110644891,-0.9821072273753318,-0.1335862249795594,-0.10693372464783066,0.0786466335311999,-0.009872390888631344,-0.05480277165770531,-0.00597724411636591,1587.0,1586.0,1586.0,1587.0
110744851,-0.9834177237372425,-0.12915283153804485,-0.10102108819756622,0.07748462095503762,-0.03778501972556114,-0.08191131055355072,0.0017342893406748772,1585.0,1585.0,1585.0,1586.0
110844811,-0.9847536922186938,-0.12634248016566318,-0.09213184464438566,0.07621985679376415,-0.022073829546570778,-0.18539723753929138,0.0024155855644494295,1585.0,1585.0,1585.0,1585.0
110944771,-0.9855237396525984,-0.12626783376141656,-0.08437569684226104,0.07536666717282572,0.02719533070921898,-0.09219558537006378,0.01058428268879652,1584.0,1584.0,1584.0,1584.0
111044731,-0.986255125848275,-0.12603448584788743,-0.0765996546358536,0.07448911346451775,0.0479954294860363,-0.16514088213443756,0.01546984538435936,1583.0,1583.0,1583.0,1583.0
111145524,-0.9873570116673299,-0.1248176094142845,-0.06485198291492886,0.07308157225638405,-0.09050684422254562,-0.20416805148124695,0.01580420881509781,1582.0,1583.0,1582.0,1582.0
111245484,-0.9884465979952454,-0.11977393362732812,-0.05862893180350978,0.07204287675156776,-0.11858591437339783,-0.12438120692968369,0.02959580160677433,1582.0,1582.0,1582.0,1582.0
111345444,-0.9896887742585729,-0.1127880071150565,-0.05253614211436301,0.07095737684918342,-0.07915506511926651,-0.08661399781703949,0.02716195397078991,1581.0,1581.0,1581.0,1581.0
111445404,-0.9906405295645492,-0.1069503546011672,-0.04767982639031188,0.07013983882319716,-0.17217451333999634,-0.17634911835193634,0.029206298291683197,1580.0,1580.0,1581.0,1580.0
111545364,-0.9918238353088784,-0.09945405912635913,-0.04029768123314027,0.06906856538042211,-0.12617988884449005,-0.1815250664949417,0.030894745141267776,1580.0,1580.0,1580.0,1580.0
111645324,-0.9930698838474188,-0.08929350717171933,-0.03458787922024531,0.06813628976759763,-0.1831815540790558,-0.09905669093132019,0.035669174045324326,1579.0,1579.0,1579.0,1579.0
111745284,-0.9940189333219426,-0.07966827911258514,-0.031866350848434276,0.06755635561774403,-0.19719189405441284,0.021182682365179062,0.029432013630867004,1578.0,1578.0,1578.0,1578.0
111845244,-0.9946265980535599,-0.07140903941159214,-0.03295044513216795,0.06732716910956463,-0.10531555116176605,0.0051546781323850155,0.035696301609277725,1578.0,1577.0,1577.0,1578.0
111945204,-0.9950306497212967,-0.06440209428193039,-0.03535159692497522,0.06720595927571806,-0.12362385541200638,0.06852450221776962,0.035538893193006516,1577.0,1577.0,1577.0,1577.0
112045164,-0.9952806335689391,-0.06145736661645386,-0.03388561173012568,0.06701654906705624,-1.3060068340564612e-05,-0.022779610008001328,0.03523377701640129,1581.0,1581.0,1581.0,1581.0
112145124,-0.9954107609874224,-0.0601925915774575,-0.03253416438745541,0.06690139742367275,-0.047509390860795975,-0.049466464668512344,0.03878109157085419,1589.0,1589.0,1589.0,1589.0
112245084,-0.9956077956853416,-0.05810740361819269,-0.030589611636834005,0.06673022160337212,-0.01960052363574505,-0.05111279338598251,0.03667652606964111,1595.0,1595.0,1595.0,1595.0
112345044,-0.995787719165197,-0.05612576302310312,-0.02872088594290673,0.06657197455013494,0.004155269358307123,-0.023231612518429756,0.037085600197315216,1600.0,1600.0,1600.0,1600.0
112445004,-0.9958647268064706,-0.05516587726552866,-0.02804278455620769,0.06651145858070172,0.0170606579631567,-0.07159672677516937,0.034808773547410965,1604.0,1604.0,1604.0,1604.0
112544964,-0.9958121080916355,-0.055260595762100836,-0.0295136889354884,0.06658418805940268,0.010988546535372734,0.13033713400363922,0.04111684113740921,1607.0,1607.0,1607.0,1607.0
112644924,-0.9958573902528931,-0.05336469386623605,-0.03136806231407995,0.06660564836348076,-0.0551648810505867,0.02034454420208931,0.04266159236431122,1609.0,1609.0,1609.0,1609.0
112744884,-0.9955448982928127,-0.05509387195745233,-0.03707941017062385,0.06693383372620884,0.050910834223032,0.1476319581270218,0.044701606035232544,1611.0,1611.0,1611.0,1611.0
112844844,-0.994984057294645,-0.05778254506617202,-0.04598450052658308,0.06747835894924509,0.046474359929561615,0.17665673792362213,0.04556833952665329,1611.0,1611.0,1611.0,1611.0
112944804,-0.9946499886520486,-0.05961274160592542,-0.050234763374610594,0.06778045191205083,0.023101365193724632,0.11286609619855881,0.0344068817794323,1612.0,1612.0,1612.0,1612.0
113044764,-0.9943346595184772,-0.06082624581506648,-0.054444648229073536,0.0680774043242817,0.11968031525611877,0.1141725406050682,0.007317523472011089,1612.0,1612.0,1611.0,1612.0
113144724,-0.9942278735052871,-0.06182377946839798,-0.05512973760702309,0.06818700659787512,-0.06676273792982101,-0.04500133916735649,0.02492484077811241,1611.0,1612.0,1612.0,1611.0
113245517,-0.9938363077168643,-0.06624550546728818,-0.05660937705921484,0.06852959140445444,0.13824912905693054,0.03239477798342705,0.04159609228372574,1611.0,1611.0,1611.0,1611.0
113345477,-0.9933666565233951,-0.07090689752046106,-0.05868336901695413,0.06892865726513335,0.026937590911984444,0.14653103053569794,0.045326121151447296,1610.0,1611.0,1610.0,1611.0
113445437,-0.9929901956978417,-0.07431472091680331,-0.06044516746658196,0.0692399829069634,0.11102697253227234,0.02077348530292511,0.05389940366148949,1610.0,1610.0,1610.0,1610.0
113545397,-0.9926619903542167,-0.07743803677567351,-0.06160459253254013,0.06950106146840081,-0.028862109407782555,0.0860074982047081,0.05245134234428406,1609.0,1610.0,1610.0,1610.0
113645357,-0.9920833053625224,-0.07784129037550844,-0.06934602125732574,0.07001841236008155,-0.010727925226092339,0.2611205279827118,0.04432917758822441,1609.0,1609.0,1609.0,1610.0
113745317,-0.9914110573855192,-0.07752335501574945,-0.07821602482098215,0.07054429942973665,-0.00048266223166137934,0.1798698753118515,0.04587716981768608,1609.0,1609.0,1609.0,1609.0
113845277,-0.9909784790610975,-0.07724407590266714,-0.08352115163974488,0.07084648194841946,0.00824663881212473,0.0988021194934845,0.023234335705637932,1608.0,1608.0,1608.0,1609.0
113945237,-0.9908087076503272,-0.07692968891500744,-0.08568414183733085,0.0709799665069579,0.010055305436253548,0.11145184189081192,-0.00941649079322815,1608.0,1608.0,1608.0,1608.0
114045197,-0.9909204978361538,-0.07670570746280615,-0.08462884215768345,0.0709278540901208,0.014239456504583359,-0.005750611890107393,0.002228452591225505,1608.0,1608.0,1608.0,1608.0
114145157,-0.9907877608448388,-0.07934568792675233,-0.08358784335067738,0.07111221562772246,0.17176465690135956,-0.047117725014686584,0.028511805459856987,1608.0,1607.0,1608.0,1607.0
114245117,-0.989928289999798,-0.08780840019261522,-0.08460223156099317,0.07193141127900533,0.18666385114192963,0.10343123972415924,0.043284982442855835,1607.0,1608.0,1607.0,1608.0
114345077,-0.9892021610311219,-0.09564709031161167,-0.08404474753621384,0.07257547201262292,0.06385466456413269,0.046672772616147995,0.05513211712241173,1607.0,1608.0,1607.0,1607.0
114445037,-0.9886754741826884,-0.10204637197757553,-0.08234282345373059,0.0729863284562137,0.13393917679786682,-0.07640457153320312,0.04281434416770935,1607.0,1607.0,1608.0,1607.0
114544997,-0.9880898483001798,-0.10672907693592702,-0.08300957537267531,0.07346268589550002,0.13646456599235535,0.14867885410785675,0.011584537103772163,1608.0,1607.0,1607.0,1608.0
114644957,-0.9880033593275388,-0.10645811258595901,-0.08429428520536406,0.073556139810693,-0.07195229083299637,0.09798313677310944,0.020896458998322487,1607.0,1608.0,1608.0,1607.0
114744917,-0.9875145317162609,-0.10764876135507,-0.08803878092702298,0.07399977622139707,0.023017309606075287,0.007506771013140678,0.0274470467120409,1608.0,1607.0,1608.0,1607.0
114844877,-0.9871837576532164,-0.1088680421108163,-0.08998392409687495,0.07428910712049881,0.10767142474651337,-0.03306622430682182,0.028113000094890594,1608.0,1607.0,1608.0,1608.0
114944837,-0.9871381778899169,-0.11102190865968509,-0.08782302109672122,0.0742931390855208,0.1447240114212036,-0.013742683455348015,0.01699950359761715,1608.0,1608.0,1608.0,1608.0
115044797,-0.9868685912288726,-0.11468264697178322,-0.08598607975266279,0.07446252895419586,0.09357433021068573,-0.006471643690019846,0.028077658265829086,1608.0,1608.0,1608.0,1608.0
115144757,-0.9866661504012756,-0.11748697808044932,-0.08442684575107905,0.07455753047395759,0.0785541832447052,-0.0004532070306595415,0.03427508845925331,1608.0,1608.0,1608.0,1608.0
115244717,-0.985653101329435,-0.12002986109338167,-0.09152755474883795,0.07552154002182913,0.041885197162628174,0.20456664264202118,0.02934117615222931,1608.0,1608.0,1609.0,1608.0
115345510,-0.9848656261257664,-0.11938987153872593,-0.09982031660804834,0.07629981285781398,-0.05884834751486778,0.06613410264253616,0.01913156546652317,1608.0,1609.0,1609.0,1608.0
115445470,-0.9842089563598846,-0.11920740137600891,-0.10587867417996534,0.07688973944590205,0.07397423684597015,0.18504475057125092,0.020252937451004982,1609.0,1608.0,1608.0,1609.0
115545430,-0.9841667213235905,-0.11687914105683202,-0.10881680790939201,0.0769027524956149,-0.0850742980837822,0.0643034428358078,0.01970408670604229,1608.0,1609.0,1609.0,1608.0
115645390,-0.9838038673551538,-0.11770964341768665,-0.11096370727404686,0.07721040144646078,0.09672307223081589,0.03653937578201294,0.019279975444078445,1609.0,1608.0,1608.0,1609.0
115745350,-0.9837292578053359,-0.11793496825303991,-0.11134257384567327,0.07727174030872062,0.035676177591085434,0.11060957610607147,0.022464970126748085,1608.0,1609.0,1608.0,1609.0
115845310,-0.9836848060626086,-0.11938997408881694,-0.11013816957928019,0.07732929593863934,0.0581902340054512,-0.06831427663564682,0.014101866632699966,1609.0,1608.0,1609.0,1608.0
115945270,-0.9835325583540566,-0.11972261420510023,-0.11103999463132952,0.07746174473696849,0.03524984419345856,0.1267845779657364,0.015932293608784676,1608.0,1609.0,1608.0,1609.0
116045230,-0.9836281786246511,-0.11961775364694169,-0.1103581170445202,0.07738401146489492,0.03303235396742821,-0.023218082264065742,0.011490296572446823,1609.0,1608.0,1609.0,1608.0
116145190,-0.983768173900041,-0.11973003570004245,-0.10906493397167223,0.0772640844791425,0.08137592673301697,-0.059547845274209976,0.016063913702964783,1608.0,1609.0,1609.0,1609.0
116245150,-0.9840104607099536,-0.1198276712540999,-0.10689666925867788,0.07705741052361727,-0.04464918375015259,-0.012628158554434776,0.010934959165751934,1608.0,1609.0,1609.0,1609.0
116345110,-0.983918353549595,-0.12071233590828766,-0.10668284362437779,0.0771490530339514,0.08264213800430298,0.025781193748116493,-0.010526411235332489,1609.0,1609.0,1609.0,1609.0
116445070,-0.9837846166467984,-0.12190608748959147,-0.10645458349762091,0.07729266158206756,0.0981401577591896,0.025563668459653854,-0.022954164072871208,1609.0,1608.0,1609.0,1609.0
116545030,-0.9837084659336526,-0.12280169420174877,-0.1060620695756818,0.07738368916615088,0.08050473779439926,0.026858029887080193,-0.01847822591662407,1609.0,1609.0,1609.0,1609.0
116644990,-0.9834729798379752,-0.12485653624143096,-0.10568851931237067,0.07759948564239705,0.06974345445632935,0.026145555078983307,-0.0035362334456294775,1609.0,1609.0,1609.0,1609.0
116744950,-0.9833261146209935,-0.12632459371568472,-0.10522027677295495,0.07772092821609015,0.062164049595594406,0.027212219312787056,0.011350720189511776,1609.0,1609.0,1609.0,1609.0
116844910,-0.9832071299363606,-0.12748576142908255,-0.1048647331352731,0.07781071918199677,0.054568465799093246,0.025737179443240166,0.019743911921977997,1609.0,1609.0,1609.0,1609.0
116944870,-0.9831661556673357,-0.12816453370013045,-0.10441223347162348,0.07782190021586362,0.04676883667707443,0.027846472337841988,0.032623253762722015,1609.0,1609.0,1609.0,1609.0
117044830,-0.9831171922942257,-0.1288507803869911,-0.10401885514107723,0.07783405671248078,0.048842985183000565,0.02588910423219204,0.03620442375540733,1609.0,1609.0,1609.0,1609.0
117144790,-0.9831305367010787,-0.12910246174420403,-0.10361541961255422,0.07778654765413784,0.04112424701452255,0.028517385944724083,0.04178699851036072,1609.0,1609.0,1609.0,1609.0
117244750,-0.9832502293318411,-0.12929927778733452,-0.10233909105150067,0.07763629129027297,0.03925563767552376,0.0245145745575428,0.0421651229262352,1609.0,1609.0,1609.0,1610.0
117344710,-0.9836535513847768,-0.12902978508673363,-0.09905987124726572,0.07722789209257647,0.03603196144104004,-0.10244002938270569,0.013330183923244476,1609.0,1609.0,1610.0,1609.0
117445503,-0.9837747111129277,-0.1289206517959669,-0.09808201104068297,0.07711486513892192,0.0330539233982563,-0.0426727831363678,-0.0014052663464099169,1609.0,1609.0,1609.0,1609.0
117545463,-0.983685648144769,-0.1287278289116897,-0.09914385366157016,0.07721520561924218,0.03283326327800751,0.14586785435676575,-0.006381035316735506,1609.0,1609.0,1609.0,1610.0
117645423,-0.9837968903896919,-0.12836518718190257,-0.09856114746894026,0.07714763372219202,0.01552135031670332,-0.00530698336660862,-0.03778820112347603,1609.0,1610.0,1610.0,1609.0
117745383,-0.9841296647210491,-0.126561242208109,-0.0977663676905188,0.07689468340124875,-0.0450696125626564,-0.08253373205661774,-0.012956068851053715,1609.0,1609.0,1610.0,1609.0
117845343,-0.9839661235869451,-0.12669713652575224,-0.09909267957146908,0.07706584252963129,0.09689479321241379,0.11048674583435059,0.01061771996319294,1610.0,1609.0,1609.0,1610.0
117945303,-0.984244804855375,-0.1258109518438876,-0.0976436174458221,0.07680815375618606,-0.0301001388579607,-0.03503505140542984,0.02542988955974579,1609.0,1610.0,1610.0,1609.0
118045263,-0.9839102603374134,-0.12836417919702997,-0.09749287644132253,0.07706086000709596,0.11482606828212738,0.007757887244224548,0.028657091781497,1610.0,1609.0,1609.0,1610.0
118145223,-0.9842569753784002,-0.12729035104971653,-0.09564481288736204,0.07672967298473825,0.07333645224571228,0.09636525064706802,0.033167775720357895,1609.0,1610.0,1609.0,1610.0
118245183,-0.9844897857363925,-0.1265806585989964,-0.09436261672933759,0.07650421696448272,-0.10711176693439484,-0.0295973289757967,0.03498503938317299,1609.0,1610.0,1610.0,1609.0
118345143,-0.9849930162843795,-0.12464613040185743,-0.09202537369301925,0.07604887010011115,-0.047689419239759445,-0.04019895941019058,0.008419524878263474,1609.0,1610.0,1610.0,1610.0
118445103,-0.9851072139966816,-0.12502132156862414,-0.09037409651522103,0.07593397634780273,0.09215734899044037,0.0176499355584383,-0.01927351765334606,1610.0,1609.0,1610.0,1609.0
118545063,-0.985176538118929,-0.12332718493909478,-0.09191720998849402,0.07595275309646018,0.03219718486070633,0.1425035446882248,0.003563571022823453,1610.0,1610.0,1609.0,1610.0
118645023,-0.9853290124838042,-0.12185630662045217,-0.09232900852171126,0.07584940263384723,-0.05927211046218872,-0.034077391028404236,0.03330286592245102,1610.0,1610.0,1610.0,1609.0
118744983,-0.9853718760785714,-0.12087549932320402,-0.09318228366607954,0.075818477349107,0.11961968243122101,0.11574266105890274,0.05107204616069794,1610.0,1609.0,1609.0,1610.0
118844943,-0.9856128700368378,-0.11878396038417904,-0.09348782659425464,0.07561525938512664,-0.014572547748684883,0.09216999262571335,0.0474030040204525,1609.0,1610.0,1610.0,1610.0
118944903,-0.9861878176628949,-0.11558287787883455,-0.09182061644805141,0.07512097596306344,-0.15461452305316925,0.0011134941596537828,0.012498763389885426,1609.0,1610.0,1610.0,1610.0
119044863,-0.9864361297612879,-0.11459690234775712,-0.09053899540256859,0.07492664536307456,0.03700454905629158,0.004361262079328299,-0.017500488087534904,1610.0,1609.0,1610.0,1610.0
119144823,-0.9864542724291904,-0.11424566837764667,-0.09076845419336078,0.0749465368545428,0.15457779169082642,0.14242872595787048,-0.0058307102881371975,1610.0,1610.0,1609.0,1610.0
119244783,-0.9863888054800914,-0.11492284889082632,-0.09057993832058403,0.07500091999578394,0.04686102643609047,0.007816564291715622,0.03422926366329193,1610.0,1610.0,1610.0,1610.0
119344743,-0.9863120901482286,-0.11530655453553189,-0.09088651307281781,0.07504999034005048,0.0468057245016098,0.0489041730761528,0.04598453268408775,1610.0,1610.0,1610.0,1610.0
119444703,-0.9861889589692059,-0.11572284961635043,-0.09161375088391462,0.07514306310555532,0.04023393988609314,0.0441734716296196,0.05052446573972702,1610.0,1610.0,1610.0,1610.0
119545496,-0.9861648232129328,-0.11570163298245732,-0.09189867290419555,0.07514457732295396,0.03618251159787178,0.03992133215069771,0.05263466387987137,1610.0,1610.0,1610.0,1610.0
119645456,-0.9861276900192529,-0.11576252852212637,-0.09221020510923358,0.0751564637351262,0.0346246138215065,0.03893972560763359,0.053370196372270584,1610.0,1610.0,1610.0,1610.0
119745416,-0.9861641533301744,-0.11549429067782323,-0.09220385220200611,0.07509847632620475,0.034620754420757294,0.036683790385723114,0.060195859521627426,1610.0,1610.0,1610.0,1610.0
119845376,-0.9865806842061652,-0.11515140672058495,-0.08844865773020368,0.07466955221032706,0.03082510270178318,-0.14866319298744202,0.0479920357465744,1610.0,1610.0,1611.0,1610.0
119945336,-0.9870413642127844,-0.11461398685884366,-0.08429423660285276,0.0742122700422819,0.030813083052635193,-0.04027958959341049,0.004504666198045015,1610.0,1610.0,1610.0,1611.0
120045296,-0.9877100503638482,-0.11093116482862514,-0.0818311130286553,0.07366683120984867,-0.125162735581398,-0.002439591335132718,-0.01832551509141922,1610.0,1610.0,1610.0,1610.0
120145256,-0.9886971710873014,-0.10365158582068462,-0.08011520369080184,0.07290957946940956,-0.06992285698652267,-0.07230964303016663,-0.03152238205075264,1611.0,1610.0,1611.0,1610.0
120245216,-0.9895469621036614,-0.09531295181760367,-0.0805688438678355,0.07225588145632453,-0.2235988825559616,0.06631144881248474,-0.004504954908043146,1610.0,1611.0,1610.0,1610.0
120345176,-0.9899240184535805,-0.09026673986242685,-0.08202912074232463,0.07192757964484435,-0.08975178748369217,0.1095324456691742,0.03920839726924896,1610.0,1610.0,1610.0,1611.0
120445136,-0.9898901144413452,-0.08925336150252244,-0.08352577902678367,0.07193638182289568,0.12000046670436859,0.09404540061950684,0.040012869983911514,1611.0,1610.0,1610.0,1610.0
120545096,-0.9899397598705039,-0.08874190998615572,-0.08353295732014948,0.07187760625458052,0.03351040184497833,-0.062227681279182434,0.03905973583459854,1610.0,1611.0,1611.0,1610.0
120645056,-0.9896043078209991,-0.09104596341450401,-0.08476922538573094,0.07216733967349459,-0.004239186178892851,0.047319088131189346,0.034612882882356644,1610.0,1610.0,1610.0,1611.0
120745016,-0.9892255457434875,-0.09440729784712755,-0.08522622117181901,0.07250222745871573,0.2124437391757965,0.14921846985816956,0.02999677136540413,1611.0,1610.0,1610.0,1611.0
120844976,-0.9890930789327936,-0.09662202178607816,-0.0841780220188892,0.07261629791034999,-0.023463720455765724,-0.09075179696083069,0.031066017225384712,1610.0,1611.0,1611.0,1610.0
120944936,-0.9888166375069137,-0.09928016669785808,-0.08413126256087887,0.07284941008600467,0.06746616959571838,0.036715298891067505,0.024204911664128304,1611.0,1610.0,1610.0,1611.0
121044896,-0.9886643270034277,-0.10129921115148639,-0.08340677247413754,0.07297005301076313,0.16568151116371155,0.0906931534409523,0.02431606501340866,1611.0,1610.0,1610.0,1611.0
121144856,-0.9886740127377963,-0.10156059510323778,-0.08298444132527728,0.0729570048532122,0.002769868355244398,0.10230784118175507,0.013978593051433563,1610.0,1611.0,1611.0,1611.0
121244816,-0.9882668820691094,-0.104156324887143,-0.08427681359971119,0.07333108809287227,-0.0026433898601680994,0.05644070357084274,-0.010156947188079357,1611.0,1611.0,1610.0,1611.0
121344776,-0.9883588492416592,-0.10479145596316936,-0.08246062300235832,0.07325149511706522,0.09143169224262238,-0.058153387159109116,0.0036714733578264713,1611.0,1610.0,1611.0,1610.0
121444736,-0.9886826624163528,-0.10255678910184747,-0.0816165906265693,0.07298924702260032,-0.06358025223016739,0.0050490438006818295,0.02562117949128151,1611.0,1611.0,1611.0,1611.0
121545529,-0.9891779562153435,-0.09903112295495062,-0.08033714041728804,0.07256549795522933,-0.0037422897294163704,-0.02880345657467842,0.040100738406181335,1611.0,1610.0,1611.0,1610.0
121645489,-0.98973860606135,-0.0936640845849091,-0.08029777845022226,0.07208881817983856,-0.0604994036257267,-0.04571438580751419,0.03749396279454231,1611.0,1611.0,1611.0,1611.0
121745449,-0.9904160813655523,-0.0893928822926884,-0.07729497952718814,0.07148695340970312,-0.04659401252865791,-0.03263856843113899,0.04059804975986481,1611.0,1611.0,1611.0,1611.0
121845409,-0.9911512635616458,-0.08337708079390163,-0.07516394309897403,0.07083654986131399,-0.16716842353343964,-0.021166188642382622,0.022450698539614677,1610.0,1611.0,1611.0,1611.0
121945369,-0.9916509315325333,-0.07949015239367525,-0.07316119484200978,0.0704072811034401,-0.008309924975037575,-0.011746590957045555,0.007547280285507441,1611.0,1611.0,1611.0,1611.0
122045329,-0.9919293275820544,-0.07777152144179678,-0.07144078326762256,0.07017131907945134,-0.004346541594713926,-0.01134056132286787,0.020624862983822823,1611.0,1611.0,1611.0,1611.0
122145289,-0.9921868381530847,-0.07609641761269237,-0.06987491835374039,0.06994361448593772,-0.0022513142321258783,-0.0033778618089854717,0.03149641677737236,1611.0,1611.0,1611.0,1611.0
122245249,-0.9923817182077305,-0.07485829649027191,-0.06861206398019534,0.06976493023020143,0.004547991789877415,0.000986221944913268,0.04143746942281723,1611.0,1611.0,1611.0,1611.0
122345209,-0.9925745801755524,-0.07356008139380542,-0.0674025657711381,0.06958096968374396,0.00988583080470562,0.004698095843195915,0.04145382344722748,1611.0,1611.0,1611.0,1611.0
122445169,-0.9927073571113852,-0.07265083440402975,-0.06656717551402226,0.06944617009895071,0.009917394258081913,0.007959631271660328,0.053446829319000244,1611.0,1611.0,1612.0,1611.0
122545129,-0.9922868605107776,-0.07208149655024834,-0.07284237025120446,0.06974979146153411,0.012301603332161903,0.19862964749336243,0.045890651643276215,1611.0,1611.0,1611.0,1611.0
122645089,-0.9913276658529152,-0.07211558561394545,-0.08433954444800049,0.07039632425398652,0.014514070935547352,0.28389593958854675,0.02395044080913067,1611.0,1611.0,1611.0,1612.0
122745049,-0.9907654190675578,-0.07184759106635343,-0.09065367559491891,0.07073697151405386,0.011562248691916466,0.1972436010837555,-0.0068855672143399715,1611.0,1611.0,1611.0,1612.0
122845009,-0.9906669214644446,-0.0698438412189721,-0.09327047285576807,0.07072133661916112,-0.08462926745414734,-0.02952609583735466,-0.020729051902890205,1611.0,1612.0,1612.0,1611.0
122944969,-0.9907435908134723,-0.0675165292931926,-0.09428415186480349,0.07056312238955337,0.011407596059143543,0.06911874562501907,0.009717701002955437,1612.0,1611.0,1611.0,1612.0
123044929,-0.991213943320999,-0.06444666501261087,-0.09177006748124951,0.0701412906159748,0.013071220368146896,-0.013561960309743881,0.03357689827680588,1611.0,1611.0,1611.0,1611.0
123144889,-0.9917591146984174,-0.06289042833053302,-0.08712953669014409,0.06976457749584918,-0.055682435631752014,-0.12999434769153595,0.03537038341164589,1611.0,1612.0,1612.0,1611.0
123244849,-0.9919854101543412,-0.06394147314420259,-0.08378553945056122,0.06968800063175278,0.12768642604351044,0.016936540603637695,0.0361921526491642,1612.0,1611.0,1611.0,1612.0
123344809,-0.992349243201434,-0.06465043252766142,-0.07895242634713734,0.06949687378168452,-0.017535535618662834,0.022316521033644676,0.029495179653167725,1611.0,1612.0,1611.0,1612.0
123444769,-0.9923905140478926,-0.06908013653081786,-0.0744510562676616,0.06961352300575567,0.14399318397045135,-0.11217440664768219,0.025203222408890724,1612.0,1611.0,1612.0,1611.0
123544729,-0.9925047265318432,-0.06959904033299044,-0.07248771251123688,0.06954044097908896,-0.061326298862695694,0.07003506273031235,0.019430793821811676,1611.0,1612.0,1611.0,1612.0
123645522,-0.9926669196102619,-0.07157445951612226,-0.06830814892347808,0.06945127966493386,0.07832159847021103,-0.10918332636356354,0.017404908314347267,1612.0,1611.0,1612.0,1611.0
123745482,-0.9926005552142121,-0.07386532332291479,-0.06674665361451812,0.06951932127187983,0.18448342382907867,-0.04593236744403839,0.014556833542883396,1612.0,1611.0,1612.0,1612.0
123845442,-0.9924599500266251,-0.07451635120291379,-0.06795992286233056,0.06965636999656884,0.05282090604305267,-0.043352097272872925,-0.012093751691281796,1611.0,1612.0,1612.0,1611.0
123945402,-0.9924875091742726,-0.07472074936901375,-0.06733554706333333,0.06965111519898871,-0.041651319712400436,0.08315033465623856,-0.0022328998893499374,1611.0,1612.0,1611.0,1612.0
124045362,-0.9926037038890949,-0.07484141301068291,-0.06556020162495725,0.06955939826586674,0.006494335830211639,0.00028642104007303715,0.0253844503313303,1612.0,1612.0,1612.0,1612.0
124145322,-0.9926432620380576,-0.07518536607118383,-0.06461859019518143,0.06950505636551575,0.0015173890860751271,-0.028704725205898285,0.04206074774265289,1612.0,1612.0,1612.0,1612.0
124245282,-0.9926118382259392,-0.0775796277654844,-0.06221801516998596,0.06951300998948529,0.17187151312828064,-0.01886715553700924,0.015313980169594288,1612.0,1611.0,1612.0,1612.0
124345242,-0.9925985466312949,-0.07935645645187167,-0.060166127594240865,0.06950334621553832,0.08740648627281189,-0.010968816466629505,0.015435149893164635,1612.0,1612.0,1612.0,1612.0
124445202,-0.992456136276677,-0.0808004894212078,-0.06045731414275396,0.06962048292498263,0.02690361998975277,0.04080553725361824,0.03076222725212574,1612.0,1612.0,1612.0,1612.0
124545162,-0.9922091643073845,-0.08105784206535391,-0.06380566890283783,0.06985296786831044,0.03534992039203644,0.0797862857580185,0.039299119263887405,1612.0,1612.0,1612.0,1612.0
124645122,-0.9918586187719782,-0.0831361513480418,-0.06619602287493626,0.07016371756342583,0.14494630694389343,0.06576722115278244,0.018388645723462105,1612.0,1612.0,1612.0,1612.0
124745082,-0.9919430705654501,-0.08043886745415403,-0.06828177930392976,0.07011513370856041,-0.02677617408335209,0.05978509038686752,0.02324947901070118,1612.0,1612.0,1612.0,1612.0
124845042,-0.9920007811466968,-0.07818406765271232,-0.07009041805076177,0.07006450647145851,-0.019023776054382324,0.050560157746076584,0.034111302345991135,1612.0,1612.0,1612.0,1612.0
124945002,-0.9920624561761212,-0.07624325167741443,-0.07141557844648275,0.06999189077750684,-0.011159801855683327,0.045909833163022995,0.03978652507066727,1612.0,1612.0,1612.0,1612.0
125044962,-0.9921057180840462,-0.07465935776277517,-0.07254107136169345,0.06992865942577933,-0.004807579331099987,0.040280066430568695,0.045650664716959,1612.0,1612.0,1612.0,1612.0
125144922,-0.9919938456664096,-0.07434826904483446,-0.0743018625310075,0.06999841622799756,0.05359655246138573,0.1492924988269806,0.03090503066778183,1612.0,1612.0,1612.0,1613.0
125244882,-0.9919456091863803,-0.07535300576438082,-0.07386131604444976,0.07007381058795106,0.04382181167602539,-0.05158090591430664,-0.0076255290769040585,1612.0,1612.0,1613.0,1612.0
125344842,-0.9914365102036617,-0.08156490258101859,-0.07361109974841114,0.07058483474488707,0.16615800559520721,-0.008167478255927563,-0.008211087435483932,1613.0,1612.0,1612.0,1612.0
125444802,-0.9911290559910914,-0.08478180083865851,-0.07382918060186805,0.07088365614455207,0.1009710282087326,0.10613150149583817,0.005352766718715429,1612.0,1613.0,1612.0,1613.0
125544762,-0.9910079325142239,-0.08643833931684207,-0.07342506911759908,0.0709961295783507,-0.04336141422390938,-0.04818524420261383,0.028201555833220482,1612.0,1613.0,1613.0,1612.0
125644722,-0.9911066753091323,-0.08773304359892957,-0.0706040005496779,0.0708910877679808,0.10366257280111313,0.024149766191840172,0.033554255962371826,1613.0,1612.0,1612.0,1613.0
125745515,-0.9917703371759304,-0.0852258656691148,-0.06473187293103386,0.07027044005648268,-0.10672396421432495,-0.08701780438423157,0.043654341250658035,1612.0,1613.0,1613.0,1612.0
125845475,-0.9920697824773056,-0.08555323105491354,-0.059895663375328256,0.0699335460299678,0.12249746173620224,-0.17092306911945343,0.04382016509771347,1613.0,1612.0,1613.0,1612.0
125945435,-0.9923836227883726,-0.08492021865267048,-0.0558639094426593,0.06958825552627525,0.08553515374660492,0.04254906252026558,0.04462115839123726,1613.0,1612.0,1612.0,1613.0
126045395,-0.9928972947362561,-0.08152834086879657,-0.05224876018905893,0.06912422729630911,-0.14052832126617432,-0.049110230058431625,0.031710729002952576,1612.0,1613.0,1613.0,1613.0
126145355,-0.9931625659738141,-0.07992055934397284,-0.049954321191035884,0.06888677330807884,-0.013404258526861668,-0.04532242938876152,0.018101196736097336,1613.0,1613.0,1613.0,1613.0
126245315,-0.9934734392929436,-0.07780190346480396,-0.047422935874817475,0.06861817827453667,0.04047780483961105,-0.03976225480437279,0.015235032886266708,1613.0,1612.0,1613.0,1612.0
126345275,-0.9935323050380822,-0.0771319581911203,-0.047321651356699905,0.068592136460337,0.09647876769304276,0.08940498530864716,0.03267413750290871,1613.0,1613.0,1612.0,1613.0
126445235,-0.9933389783323257,-0.07964685748288196,-0.047063290083145894,0.06869569815747277,0.043976277112960815,0.05629540979862213,0.06420975178480148,1613.0,1613.0,1613.0,1613.0
126545195,-0.9933162487642442,-0.07848849696308005,-0.04933847145373016,0.06876118832609197,-0.025053979828953743,0.15033569931983948,0.08827074617147446,1613.0,1613.0,1613.0,1613.0
126645155,-0.9932182844309622,-0.07572730613440472,-0.05502381137308942,0.06895792020950971,-0.09503091871738434,0.1235479786992073,0.05385550856590271,1612.0,1613.0,1613.0,1613.0
126745115,-0.9930636323213473,-0.07415639078720303,-0.0595242115869523,0.0691543209141649,-0.06064734235405922,0.10227178782224655,0.029462996870279312,1613.0,1613.0,1613.0,1613.0
126845075,-0.9930838477901135,-0.07053670482356846,-0.0634481056867686,0.06916200124183988,-0.04692535847425461,0.0836542621254921,0.03961874544620514,1613.0,1613.0,1613.0,1613.0
126945035,-0.9931016222742415,-0.06743510243731735,-0.0665108830033977,0.0691229139840532,-0.03468909487128258,0.07322898507118225,0.04510783404111862,1613.0,1613.0,1613.0,1613.0
127044995,-0.9930938597297886,-0.06497206383477241,-0.06907378445207019,0.06907987398302254,-0.022841906175017357,0.061857931315898895,0.0497051365673542,1613.0,1613.0,1613.0,1613.0
127144955,-0.9930898877092087,-0.0628585416307195,-0.07111433072398507,0.06902195766167502,-0.01581895723938942,0.056772951036691666,0.05365671217441559,1613.0,1613.0,1613.0,1613.0
127244915,-0.9931024477599961,-0.06108237611046682,-0.07254373658643606,0.0689483710023772,-0.009389141574501991,0.03503734618425369,0.05449417978525162,1613.0,1613.0,1613.0,1613.0
127344875,-0.9935831570613683,-0.0592046628706673,-0.06770757567461974,0.06857843753397083,-0.004452869761735201,-0.14844539761543274,0.054094526916742325,1613.0,1613.0,1613.0,1613.0
127444835,-0.9944098716688389,-0.058285305518002005,-0.05596880055613748,0.06796560639429264,0.0994650200009346,-0.26278120279312134,0.05329623445868492,1613.0,1613.0,1613.0,1613.0
127544795,-0.9945392300030169,-0.0660718203093377,-0.04399337528187181,0.0677555715592853,0.23061402142047882,-0.23470550775527954,0.034035004675388336,1613.0,1613.0,1614.0,1613.0
127644755,-0.9941340189417129,-0.07480392073566622,-0.03869998497690441,0.06785452813304069,0.18887394666671753,-0.0314367450773716,-0.0002905164728872478,1613.0,1613.0,1613.0,1614.0
127744715,-0.9936869231467401,-0.08016506672210764,-0.03894446229437599,0.06814095465435396,0.029046058654785156,0.17900393903255463,0.010205496102571487,1613.0,1614.0,1613.0,1614.0
127845508,-0.9932313434512384,-0.08398424753471857,-0.04172362381451331,0.06853673298210365,0.0957406684756279,0.06570053100585938,0.03699216991662979,1614.0,1613.0,1613.0,1613.0
127945468,-0.9930492696594594,-0.08352785920029043,-0.04623169442096969,0.06883948864711974,0.002846327843144536,0.011136362329125404,0.07069816440343857,1613.0,1614.0,1614.0,1613.0
128045428,-0.9927794397838976,-0.08256497426661268,-0.052702700587022915,0.06924185379926408,-0.08616448938846588,0.15598510205745697,0.0634705051779747,1613.0,1614.0,1613.0,1614.0
128145388,-0.9925764030735538,-0.08183287997684018,-0.05713319075442433,0.06950728257154563,0.06520917266607285,0.2170075923204422,0.049740709364414215,1614.0,1613.0,1613.0,1614.0
128245348,-0.9926126632417157,-0.0794126675464478,-0.05981369157557964,0.06954172348631567,-0.10033243894577026,-0.05397484824061394,0.04386479780077934,1613.0,1614.0,1614.0,1613.0
128345308,-0.9924593022988119,-0.07865109562132279,-0.06307269354396285,0.06971638091030494,0.09977146983146667,0.108469657599926,0.04001249000430107,1614.0,1613.0,1613.0,1614.0
128445268,-0.9925743971528346,-0.07692640694301585,-0.06348077854718237,0.06963178000430655,-0.053691234439611435,0.03581018000841141,0.04202473536133766,1613.0,1614.0,1614.0,1613.0
128545228,-0.9925833787658657,-0.07674959180621647,-0.06355862878938438,0.06962784688420645,0.03606554493308067,-0.04662777855992317,0.05060265213251114,1614.0,1613.0,1614.0,1613.0
128645188,-0.9927152995942101,-0.07411044188061905,-0.06473756598627772,0.06951995329406846,0.003592059016227722,0.07483051717281342,0.05111544951796532,1614.0,1613.0,1613.0,1614.0
128745148,-0.9929899768021937,-0.07006400353668497,-0.06529604685307344,0.06927025078741532,-0.13587556779384613,0.08221758902072906,0.053622856736183167,1613.0,1614.0,1614.0,1614.0
128845108,-0.9930234568586699,-0.06863248696708277,-0.06634573953868082,0.06922599732929924,0.04057641699910164,-0.05948881804943085,0.05276171863079071,1614.0,1613.0,1614.0,1613.0
128945068,-0.9930548922681248,-0.0675038918739294,-0.06707376412123162,0.0691832038201844,0.07798434048891068,0.022510642185807228,0.05026189610362053,1614.0,1614.0,1614.0,1614.0
129045028,-0.9932277046707105,-0.06646014491872489,-0.06569111849976265,0.06903950146245263,-0.0578775517642498,-0.05913588032126427,0.0402432419359684,1613.0,1614.0,1614.0,1614.0
129144988,-0.9932567406900961,-0.06646685565292036,-0.06525909368684982,0.06902503070967866,0.10187269747257233,-0.0238444022834301,0.04121048375964165,1614.0,1613.0,1614.0,1614.0
129244948,-0.9933340342802229,-0.06585400731038293,-0.0647748037121475,0.06895629678132209,0.08068721741437912,0.12149307876825333,0.05510522425174713,1614.0,1614.0,1613.0,1614.0
129344908,-0.9932752237925279,-0.06679468358437689,-0.06466926209716746,0.06899772883635097,0.015154501423239708,0.06397981941699982,0.06342791765928268,1613.0,1614.0,1614.0,1614.0
129444868,-0.9933693070872228,-0.06647482791565935,-0.06362879559826844,0.06891947011801587,-0.01001704577356577,-0.001923638628795743,0.0325133241713047,1614.0,1614.0,1614.0,1614.0
129544828,-0.9933302874665196,-0.06746706516682813,-0.06312325188487197,0.0689825354052426,0.12419631332159042,0.04607405886054039,0.005878601223230362,1614.0,1614.0,1613.0,1614.0
129644788,-0.9934271588565072,-0.06807395927955516,-0.06097659291540716,0.06892221144683595,0.0070335534401237965,-0.11013774573802948,0.037225689738988876,1614.0,1614.0,1614.0,1613.0
129744748,-0.993493717192462,-0.06718271602266289,-0.06096779477842267,0.06884507656164442,0.011291282251477242,0.027618855237960815,0.0789029449224472,1614.0,1614.0,1614.0,1614.0
129844708,-0.9931811663302688,-0.07110972584360202,-0.06133060731499592,0.06908787407113254,0.10835619270801544,0.05823598429560661,0.08593395352363586,1613.0,1614.0,1614.0,1614.0
129945501,-0.9925740062114256,-0.0777484799711338,-0.0625207941622523,0.06959286136451516,0.23007258772850037,0.051309872418642044,0.04009004309773445,1614.0,1613.0,1614.0,1614.0
130045461,-0.9921361369026844,-0.08199870855896117,-0.06360878172652787,0.06997156946751569,0.1670786440372467,0.0471409410238266,0.021824683994054794,1614.0,1614.0,1614.0,1614.0
130145421,-0.9916716521904827,-0.0865682968938449,-0.06436560432552933,0.07035860426775677,0.11003801971673965,0.039736222475767136,0.028795389458537102,1614.0,1614.0,1614.0,1614.0
130245381,-0.9914018101791215,-0.09024638851478872,-0.063263698998489,0.07053895748185926,0.09157993644475937,-0.008657457306981087,0.03608193248510361,1614.0,1614.0,1614.0,1614.0
130345341,-0.9912365133228945,-0.09313444231255305,-0.06157331274677546,0.07060366469234157,0.07890315353870392,-0.0058107031509280205,0.043593864887952805,1614.0,1614.0,1614.0,1614.0
130445301,-0.9910955106078005,-0.09544631207926418,-0.06023745643868486,0.07064799505526316,0.0676438957452774,-0.0020126779563724995,0.04734659567475319,1614.0,1614.0,1614.0,1614.0
130545261,-0.9909908797151474,-0.09729254785986995,-0.058978122940854624,0.07065987168617373,0.059398431330919266,0.0014270491665229201,0.049554407596588135,1614.0,1614.0,1614.0,1614.0
130645221,-0.9909640055282597,-0.09813656228974565,-0.058060914975988545,0.0706292081329624,-0.003736006561666727,0.002555231098085642,0.0576261542737484,1614.0,1614.0,1614.0,1614.0
130745181,-0.991500452312812,-0.0931334011577049,-0.05759307034486837,0.07025710569428766,-0.1469184011220932,0.003407970769330859,0.06050664931535721,1614.0,1614.0,1614.0,1614.0
130845141,-0.9926908051722678,-0.08205822468425365,-0.054959256411349716,0.06936060281467192,-0.20679306983947754,-0.047944847494363785,0.04523582383990288,1614.0,1614.0,1614.0,1615.0
130945101,-0.9937560472151248,-0.07162822146276968,-0.051208684307742454,0.06852727314669035,-0.16515034437179565,-0.019733930006623268,0.015351969748735428,1614.0,1614.0,1614.0,1614.0
131045061,-0.9945585335361922,-0.0621463188808989,-0.04877261872694435,0.06791457930671986,-0.13908997178077698,-0.1242750734090805,0.010409417562186718,1614.0,1615.0,1615.0,1614.0
131145021,-0.9948505769135702,-0.0561029825747899,-0.05043214629571732,0.06768591863125556,-0.12144623696804047,0.04443644732236862,0.0548895001411438,1614.0,1614.0,1614.0,1614.0
131244981,-0.9949221451110616,-0.05380420923765366,-0.05164221262914729,0.0675878251660799,0.07870987802743912,0.03821982815861702,0.09626367688179016,1615.0,1614.0,1614.0,1614.0
131344941,-0.9947353756866691,-0.055383788545609235,-0.05338385733425119,0.06770769601716363,0.08507699519395828,0.03809204325079918,0.09201212972402573,1614.0,1614.0,1615.0,1614.0
131444901,-0.9945234692380477,-0.0572370310058114,-0.05512685740715547,0.06788240573793036,0.05084967985749245,-0.02876690775156021,0.043495308607816696,1614.0,1614.0,1615.0,1614.0
131544861,-0.9942319636955261,-0.05933886902610864,-0.05776034762708083,0.06815748844286494,0.09592948108911514,0.1473415195941925,0.0036718968767672777,1614.0,1614.0,1614.0,1615.0
131644821,-0.9942172825930323,-0.06103661629599795,-0.0561472868846422,0.06822029492720887,-0.12352124601602554,-0.09688912332057953,0.012957791797816753,1614.0,1614.0,1614.0,1614.0
131744781,-0.9963640660117618,-0.03863691786475106,-0.0369076677420931,0.06636008288317055,-0.44525089859962463,-0.4400230050086975,0.020892497152090073,1614.0,1614.0,1614.0,1614.0
131844741,-0.9975487235680137,-0.01750777614995127,-0.01793314945788751,0.06533317712028698,-0.2318570762872696,-0.35720890760421753,0.05012522637844086,1615.0,1614.0,1614.0,1614.0
131944701,-0.9978298504697957,-0.008712308646888461,-0.005188587758629799,0.0650596937169045,-0.11261211335659027,-0.03354141488671303,0.09243373572826385,1614.0,1615.0,1614.0,1614.0
132045494,-0.9977151716105,-0.016473020203940102,-0.007495334711869518,0.06509144261074674,0.21194642782211304,0.16094091534614563,0.10048385709524155,1614.0,1614.0,1615.0,1614.0
132145454,-0.9971590528926557,-0.03220424272275465,-0.0185231292520581,0.06552559551493971,0.337777316570282,0.22489306330680847,0.057070471346378326,1614.0,1614.0,1615.0,1614.0
132245414,-0.9960346733354897,-0.0488522578172742,-0.03321630495644352,0.06652115080678918,0.2625248432159424,0.38606202602386475,0.017908401787281036,1614.0,1615.0,1614.0,1615.0
132345374,-0.9945231337168234,-0.06526526955244291,-0.0454162791165611,0.06783467169171749,0.2786010503768921,0.18750959634780884,0.031151633709669113,1614.0,1614.0,1615.0,1614.0
132445334,-0.992832221554096,-0.07896752671623503,-0.05694927905315228,0.06931875059178048,0.31173425912857056,0.2276141196489334,0.04007666930556297,1615.0,1614.0,1614.0,1615.0
132545294,-0.9917965392639388,-0.0851548157072945,-0.06444657156014626,0.07024899629228819,0.07737911492586136,0.16592249274253845,0.048188213258981705,1614.0,1615.0,1614.0,1614.0
132645254,-0.9909582530716583,-0.09029971002185486,-0.069350798824214,0.07098006580427887,0.05759406089782715,-0.00813025888055563,0.05610765144228935,1615.0,1614.0,1615.0,1614.0
132745214,-0.9904588736107578,-0.09248824668643355,-0.07304501035679915,0.07142527824624513,0.11140871047973633,0.18065163493156433,0.05540212243795395,1615.0,1614.0,1614.0,1615.0
132845174,-0.9904151993437222,-0.09197401994269938,-0.07423669325278119,0.07146625734853743,-0.06843052059412003,-0.006198469549417496,0.058403681963682175,1614.0,1615.0,1615.0,1614.0
132945134,-0.9905375052280628,-0.09164791254161084,-0.07311794623914736,0.07134337250999431,0.06452713906764984,-0.1347913146018982,0.05258446931838989,1615.0,1614.0,1615.0,1614.0
133045094,-0.9910571559500447,-0.08665563858775731,-0.07258891336291522,0.07090390396831528,-0.1328941434621811,0.026177112013101578,0.05167602747678757,1614.0,1615.0,1614.0,1615.0
133145054,-0.9915172253307761,-0.083183839922283,-0.0707404479932573,0.07049701884375201,-0.07700659334659576,-0.009417562745511532,0.054629433900117874,1614.0,1614.0,1615.0,1614.0
133245014,-0.9918773647434794,-0.08058176917170956,-0.0689988541751489,0.07017855733202778,0.06388497352600098,-0.04267057776451111,0.053217362612485886,1615.0,1614.0,1614.0,1615.0
133344974,-0.9924231320283116,-0.07688038630540518,-0.06579504777121226,0.06969035016006275,0.02695324644446373,0.0009327943553216755,0.05676216259598732,1615.0,1614.0,1615.0,1614.0
133444934,-0.9929425793408884,-0.07302111605145735,-0.06277236728802946,0.06922846703141744,-0.1367584466934204,-0.1247868686914444,0.058420851826667786,1614.0,1615.0,1615.0,1614.0
133544894,-0.9932343116810672,-0.07103295134334583,-0.060692650196252224,0.06896610859723688,0.03753528371453285,0.09541428834199905,0.05477238446474075,1615.0,1614.0,1614.0,1615.0
133644854,-0.9936781883438239,-0.06692341813836485,-0.05850127387324409,0.06857488658117694,-0.0403762012720108,-0.05648103728890419,0.05373268201947212,1614.0,1615.0,1615.0,1614.0
133744814,-0.9939707431367563,-0.06382336274046588,-0.05729412585643572,0.06830902794660716,-0.08644505590200424,-0.06221022829413414,0.05589061975479126,1615.0,1615.0,1615.0,1615.0
133844774,-0.9941758074106392,-0.06177269872518365,-0.05619228930805131,0.06812506347836803,0.04013845697045326,0.026851799339056015,0.05326801910996437,1615.0,1614.0,1614.0,1615.0
133944734,-0.9945636700788727,-0.05895543391284079,-0.05265742976239327,0.06778316946123518,-0.11547058820724487,-0.1127764880657196,0.05205398052930832,1614.0,1615.0,1615.0,1614.0
134045527,-0.9946952196466441,-0.057130697021318254,-0.05233616895288139,0.06766408862393981,-0.025493687018752098,-0.0021361415274441242,0.052378229796886444,1615.0,1614.0,1614.0,1615.0
134145487,-0.9950586706766138,-0.052184606457629346,-0.05100671664731894,0.06732996076794406,-0.0023188490886241198,0.07279100269079208,0.052068646997213364,1615.0,1614.0,1614.0,1615.0
134245447,-0.9953803871608714,-0.04809531151147849,-0.04910509961138191,0.06703294009846167,-0.10589142143726349,-0.07003530114889145,0.0528327077627182,1614.0,1615.0,1615.0,1614.0
134345407,-0.9955368224929725,-0.04691315665122812,-0.04722816722825807,0.06689612106746466,0.022662440314888954,-0.06844692677259445,0.050507452338933945,1615.0,1614.0,1615.0,1615.0
134445367,-0.9956508815348091,-0.045519606171956696,-0.04633183380811651,0.06678808822600686,0.06650351732969284,0.09014732390642166,0.05497262626886368,1615.0,1614.0,1614.0,1615.0
134545327,-0.9958105184212795,-0.04385362434236265,-0.044691500524641305,0.06664038426087787,-0.06661023944616318,-0.07642437517642975,0.05295070260763168,1614.0,1615.0,1615.0,1614.0
134645287,-0.9957089855023705,-0.044956163972368846,-0.045721436173162176,0.06672413195383778,0.1301061064004898,0.05118197202682495,0.05185646563768387,1615.0,1614.0,1614.0,1615.0
134745247,-0.9957640357627298,-0.04440134244676758,-0.04513225632141299,0.06667522260768484,-0.040921300649642944,-0.003884556470438838,0.04226509854197502,1614.0,1615.0,1615.0,1615.0
134845207,-0.9957518456663205,-0.04530359986314487,-0.044467001178697306,0.066697312522546,-0.0026495796628296375,-0.061386868357658386,0.04405806586146355,1615.0,1615.0,1615.0,1615.0
134945167,-0.9955809048346409,-0.04707984222388707,-0.046188585802374525,0.06684882142856717,0.15794849395751953,0.10357935726642609,0.035120416432619095,1615.0,1614.0,1614.0,1615.0
135045127,-0.9954449556408332,-0.047825658430356084,-0.04814381278484228,0.06696431867390751,-0.00479299807921052,0.04342920705676079,0.039452988654375076,1614.0,1615.0,1615.0,1615.0
135145087,-0.9952882220921717,-0.049391110271165196,-0.0496008784634315,0.06709415806492765,0.029278792440891266,0.058739956468343735,0.059533946216106415,1614.0,1615.0,1614.0,1615.0
135245047,-0.9950687062886026,-0.051597630057089075,-0.051485544898585395,0.06726955480835634,0.06866025924682617,0.09213662147521973,0.061806753277778625,1615.0,1614.0,1615.0,1615.0
135345007,-0.994843086611151,-0.05235923726009425,-0.05474676905475311,0.06744282447825503,0.02196282520890236,0.0836290493607521,0.0326923206448555,1614.0,1615.0,1615.0,1615.0
135444967,-0.9945356991466316,-0.05501709467926193,-0.05730653328512704,0.0677334751715456,0.05613435432314873,0.06831320375204086,0.009101362898945808,1615.0,1615.0,1615.0,1615.0
135544927,-0.994465166251544,-0.0564313182336166,-0.05703342285887974,0.06783603844348197,0.03339147940278053,0.0016736030811443925,0.012888596393167973,1615.0,1615.0,1615.0,1615.0
135644887,-0.9944995521232642,-0.057091583192878284,-0.05578099192167368,0.06782088834121691,0.029423825442790985,-0.03327322378754616,0.05597449839115143,1615.0,1615.0,1615.0,1615.0
135744847,-0.9943223102113822,-0.05771337629428665,-0.05809711186486991,0.06794876897762696,0.029823312535881996,0.06811818480491638,0.061910539865493774,1615.0,1615.0,1615.0,1615.0
135844807,-0.9942192439590702,-0.058251560324195886,-0.05923045615282148,0.06801914234375596,0.029114747419953346,-0.017648614943027496,0.06220502406358719,1615.0,1615.0,1615.0,1615.0
135944767,-0.9945517196679423,-0.05821860005129956,-0.05374865144999274,0.06773886610294619,0.022917257621884346,-0.08183556795120239,0.06482219696044922,1615.0,1615.0,1615.0,1615.0
136044727,-0.9947910508978318,-0.058330187368851746,-0.049297545832720516,0.06751374874773962,0.02634233795106411,-0.06571188569068909,0.06553972512483597,1615.0,1615.0,1615.0,1615.0
136145520,-0.9949860375899193,-0.05830622556697457,-0.04552662283779711,0.06730895686481644,0.02512506954371929,-0.04960966855287552,0.06358438730239868,1615.0,1615.0,1615.0,1615.0
136245480,-0.9951313767218634,-0.058282253440071666,-0.04252507486303212,0.06714417328026076,0.022515224292874336,-0.036551136523485184,0.06205592676997185,1615.0,1615.0,1615.0,1615.0
136345440,-0.9952561969607704,-0.05814610846276343,-0.039950756135932665,0.06699305610276417,0.02067316137254238,-0.024606909602880478,0.06503309309482574,1615.0,1615.0,1615.0,1615.0
136445400,-0.9953145739346033,-0.05820154676822297,-0.038532488289053486,0.06690834188215623,0.021750669926404953,0.03559156134724617,0.06377160549163818,1615.0,1615.0,1615.0,1615.0
136545360,-0.995214182752484,-0.05839276217965789,-0.040586023256564616,0.06702082131362581,0.023513998836278915,0.15777498483657837,0.027312904596328735,1615.0,1615.0,1615.0,1616.0
136645320,-0.9951826099997527,-0.058579228533416634,-0.04100218248059049,0.06707359965245724,0.020104380324482918,0.04623827710747719,0.018435100093483925,1615.0,1615.0,1616.0,1615.0
136745280,-0.9948914029333835,-0.059178537042403494,-0.04632462750877242,0.06740197333118966,-0.0054529584012925625,0.14232152700424194,0.007233086507767439,1615.0,1616.0,1615.0,1615.0
136845240,-0.9943906919729018,-0.05929578186851882,-0.055362157129174805,0.06786894376855446,0.018302490934729576,0.23134414851665497,0.0442434586584568,1615.0,1615.0,1615.0,1615.0
136945200,-0.9938808947495906,-0.05817723564496855,-0.06452608152438752,0.06820968485172038,-0.08606000244617462,0.1946835219860077,0.08208901435136795,1615.0,1616.0,1615.0,1615.0
137045160,-0.9936071013615321,-0.05805609097659556,-0.06858422620684275,0.0683419515382761,0.0176398828625679,0.0993911474943161,0.09960317611694336,1615.0,1615.0,1615.0,1616.0
137145120,-0.9934214976474216,-0.060749818845929136,-0.06875709942493052,0.06852480427415218,0.07034100592136383,0.017900390550494194,0.05696854367852211,1615.0,1615.0,1616.0,1615.0
137245080,-0.9932867930799225,-0.06299450008842981,-0.06851241481799614,0.0686956233498079,0.06003833934664726,-0.09817308187484741,0.011328482069075108,1615.0,1615.0,1616.0,1615.0
137345040,-0.9933508598943452,-0.06151099029185234,-0.06897905089701868,0.06864661505003126,-0.0010177848162129521,0.03968026116490364,0.00471749622374773,1615.0,1616.0,1615.0,1616.0
137445000,-0.9938100997447088,-0.05924768525930638,-0.06455101894012313,0.0682961447712706,-0.09574989229440689,-0.08312792330980301,0.04935935139656067,1615.0,1616.0,1615.0,1615.0
137544960,-0.9940420106825685,-0.058730414458636845,-0.06159043591075101,0.06810167119826659,0.11378016322851181,0.01444175373762846,0.08696923404932022,1616.0,1615.0,1615.0,1615.0
137644920,-0.994111029861044,-0.05694460346356466,-0.06229278866257617,0.06797191277013911,-0.00755985826253891,-0.025595765560865402,0.10738992691040039,1615.0,1615.0,1616.0,1615.0
137744880,-0.9938041911768664,-0.05929068591780172,-0.06469178116384984,0.06821156509375603,0.07799927890300751,0.02682057023048401,0.05924935266375542,1615.0,1615.0,1615.0,1616.0
137844840,-0.9936333120610963,-0.061170137574315706,-0.06537794435857557,0.06838698577275207,0.05317886173725128,0.10949563980102539,0.01863926835358143,1616.0,1615.0,1615.0,1615.0
137944800,-0.9936948054172066,-0.05798450426576265,-0.06742879264356672,0.06827729398961911,-0.06438218802213669,0.006285374518483877,0.033634062856435776,1615.0,1616.0,1615.0,1615.0
138044760,-0.9938994360516952,-0.055713331122239945,-0.06651909432317722,0.06808190539203783,-0.011736725457012653,0.04941979795694351,0.05090174823999405,1616.0,1615.0,1615.0,1616.0
138144720,-0.9941851720499115,-0.053303425200054794,-0.06445825498907584,0.06782124963308496,0.050369080156087875,-0.03015480935573578,0.05874072387814522,1615.0,1615.0,1616.0,1615.0
138245513,-0.9945007725123619,-0.05015816399965973,-0.06239619531317593,0.06752101055922315,-0.1172979399561882,-0.057464420795440674,0.06192256510257721,1615.0,1616.0,1615.0,1615.0
138345473,-0.9945493847632372,-0.05017882555172304,-0.06164172010265971,0.06748262795787965,0.06724080443382263,0.1128869578242302,0.059375885874032974,1616.0,1615.0,1615.0,1616.0
138445433,-0.9946491907606831,-0.05020371523999712,-0.060061744542789015,0.06741781024103487,0.05399700626730919,-0.08112380653619766,0.05605060234665871,1615.0,1615.0,1616.0,1615.0
138545393,-0.9946058374040786,-0.050364536820394046,-0.06061495457022959,0.06744233770449952,-0.05748175457119942,0.036823514848947525,0.05154898762702942,1615.0,1616.0,1615.0,1616.0
138645353,-0.9946463775339491,-0.052068186723727566,-0.058453056574675956,0.06745908216818379,0.13253116607666016,-0.030828723683953285,0.056103117763996124,1616.0,1615.0,1616.0,1615.0
138745313,-0.9947534604931801,-0.0525435352303951,-0.05624045117530992,0.0673924431515351,-0.00646502710878849,-0.09656029939651489,0.05052876099944115,1615.0,1616.0,1616.0,1615.0
138845273,-0.9946773866273445,-0.054842880072317884,-0.05527102609196026,0.06748532219906266,0.013971825130283833,0.08007723838090897,0.0492434985935688,1616.0,1615.0,1615.0,1616.0
138945233,-0.9947158707572428,-0.05595762850803904,-0.05345453759691538,0.06746623367075406,0.13190162181854248,-0.027439270168542862,0.052278634160757065,1616.0,1615.0,1616.0,1615.0
139045193,-0.994851805219704,-0.05379979012557026,-0.053306365222325465,0.0673342383956704,-0.08971428871154785,-0.03992828354239464,0.053340844810009,1615.0,1616.0,1616.0,1615.0
139145153,-0.9947858140498094,-0.05452943865469202,-0.05372489182093206,0.06738961703476018,0.04081504046916962,0.08162946254014969,0.054357681423425674,1616.0,1615.0,1615.0,1616.0
139245113,-0.9947759638705287,-0.05548259542317954,-0.0529038319419733,0.06740658629855016,0.15300637483596802,0.04063266143202782,0.05231444165110588,1616.0,1615.0,1616.0,1616.0
139345073,-0.994858213319237,-0.05669751862739893,-0.050077008613648104,0.06734107202191171,0.010322283022105694,-0.11531374603509903,0.05186491087079048,1615.0,1616.0,1616.0,1615.0
139445033,-0.9947721782026822,-0.05822387540501659,-0.049937877975608516,0.06741292272261812,0.02972649596631527,0.08430083096027374,0.054320137947797775,1616.0,1615.0,1615.0,1616.0
139544993,-0.9948537758732116,-0.0581982556614879,-0.048422795992004296,0.06733617524845359,0.06074705347418785,0.016897734254598618,0.05228746682405472,1616.0,1616.0,1616.0,1616.0
139644953,-0.9949486408730883,-0.057717239988788055,-0.04715280138689587,0.06724979965947138,-0.05424151197075844,-0.07253240793943405,0.05376356095075607,1615.0,1616.0,1616.0,1615.0
139744913,-0.9948164617117372,-0.05903087985040998,-0.04814477902488963,0.0673620292454932,0.047661956399679184,0.04443885758519173,0.05912027508020401,1616.0,1615.0,1615.0,1616.0
139844873,-0.9947458900305585,-0.05995855966970927,-0.048378628023565295,0.06741731038986612,0.0727335512638092,0.020847182720899582,0.057384196668863297,1616.0,1616.0,1616.0,1615.0
139944833,-0.9946600879938344,-0.06107986724957593,-0.04864410124126546,0.06748563242128909,0.0035896177869290113,-0.03905467316508293,0.057532187551259995,1616.0,1616.0,1616.0,1616.0
140044793,-0.9945507707930427,-0.06165672827365691,-0.05000282233249771,0.0675790643049903,-0.026203205808997154,0.0921885222196579,0.06372343003749847,1615.0,1616.0,1615.0,1616.0
140144753,-0.9942499978116641,-0.06540218373610109,-0.050885740295867586,0.0678243145825802,0.13327281177043915,-0.006806536577641964,0.05998243764042854,1616.0,1615.0,1616.0,1615.0
140244713,-0.9940380935926183,-0.06742451396001542,-0.052124290765407644,0.06800927669231636,0.08740925788879395,-0.017330670729279518,0.046983614563941956,1616.0,1616.0,1616.0,1616.0
140345506,-0.993847010352784,-0.06921260560027057,-0.05318930823143264,0.06818088242840828,0.0020389847923070192,0.10615450888872147,0.05238346755504608,1615.0,1616.0,1615.0,1616.0
140445466,-0.993682481726915,-0.07121785364548884,-0.053445035054654165,0.0683137691770555,0.11187644302845001,-0.03270316496491432,0.06527728587388992,1616.0,1615.0,1616.0,1615.0
140545426,-0.9935467857877281,-0.0717335378947013,-0.05509647773237304,0.06843582492722639,0.028907133266329765,0.06617292761802673,0.08087290078401566,1616.0,1616.0,1615.0,1616.0
140645386,-0.9935908017808545,-0.07118343914027787,-0.05508352852951528,0.06838158738563492,0.07290497422218323,0.06461148709058762,0.08165565133094788,1616.0,1615.0,1616.0,1616.0
140745346,-0.9937040052229814,-0.07112380634246887,-0.053228247687964594,0.06826791210541619,-0.024948932230472565,0.05276072025299072,0.045369796454906464,1615.0,1616.0,1616.0,1616.0
140845306,-0.9936765533628766,-0.0713724582730002,-0.053354034770011,0.06830978312587023,-0.046317897737026215,0.02560162916779518,0.043036509305238724,1616.0,1616.0,1615.0,1616.0
140945266,-0.9936911552661782,-0.06985648073496059,-0.055044070369629355,0.06832357105887751,-0.023142706602811813,0.18046818673610687,0.07522819936275482,1616.0,1616.0,1615.0,1616.0
141045226,-0.9938603312642807,-0.06805359314248802,-0.05445564317405125,0.06815374770437312,-0.012825953774154186,-0.056662920862436295,0.10957829654216766,1616.0,1616.0,1616.0,1615.0
141145186,-0.9939959200575195,-0.0660273972102558,-0.05465633534986439,0.06800866660042439,-0.11478035151958466,-0.040106795728206635,0.0973760262131691,1615.0,1616.0,1616.0,1616.0
141245146,-0.9941982824192284,-0.06532206353739714,-0.05200127940598287,0.06781349563334294,0.03760136291384697,-0.033648718148469925,0.05926019698381424,1616.0,1615.0,1616.0,1616.0
141345106,-0.9944485116779176,-0.06334974394813493,-0.04988637079977973,0.06760412392529981,0.04549897089600563,-0.023776961490511894,0.042178455740213394,1616.0,1616.0,1616.0,1616.0
141445066,-0.9945747930101893,-0.061857118521636285,-0.04934419989974822,0.06752649800776854,0.0152610894292593,0.0795690044760704,0.02821962535381317,1616.0,1616.0,1615.0,1616.0
141545026,-0.9945524230892764,-0.061419099980198635,-0.05028439234142868,0.06756220668187635,0.010480017401278019,0.0009933256078511477,0.06646855920553207,1616.0,1616.0,1616.0,1615.0
141644986,-0.9943839266781777,-0.061207720509671534,-0.0535752301793702,0.06770462336743342,0.01252859365195036,0.07088015228509903,0.0793231725692749,1616.0,1616.0,1616.0,1616.0
141744946,-0.994266299973222,-0.06097448153763852,-0.055862188841302084,0.06779419736698576,0.01562652550637722,0.05931645259261131,0.07791132479906082,1616.0,1616.0,1616.0,1616.0
141844906,-0.9942063495917517,-0.06009384902009772,-0.05780727485285834,0.06782906984088315,-0.0474475622177124,0.04973338544368744,0.069920115172863,1615.0,1616.0,1616.0,1616.0
141944866,-0.9940717938422585,-0.06069987639276657,-0.05932448740573825,0.06795144507060671,0.06823290139436722,0.0476863756775856,0.05037635192275047,1616.0,1616.0,1616.0,1616.0
142044826,-0.9940394006498265,-0.06266649609552295,-0.05773887108239002,0.06800590407438588,0.057569313794374466,-0.05702923610806465,0.05359026417136192,1616.0,1616.0,1616.0,1616.0
142144786,-0.9941425002088076,-0.06408691886463519,-0.05440325674801413,0.06792526602250773,0.049360327422618866,-0.041308749467134476,0.05637349560856819,1616.0,1616.0,1616.0,1616.0
142244746,-0.9942147805055254,-0.06525699465616883,-0.05171463233736418,0.06785345735484805,0.04643886163830757,-0.0329052209854126,0.0559874027967453,1616.0,1616.0,1616.0,1616.0
142344706,-0.9944032109583052,-0.06412909523239868,-0.04968297961986311,0.06768540992399018,-0.06410428136587143,-0.024037234485149384,0.06205658242106438,1616.0,1616.0,1616.0,1616.0
142445499,-0.9947986264490669,-0.059160024812228346,-0.04836975426037639,0.06735095509387658,0.031933773308992386,-0.0167402196675539,0.08415180444717407,1617.0,1616.0,1616.0,1616.0
142545459,-0.9952631867288511,-0.05379508796859112,-0.04560015552854152,0.06691713882524138,-0.10507400333881378,-0.08776824921369553,0.11297477781772614,1616.0,1617.0,1616.0,1616.0
142645419,-0.995697524823377,-0.051154905899429774,-0.03937844312319801,0.06647520500317552,-0.0781686007976532,-0.15469947457313538,0.11476224660873413,1616.0,1616.0,1616.0,1617.0
142745379,-0.9959236434154342,-0.05095207488600661,-0.034007966002879586,0.06620755847548555,0.04487300664186478,-0.0393359512090683,0.07517630606889725,1616.0,1616.0,1617.0,1617.0
142845339,-0.9961101169765715,-0.050970477390440375,-0.028518788863989702,0.0659797239554925,-0.08144614845514297,-0.18647830188274384,0.04148329049348831,1616.0,1617.0,1617.0,1616.0
142945299,-0.9961188353541132,-0.052368359034645935,-0.025693494823039884,0.06591407397940147,0.10387466847896576,-0.0036386430729180574,0.04608089104294777,1617.0,1616.0,1616.0,1617.0
143045259,-0.9961850872561098,-0.05142325843079751,-0.02513507179063788,0.06587221407373459,-0.04963502287864685,0.0842011570930481,0.060044750571250916,1616.0,1617.0,1616.0,1616.0
143145219,-0.995960246550748,-0.05371649207042219,-0.028477815451676974,0.06608131201271593,0.11156563460826874,0.1398867815732956,0.09606590121984482,1617.0,1616.0,1616.0,1617.0
143245179,-0.9958500315356954,-0.055115572946472034,-0.029470632638395656,0.06615489491360006,0.11685329675674438,-0.054022110998630524,0.07852401584386826,1617.0,1616.0,1617.0,1616.0
143345139,-0.9957124559706958,-0.055605783090231044,-0.03264253546237181,0.06632621495544141,0.09107549488544464,0.16321907937526703,0.06352730095386505,1616.0,1616.0,1616.0,1617.0
143445099,-0.9955884966757941,-0.05669307630946316,-0.034258384587535655,0.06645151217883845,-0.01734503172338009,0.020985428243875504,0.060187723487615585,1616.0,1617.0,1616.0,1616.0
143545059,-0.9954496407194302,-0.05814401451260509,-0.03559748155719517,0.066574061575816,-0.016632990911602974,0.0012671267613768578,0.06694512069225311,1616.0,1616.0,1616.0,1616.0
143645019,-0.995283013159732,-0.05963454069605372,-0.03745242419347757,0.0667290131328754,0.08315420150756836,0.09634555131196976,0.06577048450708389,1616.0,1616.0,1616.0,1616.0
143744979,-0.9952244013207077,-0.06004596997433729,-0.038227445864032254,0.06679472200999569,-0.06382250040769577,-0.06196192651987076,0.05598518252372742,1616.0,1617.0,1617.0,1616.0
143844939,-0.9951154956755036,-0.06018466618811994,-0.04054025644632071,0.06692864730134494,0.0701121836900711,0.026927299797534943,0.059536322951316833,1617.0,1616.0,1616.0,1616.0
143944899,-0.9951108007016827,-0.05942532306018804,-0.04171183175275591,0.06695706383853808,0.09676995873451233,0.1562662571668625,0.06442440301179886,1617.0,1616.0,1616.0,1617.0
144044859,-0.9952016088304125,-0.05779937948941542,-0.04193427320096202,0.06689175018718274,-0.0927993655204773,-0.022480065003037453,0.07284318655729294,1616.0,1617.0,1617.0,1616.0
144144819,-0.9951281952080129,-0.058236847219232404,-0.042953129113846744,0.06695799748600685,0.01653003692626953,0.09480907022953033,0.07316470891237259,1617.0,1616.0,1616.0,1617.0
144244779,-0.9951684039634856,-0.05848760443335226,-0.04175017596770054,0.06690269566379597,0.08665969967842102,-0.040605757385492325,0.07211588323116302,1617.0,1616.0,1617.0,1616.0
144344739,-0.995182035686159,-0.05802993412683968,-0.04208178225869859,0.06689070335045565,-0.08049703389406204,0.09559554606676102,0.07435593754053116,1616.0,1617.0,1616.0,1617.0
144444699,-0.9951998803745428,-0.058604437735108,-0.040912102284094365,0.06684996534736222,0.10793282091617584,-0.03832894563674927,0.07319340109825134,1617.0,1616.0,1617.0,1616.0
144545492,-0.9949562719033798,-0.05930933552520098,-0.045200013038897355,0.06709231357592914,0.07515072077512741,0.12961427867412567,0.0692892074584961,1616.0,1617.0,1616.0,1617.0
144645452,-0.9946647163066663,-0.06001785891561604,-0.050020941284790184,0.06736367106050392,-0.05514606460928917,0.12981802225112915,0.06868337839841843,1616.0,1617.0,1617.0,1616.0
144745412,-0.9945514869370593,-0.06011014765511118,-0.051992267276532,0.06746046341088104,0.10516060143709183,-0.04491233453154564,0.0701875165104866,1617.0,1616.0,1617.0,1616.0
144845372,-0.9946570527621419,-0.056974416363069325,-0.0536113830970839,0.06735787164864399,-0.08663691580295563,0.09265992790460587,0.06729449331760406,1616.0,1617.0,1616.0,1617.0
144945332,-0.9947066884719944,-0.05709213255405057,-0.05260902341255768,0.06731554772180307,0.022609658539295197,-0.0780690461397171,0.06646174192428589,1617.0,1616.0,1617.0,1616.0
145045292,-0.994687179873628,-0.0566653311581367,-0.05341923502354979,0.06732636756343216,0.09086989611387253,0.07098376005887985,0.06553617864847183,1617.0,1616.0,1616.0,1617.0
145145252,-0.9947649476180748,-0.0557185904906077,-0.05305835845120369,0.06725286806235499,-0.04153720661997795,0.06190911680459976,0.06591958552598953,1616.0,1617.0,1617.0,1617.0
145245212,-0.9948721744724481,-0.0556194924658768,-0.05124335966532836,0.06715613604512172,0.050087179988622665,-0.12746164202690125,0.07472724467515945,1617.0,1616.0,1617.0,1616.0
145345172,-0.9948794124242263,-0.05550812021620013,-0.05124172588216032,0.06714230300717716,0.0998113602399826,0.08567725121974945,0.06862103193998337,1617.0,1616.0,1616.0,1617.0
145445132,-0.9951212930420383,-0.05345716947650781,-0.04895810078457811,0.06692568664921425,0.003002488287165761,-0.016024336218833923,0.06775036454200745,1617.0,1617.0,1617.0,1617.0
145545092,-0.9953693007209908,-0.050912551196831426,-0.046890877802508314,0.06670167083174261,-0.09224539250135422,-0.09298449009656906,0.06757459044456482,1616.0,1617.0,1617.0,1616.0
145645052,-0.9954321297647022,-0.04974416435674156,-0.046902019698153365,0.06663777977088227,0.04576713591814041,0.055726781487464905,0.06362423300743103,1617.0,1616.0,1616.0,1617.0
145745012,-0.9956595435632798,-0.04660117636859203,-0.04557953854147993,0.06642973234004816,0.009838813915848732,0.03849555179476738,0.057415854185819626,1617.0,1617.0,1617.0,1617.0
145844972,-0.9958612590906899,-0.04366754770907572,-0.04433240259008476,0.0662430071779058,-0.10011065006256104,-0.07949485629796982,0.06417471170425415,1616.0,1617.0,1617.0,1616.0
145944932,-0.9959150187096618,-0.042667756472361595,-0.044182211712467216,0.06618663184015361,-0.05014808475971222,-0.03836343437433243,0.06160524860024452,1617.0,1617.0,1617.0,1617.0
146044892,-0.9959945820668756,-0.041430091710188924,-0.0436793858602493,0.06610938847990183,0.02493913285434246,0.03324979916214943,0.06152217835187912,1617.0,1616.0,1616.0,1617.0
146144852,-0.9959213036469936,-0.04229442388587624,-0.04442352680799695,0.06617015124792897,0.09555956721305847,0.11278075724840164,0.06042655184864998,1617.0,1616.0,1616.0,1617.0
146244812,-0.9959482198965829,-0.04200736996710915,-0.044141683114884395,0.0661364949559586,0.010561753064393997,0.05500299856066704,0.07959246635437012,1617.0,1617.0,1617.0,1617.0
146344772,-0.9959882758612523,-0.041446805288002805,-0.04386819879304041,0.06606888687576612,-0.03458809107542038,-0.05252700671553612,0.08760587871074677,1616.0,1617.0,1617.0,1616.0
146444732,-0.9957808141362205,-0.043232154545863044,-0.046523587902333505,0.06623523820612569,0.061180394142866135,0.0688476487994194,0.0474868007004261,1617.0,1616.0,1617.0,1617.0
146545525,-0.9956406003214576,-0.043869135945346825,-0.048691427250575084,0.06636594620163387,0.06446747481822968,0.05649365857243538,0.010857385583221912,1617.0,1617.0,1617.0,1617.0
146645485,-0.9957234739440983,-0.044537178367976105,-0.04634697508059211,0.06635631907056588,0.10415022075176239,-0.15035536885261536,0.01981542445719242,1617.0,1617.0,1617.0,1616.0
146745445,-0.9956177184959023,-0.04774777850575835,-0.04524301012384014,0.06647238749821825,0.08022524416446686,0.022523026913404465,0.0682624876499176,1617.0,1617.0,1616.0,1617.0
146845405,-0.9955096028493129,-0.05052165271658481,-0.04449830227759169,0.06654392786723903,0.07337911427021027,0.01123740803450346,0.10124008357524872,1617.0,1617.0,1617.0,1617.0
146945365,-0.995506755852968,-0.051719890577037506,-0.043237471772264835,0.06649716538726264,0.16014689207077026,-0.04922769218683243,0.10165027529001236,1617.0,1616.0,1617.0,1617.0
147045325,-0.9956547164922454,-0.050622826760344984,-0.04131029549379505,0.06635114485639426,-0.054628655314445496,-0.02238953299820423,0.04992200434207916,1616.0,1617.0,1617.0,1617.0
147145285,-0.9957250113349679,-0.05064962933428309,-0.039635172928206654,0.06629758605883763,0.03829294815659523,-0.011971680447459221,0.02009611576795578,1617.0,1616.0,1617.0,1617.0
147245245,-0.9959749853777659,-0.04616441224964042,-0.03913218416037576,0.06611616826648854,-0.0727444589138031,0.02749261073768139,0.024352291598916054,1617.0,1617.0,1616.0,1617.0
147345205,-0.99608178851448,-0.04220490202405112,-0.04100739186273414,0.06601674520567494,-0.055169396102428436,0.1384793519973755,0.06463837623596191,1617.0,1617.0,1617.0,1617.0
147445165,-0.9961550434550664,-0.038988896796033554,-0.04255425135867563,0.06591002212839588,-0.04124237596988678,0.03189220651984215,0.06982354074716568,1617.0,1617.0,1617.0,1617.0
147545125,-0.9959803098266753,-0.042767631269004194,-0.04275934785697106,0.06607412749363435,0.10070622712373734,0.02725187875330448,0.06379592418670654,1617.0,1617.0,1617.0,1617.0
147645085,-0.9956471488159261,-0.04952529057979756,-0.042764228727699784,0.06637184183845407,0.18042418360710144,0.02663658931851387,0.06166059523820877,1617.0,1617.0,1617.0,1617.0
147745045,-0.995244091555135,-0.05677487801706567,-0.042640347336645415,0.06669042082451995,0.15436093509197235,0.02494843117892742,0.06039334461092949,1617.0,1617.0,1617.0,1617.0
147845005,-0.9948669671914493,-0.06270150306057778,-0.04271101826486912,0.0669627360851549,0.12916982173919678,0.025016233325004578,0.0606636218726635,1617.0,1617.0,1617.0,1617.0
147944965,-0.9945514498020449,-0.0673950739690501,-0.04258727875434325,0.06716875307504672,0.10770994424819946,0.020191632211208344,0.05571533739566803,1617.0,1617.0,1617.0,1617.0
148044925,-0.994254190968182,-0.07147339529663654,-0.042583232230540106,0.0673559636541315,0.09255935251712799,0.01911300979554653,0.05758562311530113,1617.0,1617.0,1617.0,1617.0
148144885,-0.9941947210312526,-0.07223045478975047,-0.04264200226484597,0.0673890029403954,-0.08196091651916504,0.02120746299624443,0.06202160194516182,1617.0,1617.0,1617.0,1617.0
148244845,-0.9945955852786218,-0.06341954622232004,-0.047296595574111366,0.06723551850272162,-0.19792957603931427,0.06942391395568848,0.03007771074771881,1617.0,1617.0,1617.0,1617.0
148344805,-0.9949133739259777,-0.0545930401837976,-0.05172392135241552,0.06701950691140009,-0.07613647729158401,0.17384523153305054,0.010000710375607014,1618.0,1617.0,1617.0,1618.0
148444765,-0.9953215611389823,-0.04594219409643773,-0.052798562821058805,0.06660793119062501,-0.19273018836975098,-0.014125850982964039,0.04618968442082405,1617.0,1618.0,1617.0,1617.0
148544725,-0.995507878946153,-0.041936024739988864,-0.05291499096326982,0.06637346244167039,-0.047622308135032654,-0.0038926340639591217,0.09087882936000824,1618.0,1617.0,1618.0,1617.0
148645518,-0.995555994445124,-0.03926672182512289,-0.054212313364093594,0.06623753891263018,0.0340610034763813,-0.01652497425675392,0.08448512107133865,1617.0,1617.0,1617.0,1618.0
148745478,-0.9955658235499634,-0.0395420686603519,-0.05384072520814855,0.0662290879780484,-0.021162452176213264,0.09336848556995392,0.06430504471063614,1617.0,1618.0,1617.0,1618.0
148845438,-0.9955763716644492,-0.042003309219462166,-0.05165318661669306,0.06629750003134226,-0.02122204378247261,-0.11119184643030167,0.05087494105100632,1617.0,1618.0,1618.0,1617.0
148945398,-0.9955709870133952,-0.043329650623027044,-0.05059647316656883,0.06633964197344862,0.05615983158349991,0.048509713262319565,0.04688803106546402,1618.0,1617.0,1617.0,1618.0
149045358,-0.9956367497348692,-0.04312479028576481,-0.049522205493907345,0.06629680386876581,0.03571317717432976,0.04575347527861595,0.05358530580997467,1617.0,1617.0,1617.0,1617.0
149145318,-0.9956802299841941,-0.04251230501596179,-0.04923783352696244,0.06625118331338135,-0.03661090508103371,-0.0667853131890297,0.058759674429893494,1617.0,1617.0,1618.0,1617.0
149245278,-0.9956007736896633,-0.04441146029562608,-0.049047673975749516,0.06634038966212531,0.12412174046039581,0.05186839401721954,0.05530545860528946,1618.0,1617.0,1617.0,1618.0
149345238,-0.9955771377303015,-0.04672680828503262,-0.0472800946050443,0.06638795726916304,0.10354955494403839,-0.013567596673965454,0.061264537274837494,1617.0,1617.0,1618.0,1617.0
149445198,-0.9953901808275273,-0.05027771059951528,-0.04732441656408369,0.0665653012152966,0.0885322093963623,-0.03531388193368912,0.054794274270534515,1617.0,1617.0,1617.0,1617.0
149545158,-0.9950644318659998,-0.054488160027673774,-0.04907289759056393,0.06685557249818243,0.10523577034473419,0.1646333485841751,0.04682580754160881,1617.0,1617.0,1617.0,1618.0
149645118,-0.9948792451381222,-0.05685577096204973,-0.049910113371110836,0.06702006777819582,-0.01680346578359604,0.035592447966337204,0.051948267966508865,1617.0,1617.0,1618.0,1617.0
149745078,-0.994753045323889,-0.057129975611215994,-0.051928360950486814,0.06712667155838176,0.12766097486019135,-0.013477283529937267,0.05359372869133949,1618.0,1617.0,1618.0,1617.0
149845038,-0.9947196574460665,-0.05506669875950107,-0.05471382038523163,0.06713314857030879,-0.10894855111837387,0.1130836233496666,0.057545654475688934,1617.0,1618.0,1617.0,1618.0
149944998,-0.9947266731885784,-0.054031444866994995,-0.05564366678891289,0.06710611715076656,-0.08049672842025757,0.013561380095779896,0.05820624157786369,1617.0,1618.0,1618.0,1617.0
150044958,-0.9944530575131276,-0.05575502579838215,-0.05849231187140012,0.06732861912257444,0.06148234382271767,0.04291224852204323,0.0590674988925457,1618.0,1617.0,1617.0,1618.0
150144918,-0.9943608602300353,-0.055471758005262974,-0.06023983105866619,0.06738342867807508,0.1125812828540802,0.12522023916244507,0.05636292323470116,1618.0,1617.0,1617.0,1618.0
150244878,-0.9944794316015003,-0.053477981361984325,-0.06023111410229474,0.0672530930515506,-0.05640930309891701,-0.058125995099544525,0.06041090562939644,1617.0,1618.0,1618.0,1617.0
150344838,-0.9944839826792735,-0.05261752444343449,-0.06094505001468374,0.06722131503119225,-0.016009416431188583,0.09957312792539597,0.05488889664411545,1618.0,1617.0,1617.0,1618.0
150444798,-0.9946634981284854,-0.050638610122029255,-0.059867827122154514,0.06705296362865369,0.06993795931339264,-0.07348322123289108,0.0515410378575325,1618.0,1617.0,1618.0,1617.0
150544758,-0.9946342734079825,-0.05026314862963179,-0.0606603664341181,0.06705667749067906,-0.06052695959806442,0.0301344133913517,0.053221944719552994,1617.0,1618.0,1617.0,1618.0
150644718,-0.9946199646168682,-0.05198897983029781,-0.05936648905429068,0.06711104185684764,0.11475212126970291,-0.019738925620913506,0.060294076800346375,1618.0,1617.0,1618.0,1617.0
150745511,-0.9946510626513622,-0.05218786790577904,-0.058687199812018295,0.06709323802134735,0.011374158784747124,-0.07260756939649582,0.05403374508023262,1617.0,1618.0,1618.0,1617.0
150845471,-0.9946223447508133,-0.052975525245141424,-0.05842675060594223,0.06712897929379372,-0.001700516906566918,0.0720612108707428,0.056423284113407135,1618.0,1618.0,1617.0,1618.0
150945431,-0.994684746892236,-0.054639345806305396,-0.05579392242873514,0.06711061324264439,0.09954556077718735,0.022063223645091057,0.05930360034108162,1618.0,1617.0,1618.0,1618.0
151045391,-0.9948869310845895,-0.05402180141892888,-0.052920423851991985,0.06694078030518301,-0.06191583350300789,-0.07812652736902237,0.06521400064229965,1617.0,1618.0,1618.0,1618.0
151145351,-0.9948677871870408,-0.055028868056045885,-0.05221724485606339,0.06695721796545226,0.07549087703227997,0.08940578252077103,0.05893552303314209,1618.0,1617.0,1617.0,1618.0
151245311,-0.9950205710841458,-0.05371055787231925,-0.05083091673215154,0.06682407497746576,0.04700859263539314,-0.024756472557783127,0.05159199237823486,1618.0,1618.0,1618.0,1617.0
151345271,-0.9951498736147268,-0.05241251904512728,-0.04980328406700998,0.06670299684480653,-0.05482377111911774,-0.0062271845526993275,0.05957772955298424,1618.0,1618.0,1618.0,1618.0
151445231,-0.995165315313637,-0.0520307057458209,-0.04992135200646281,0.0666832772900989,0.08058256655931473,0.10281380265951157,0.05576559528708458,1618.0,1617.0,1617.0,1618.0
151545191,-0.9952700429478347,-0.050835108092877036,-0.04918505058927427,0.06658952015393574,0.06991066783666611,0.04463813826441765,0.050326164811849594,1618.0,1618.0,1618.0,1618.0
151645151,-0.9953063149437443,-0.05094508006530773,-0.04836317108106768,0.06656532080014953,-0.041343074291944504,-0.09382699429988861,0.05080777406692505,1617.0,1618.0,1618.0,1617.0
151745111,-0.996554889196198,-0.049655863879437094,-0.01373290292847825,0.0649927332760945,0.012263604439795017,-2.3136470317840576,0.07229717075824738,1618.0,1618.0,1615.0,1620.0
151845071,-0.8982242563983087,-0.015399504670646292,0.43773303165745414,0.036685603028688916,0.015561170876026154,-14.545723915100098,0.10427236557006836,1618.0,1618.0,1614.0,1622.0
151945031,0.008416780785733458,0.06469338958857009,0.9966919775990704,-0.0484667404969697,0.01357086468487978,-27.06136131286621,0.10647369921207428,1618.0,1618.0,1614.0,1622.0
152044991,-0.9949833944645818,-0.04479059985149456,0.0654445157769291,0.06098247501868858,0.0033672431018203497,-35.1384162902832,0.08959870040416718,1619.0,1619.0,1616.0,1622.0
152144951,-0.3538922033932096,-0.07946757205617917,-0.9289683872991558,0.07391176339258165,0.15269991755485535,-38.45664978027344,0.08524293452501297,1622.0,1622.0,1620.0,1624.0
152244911,0.760310198606149,0.003221227605937245,-0.6494662357392564,-0.010565709766485638,0.10130563378334045,-36.731075286865234,0.03449702262878418,1627.0,1627.0,1628.0,1626.0
152344871,-0.4521245671031281,-0.08678413599577682,-0.8834870451212641,0.08661714994256815,0.11071673035621643,-18.635700225830078,0.015439888462424278,1632.0,1632.0,1637.0,1627.0
152444831,-0.675045317996672,-0.0938362377286951,-0.7257241769321425,0.09398403138757223,0.10133613646030426,3.058563470840454,0.03844595327973366,1635.0,1634.0,1639.0,1629.0
152544791,-0.04539882882982402,-0.06925780972891604,-0.9936117083834777,0.076668605672079,0.30569905042648315,19.39730453491211,0.10956171154975891,1633.0,1633.0,1635.0,1628.0
152644751,0.9057627697440982,0.04584630138940762,-0.42047046200816907,-0.02639151706606309,0.23719988763332367,25.47810935974121,0.24293236434459686,1629.0,1630.0,1629.0,1626.0
152744711,0.662929752582739,0.11306546935631567,0.7311160033937998,-0.11493359979267145,0.42330384254455566,24.472654342651367,0.4402962923049927,1626.0,1626.0,1623.0,1622.0
152845504,-0.37177006624688536,0.019929268093834357,0.9243864619142567,-0.08306329601980102,0.5782325267791748,20.32839012145996,0.6877060532569885,1623.0,1623.0,1619.0,1620.0
152945464,-0.939629720026532,-0.11531482308672925,0.3216620369944406,0.0182212726208835,0.7194012999534607,15.547198295593262,0.9188084006309509,1621.0,1621.0,1617.0,1618.0
153045424,-0.9318365741823672,-0.18097670298002674,-0.29256983994501123,0.11545960656913412,0.48495668172836304,11.042466163635254,1.0826869010925293,1620.0,1620.0,1617.0,1617.0
153145384,-0.6989944577846937,-0.18048814254087833,-0.6689982344654161,0.1768393074816287,0.45064935088157654,7.762640953063965,1.1400765180587769,1619.0,1619.0,1617.0,1617.0
153245344,-0.4563333712750477,-0.1520931187355466,-0.8523538092074323,0.20523284684383372,0.16876304149627686,5.228992938995361,1.0915268659591675,1618.0,1618.0,1617.0,1618.0
153345304,-0.2747287487698037,-0.12109464270297958,-0.9300411203001134,0.21185777460108846,0.14787447452545166,3.4726810455322266,0.9385725259780884,1618.0,1618.0,1617.0,1618.0
153445264,-0.15140991905901038,-0.09671345053075958,-0.9616315440955896,0.20733142139413074,-0.1758745014667511,2.135000228881836,0.7749019265174866,1618.0,1618.0,1618.0,1618.0
153545224,-0.08350418680890238,-0.08126380527017615,-0.9755355438111021,0.18642330192219028,-0.3638561964035034,1.0426841974258423,0.6276676058769226,1618.0,1618.0,1618.0,1618.0
153645184,-0.05679701784578833,-0.07469069361944057,-0.9819950154702078,0.1639548372026226,-0.4005090594291687,0.42150259017944336,0.4917641580104828,1618.0,1618.0,1618.0,1619.0
153745144,-0.0525437409431766,-0.07236042631773905,-0.9860272128086282,0.14054700136132353,-0.40095439553260803,0.13730619847774506,0.3614652752876282,1618.0,1618.0,1618.0,1619.0
153845104,-0.06287164180783777,-0.07226800368710119,-0.9878502818601588,0.12237774686712029,-0.32102760672569275,-0.3399854302406311,0.2452857345342636,1618.0,1618.0,1619.0,1618.0
153945064,-0.0826784135956703,-0.07303290912564643,-0.9880682627987295,0.10747828692275217,-0.3128047585487366,-0.4176875650882721,0.15599246323108673,1618.0,1618.0,1619.0,1619.0
154045024,-0.10925092485062293,-0.07275406815919819,-0.9877305340398669,0.08461366976375517,-0.5716218948364258,-0.4985560178756714,0.09047231823205948,1618.0,1619.0,1619.0,1619.0
154144984,-0.1376809032618225,-0.07171086834897132,-0.9857382765617657,0.06497361278769442,-0.33943647146224976,-0.5443080067634583,0.08267103880643845,1619.0,1618.0,1618.0,1619.0
154244944,-0.1685630699767289,-0.06970035556858091,-0.9821019095604888,0.046948813736614574,-0.300873726606369,-0.5392550826072693,0.10084236413240433,1619.0,1619.0,1618.0,1619.0
154344904,-0.20062002946198326,-0.06758818484914815,-0.9767111352312883,0.03491130708923092,-0.2418479472398758,-0.6883338093757629,0.13394998013973236,1619.0,1618.0,1619.0,1618.0
154444864,-0.23316568379590932,-0.0644700876671359,-0.9700249097466631,0.023001003611928937,-0.3202235698699951,-0.6864123344421387,0.12269781529903412,1618.0,1619.0,1619.0,1619.0
154544824,-0.26399028146110376,-0.06143759524739832,-0.9624523739088743,0.01483176123987094,-0.10802335292100906,-0.5497968792915344,0.06627224385738373,1619.0,1618.0,1619.0,1619.0
154644784,-0.28889190060441583,-0.05845827176468281,-0.9555395213532916,0.00826579453999177,-0.2013133317232132,-0.44410112500190735,0.031316909939050674,1618.0,1619.0,1619.0,1619.0
154744744,-0.27347490184473494,-0.05754548900197557,-0.9601534121277782,0.0023280755832290304,-0.1036698967218399,2.021480083465576,0.021266112104058266,1619.0,1619.0,1621.0,1616.0
154844704,0.1733050092736367,-0.06606341092702457,-0.9822858829278975,-0.026747779308058182,0.005739066284149885,14.188432693481445,0.06576643884181976,1619.0,1619.0,1622.0,1615.0
154945497,0.9608144499274343,-0.03317985712304106,-0.2670815727166933,-0.06634849965985737,-0.024095619097352028,27.15131950378418,0.07388746738433838,1618.0,1618.0,1622.0,1615.0
155045457,-0.2133231136496596,-0.059929175441575756,-0.9751417284580816,0.000593745309460693,0.02864614501595497,35.45357894897461,0.03547118604183197,1618.0,1619.0,1622.0,1615.0
155145417,-0.9907821337905208,0.0030729377155718123,-0.12015758986316244,0.06247778816167254,0.07165659219026566,39.28895568847656,0.03317774832248688,1620.0,1620.0,1622.0,1618.0
155245377,-0.48927831732465815,0.060210375755330225,0.8691672131398444,0.03911258684962752,0.0038888987619429827,38.017791748046875,0.03234827518463135,1623.0,1623.0,1622.0,1624.0
155345337,-0.9398398696267574,-0.016728790482549893,-0.33612831288479095,0.05864234226371661,0.05157044529914856,19.693166732788086,0.016502510756254196,1627.0,1627.0,1622.0,1632.0
155445297,-0.7911058337655495,-0.04002868440434813,-0.6081896306759524,0.051523172895508146,0.20378796756267548,-2.497250556945801,0.006907808594405651,1629.0,1629.0,1624.0,1634.0
155545257,-0.9976978463206405,-0.0036863785594866564,0.02284463788387039,0.0637459063801477,0.019166750833392143,-19.117097854614258,-0.023084403946995735,1627.0,1628.0,1625.0,1631.0
155645217,-0.3662764986203872,0.05605241263707887,0.9286942061194465,0.015057394068135286,0.18488816916942596,-25.30356788635254,-0.06589774042367935,1624.0,1624.0,1623.0,1626.0
155745177,0.7731602506077453,0.0503401603541345,0.6295796255178994,-0.05760720674038994,0.12937399744987488,-24.3791446685791,-0.09568768739700317,1621.0,1622.0,1622.0,1622.0
155845137,0.9111358868886141,-0.003244002429698769,-0.40931330863776494,-0.04778584982963472,0.29533109068870544,-20.454179763793945,-0.09248964488506317,1620.0,1619.0,1620.0,1619.0
155945097,0.27698889088364653,-0.051675407252965565,-0.9593703783397828,0.014672551804974098,0.32450851798057556,-15.506888389587402,-0.08321474492549896,1618.0,1618.0,1619.0,1618.0
156045057,-0.3491060482308566,-0.07284531848374834,-0.9324070583166244,0.05861402788561027,0.12250634282827377,-11.013604164123535,-0.09350572526454926,1618.0,1618.0,1618.0,1618.0
156145017,-0.7232194855876392,-0.07948008172642969,-0.6813445750737561,0.08003788036094756,0.1986127644777298,-7.806578159332275,-0.11985332518815994,1617.0,1618.0,1619.0,1618.0
156244977,-0.8992252906884468,-0.08440297566330048,-0.42094605836082266,0.08410963224236366,0.34162986278533936,-5.426536560058594,-0.16068348288536072,1618.0,1617.0,1619.0,1617.0
156344937,-0.9677194480802096,-0.08594291279381563,-0.22367328692113403,0.07812263606500482,0.24675489962100983,-3.4487380981445312,-0.19293858110904694,1617.0,1618.0,1618.0,1618.0
156444897,-0.9891659576601939,-0.08686210632716385,-0.09484480945247713,0.07078237641195421,0.06308755278587341,-2.0793354511260986,-0.2048453688621521,1618.0,1618.0,1618.0,1618.0
156544857,-0.9938775002429836,-0.08722083869227018,-0.019114218506206752,0.06507446856849455,0.09289930760860443,-1.1642240285873413,-0.17702940106391907,1618.0,1618.0,1619.0,1618.0
156644817,-0.994023557200923,-0.08839092265606531,0.01580402669410967,0.06208417883716281,0.07986409217119217,-0.4842313528060913,-0.14852899312973022,1618.0,1618.0,1619.0,1618.0
156744777,-0.9937449819205981,-0.09076359502459365,0.020965554922053542,0.06158998484049217,0.06834433972835541,0.03845667093992233,-0.12176434695720673,1618.0,1618.0,1618.0,1618.0
156844737,-0.9935747278587292,-0.09372918686504442,0.010232955137630211,0.06260500234982067,0.057092320173978806,0.43496593832969666,-0.13236317038536072,1618.0,1618.0,1618.0,1619.0
156945530,-0.9931376504275551,-0.09695899562549799,-0.010179102192704962,0.0645983463339483,0.05258020758628845,0.42768439650535583,-0.1439693123102188,1618.0,1618.0,1619.0,1618.0
157045490,-0.9923605268702561,-0.09614152191325355,-0.03822638419661623,0.06720220253268457,-0.10554829239845276,0.5855990052223206,-0.15262190997600555,1619.0,1618.0,1618.0,1619.0
157145450,-0.9916466987618849,-0.08385550185316341,-0.06957199746216926,0.06902765252225751,-0.3424750566482544,0.7165364623069763,-0.15561042726039886,1618.0,1618.0,1618.0,1619.0
157245410,-0.9900605482303321,-0.07073809539218938,-0.09954360932575393,0.06976605579034521,-0.19822803139686584,0.48457062244415283,-0.13763581216335297,1619.0,1618.0,1619.0,1618.0
157345370,-0.9872042406830105,-0.05983522334579599,-0.13026029478170098,0.06985548531091793,-0.16487254202365875,0.5628352165222168,-0.09541205316781998,1618.0,1618.0,1618.0,1618.0
157445330,-0.9837678393036343,-0.05162604513362851,-0.15720279974853102,0.0694468830613916,-0.23748548328876495,0.6133580803871155,-0.06628252565860748,1618.0,1619.0,1618.0,1619.0
157545290,-0.9801131757664592,-0.04922803673969992,-0.17924917850440636,0.06945858545375161,0.040458690375089645,0.35892632603645325,-0.04414290562272072,1619.0,1618.0,1619.0,1618.0
157645250,-0.9763186444260943,-0.04728216902267802,-0.19939295344948701,0.06934515955130009,0.009336921386420727,0.3407738506793976,-0.0350583977997303,1618.0,1618.0,1618.0,1619.0
157745210,-0.9732358601151709,-0.04530641278139263,-0.21446061340547964,0.06903575048126157,-0.10818897187709808,0.35688626766204834,-0.026758898049592972,1618.0,1619.0,1618.0,1619.0
157845170,-0.9713989479226054,-0.04443969923008036,-0.22285948937763986,0.06886831710977895,-0.0450596883893013,0.09514909237623215,-0.028548328205943108,1618.0,1618.0,1619.0,1618.0
157945130,-0.9701419460429784,-0.04482963632243126,-0.22816489547806487,0.06896150162681403,0.10928697884082794,0.042928777635097504,-0.029085157439112663,1619.0,1618.0,1618.0,1619.0
158045090,-0.9699850074823396,-0.04645817212074423,-0.22839097231827546,0.06934181470222332,0.05818063020706177,0.04333111643791199,-0.031562671065330505,1618.0,1619.0,1618.0,1619.0
158145050,-0.9715567437575932,-0.04814663812072925,-0.22114082492899859,0.06968594152722676,0.016329994425177574,-0.21746939420700073,-0.030672593042254448,1618.0,1619.0,1619.0,1618.0
158245010,-0.9730578228240987,-0.05239200492504114,-0.21315615037713756,0.07055499144042662,0.15620754659175873,-0.17420098185539246,-0.024965113028883934,1619.0,1618.0,1618.0,1619.0
158344970,-0.9752796657439444,-0.05411042858502675,-0.2022257831777705,0.07075569039209548,0.1485661268234253,-0.12427300214767456,-0.02855580486357212,1619.0,1618.0,1618.0,1619.0
158444930,-0.9780246685090916,-0.05510685802013313,-0.1882379223473701,0.07069276184430612,-0.056807707995176315,-0.3567155599594116,-0.01829260028898716,1618.0,1619.0,1619.0,1618.0
158544890,-0.9803904182897002,-0.0573355878837228,-0.17474367078385322,0.07079482755653108,0.12267592549324036,-0.23892277479171753,-0.014961241744458675,1619.0,1618.0,1618.0,1619.0
158644850,-0.9830610219697952,-0.057202065406723034,-0.15927534126877277,0.07035848534912333,0.04071294888854027,-0.2741410434246063,-0.006648355163633823,1618.0,1619.0,1619.0,1619.0
158744810,-0.9853935202838294,-0.05829534657650075,-0.1438480594155751,0.07006424589290208,0.07911933213472366,-0.35952091217041016,-0.008467166684567928,1619.0,1618.0,1619.0,1619.0
158844770,-0.9876436033546663,-0.05727892555409827,-0.12830106810115918,0.06941234302399385,-0.06698406487703323,-0.23943036794662476,-0.003706498071551323,1618.0,1619.0,1618.0,1619.0
158944730,-0.9894214095781302,-0.059509875284063346,-0.11280258726210633,0.06913338787500703,0.12249068170785904,-0.3661291301250458,-0.003600276540964842,1619.0,1618.0,1619.0,1618.0
159045523,-0.9908273960930022,-0.059198086777872916,-0.10024794093874757,0.06860763813848929,0.045967742800712585,-0.1921556442975998,-0.0010482938960194588,1619.0,1619.0,1618.0,1619.0
159145483,-0.992053259190424,-0.0578794320987365,-0.08863291031571606,0.06800374606263788,-0.04872259125113487,-0.17475669085979462,0.0029735267162323,1618.0,1619.0,1619.0,1618.0
159245443,-0.9928242154868232,-0.0591968070319527,-0.07881840687730722,0.06770135831369355,0.1231040433049202,-0.257377952337265,0.006792162545025349,1619.0,1618.0,1619.0,1619.0
159345403,-0.9936570954093519,-0.05757923649248167,-0.06942509836662149,0.06715924347681468,-0.00293024443089962,-0.10072757303714752,0.012582275085151196,1618.0,1619.0,1618.0,1619.0
159445363,-0.994475098240229,-0.05630661586782919,-0.058438396553036114,0.06658676894030689,0.020325874909758568,-0.26346147060394287,0.012035773135721684,1619.0,1618.0,1619.0,1618.0
159545323,-0.9949981520677721,-0.05538107865863608,-0.05033555738166618,0.0661660424341788,-0.00013378231960814446,-0.08819327503442764,0.014650601893663406,1618.0,1619.0,1618.0,1619.0
159645283,-0.9953932658251403,-0.05541036049106145,-0.04233547709835778,0.06580004315398838,-0.014661160297691822,-0.17195872962474823,0.015493249520659447,1619.0,1619.0,1619.0,1618.0
159745243,-0.995546642387374,-0.05697101484515495,-0.03658941317556687,0.06559269122552475,0.15510308742523193,-0.15104736387729645,0.019102664664387703,1619.0,1618.0,1619.0,1619.0
159845203,-0.9956512123369462,-0.05852548814510215,-0.031274675799840675,0.06538597145383573,0.0044029769487679005,-0.029070943593978882,0.021517468616366386,1618.0,1619.0,1618.0,1619.0
159945163,-0.9957884086788629,-0.0594469846230862,-0.025174318686479468,0.06509804020638495,0.010429765097796917,-0.08895192295312881,0.01770232804119587,1619.0,1619.0,1619.0,1619.0
160045123,-0.9959857460371528,-0.05869624155283116,-0.01926326261334928,0.06477709187573048,0.04765961691737175,-0.1952091008424759,0.0109318308532238,1619.0,1619.0,1619.0,1618.0
160145083,-0.9961834216557732,-0.05687001393953539,-0.014888850103685172,0.0645190985313891,-0.05510466918349266,-0.06909926235675812,0.017993919551372528,1618.0,1619.0,1618.0,1619.0
160245043,-0.9961833714262758,-0.057644553635602336,-0.012207173412283953,0.06439550331516412,0.07908397912979126,0.0195913165807724,0.029911557212471962,1619.0,1618.0,1619.0,1619.0
160345003,-0.996122455982404,-0.05888215908266598,-0.011371277727831645,0.0643710965588112,0.08388875424861908,-0.07344900071620941,0.040936388075351715,1619.0,1619.0,1619.0,1618.0
160444963,-0.996125457570077,-0.05850651635962978,-0.012639741395108569,0.06443056155063429,-0.08338506519794464,0.004743419587612152,0.04613303765654564,1618.0,1619.0,1619.0,1619.0
160544923,-0.9961683424387651,-0.05799158300167967,-0.011874443239038952,0.06437862550198972,0.07778564840555191,0.056374017149209976,0.04375121369957924,1619.0,1618.0,1619.0,1619.0
160644883,-0.9962826786865255,-0.056339861064208595,-0.010667542329288252,0.06428722847595708,-0.006588971242308617,-0.06243469566106796,0.04554871469736099,1619.0,1619.0,1619.0,1618.0
160744843,-0.9962354120829705,-0.05673518789888107,-0.012283924300716365,0.0643834401824485,0.028392333537340164,0.13557104766368866,0.04534600302577019,1619.0,1619.0,1618.0,1619.0
160844803,-0.9961234639730666,-0.057897188020624664,-0.014820127254161293,0.06454706786348686,0.12705011665821075,0.09058668464422226,0.033249564468860626,1619.0,1618.0,1618.0,1619.0
160944763,-0.9959816214786741,-0.059010760904689305,-0.018476651429383973,0.06478389557689361,0.10049726068973541,0.1420835256576538,0.03919195011258125,1619.0,1619.0,1619.0,1619.0
161044723,-0.9958119040804096,-0.0611195057219593,-0.020209070855152146,0.06492034478669904,0.07501724362373352,-0.0845741480588913,0.06989390403032303,1619.0,1618.0,1619.0,1618.0
161145516,-0.9959188079823075,-0.05899038648689617,-0.021260256887178978,0.0649142795255225,-0.029733572155237198,-0.006198983173817396,0.06317617744207382,1619.0,1619.0,1619.0,1619.0
161245476,-0.996008692277073,-0.05762635856533283,-0.020974853118819005,0.06485324389464753,0.02529994025826454,0.03266607224941254,0.06289356201887131,1619.0,1618.0,1619.0,1619.0
161345436,-0.9959384281807004,-0.05764546610092561,-0.02360140912240969,0.06501246802267445,0.10519278794527054,0.061682019382715225,0.021664666011929512,1619.0,1618.0,1619.0,1619.0
161445396,-0.9959411675050446,-0.05730629606744665,-0.024149231813212834,0.06506914708639396,0.06548284739255905,-0.04800622910261154,0.01830487884581089,1619.0,1619.0,1619.0,1619.0
161545356,-0.9958605092785835,-0.05894740154966905,-0.02346600336425465,0.0650876070849998,0.05155698582530022,0.06334928423166275,0.06336859613656998,1619.0,1619.0,1618.0,1619.0
161645316,-0.9958771597507863,-0.060134433562803666,-0.020006052659100455,0.0649021605479277,0.04797416552901268,-0.1141926720738411,0.09481391310691833,1619.0,1619.0,1619.0,1618.0
161745276,-0.9958738811085929,-0.06104329752073165,-0.01777153915997627,0.06475415932115229,0.08348631858825684,-0.014191558584570885,0.10553177446126938,1619.0,1618.0,1619.0,1619.0
161845236,-0.9959679105354577,-0.059190383270010326,-0.018738021248589223,0.06475574315588656,-0.020448405295610428,0.02764737606048584,0.04795242100954056,1619.0,1619.0,1619.0,1619.0
161945196,-0.9960613082962355,-0.05726948393654731,-0.019617061583777462,0.06478616534146456,-0.10245444625616074,0.027770601212978363,0.01378446165472269,1618.0,1619.0,1619.0,1619.0
162045156,-0.9961356848807142,-0.055613560744746625,-0.020427527223059867,0.06483475379819106,-0.10169313848018646,0.025945045053958893,-0.00111438799649477,1619.0,1619.0,1619.0,1619.0
162145116,-0.9964329185692103,-0.050256074224476026,-0.020159050496517283,0.06472540828970058,-0.08168303221464157,-0.08984050154685974,0.045221418142318726,1619.0,1619.0,1619.0,1618.0
162245076,-0.9966148149715363,-0.04604338614773103,-0.021380194166083794,0.06466687303961877,-0.05631081759929657,0.016243722289800644,0.08209986239671707,1619.0,1619.0,1619.0,1619.0
162345036,-0.9966383080924932,-0.044702152288551275,-0.023031176767634692,0.0646789403129144,0.11974649876356125,0.07430271804332733,0.0776127502322197,1619.0,1619.0,1619.0,1619.0
162444996,-0.9962345190844387,-0.051577444307450405,-0.025270393979165195,0.06494580364771053,0.17958088219165802,0.06543299555778503,0.06892739981412888,1619.0,1619.0,1619.0,1619.0
162544956,-0.9957125251121758,-0.0597951596149165,-0.026857144209155682,0.06526714354321117,0.15714804828166962,0.05515844374895096,0.0451839417219162,1618.0,1619.0,1619.0,1619.0
162644916,-0.9952656490549039,-0.06590461387906031,-0.02834236204976876,0.06557118417576975,0.033303119242191315,0.046861764043569565,0.01210973784327507,1619.0,1619.0,1619.0,1619.0
162744876,-0.99515862705645,-0.06700807985696486,-0.029233356689383545,0.06568588193573609,0.016753466799855232,0.07384714484214783,0.046422891318798065,1619.0,1619.0,1619.0,1619.0
162844836,-0.9951238091706452,-0.06693340394607561,-0.030432000278828374,0.06574509272125335,0.012955441139638424,-0.06406714767217636,0.07478433102369308,1619.0,1619.0,1619.0,1618.0
162944796,-0.9950120566730871,-0.0669706285398989,-0.03351098787131152,0.06590110530221041,0.017814092338085175,0.1270453929901123,0.10092633962631226,1619.0,1619.0,1618.0,1619.0
163044756,-0.9948152763657686,-0.06673394318234598,-0.03886106062211085,0.06617374633462798,-0.023576410487294197,0.11296765506267548,0.09054116904735565,1619.0,1619.0,1619.0,1619.0
163144716,-0.9947106884022815,-0.06536613977770514,-0.04329257902226211,0.06636012922246436,0.07609189301729202,0.0919487252831459,0.05127947777509689,1619.0,1618.0,1619.0,1619.0
163245509,-0.994860876521222,-0.061852556300983005,-0.045058064453959296,0.0663013459450293,-0.08607461303472519,-0.022130265831947327,0.03910481184720993,1619.0,1619.0,1619.0,1618.0
163345469,-0.9952057778261107,-0.05711798346467887,-0.044095593171074705,0.06601950022035749,-0.06546555459499359,-0.04691576585173607,0.07732735574245453,1619.0,1619.0,1619.0,1619.0
163445429,-0.9954895455289815,-0.05323514866901954,-0.04293683105970929,0.0657496176965267,-0.052699215710163116,0.059715673327445984,0.10064700990915298,1619.0,1619.0,1618.0,1619.0
163545389,-0.9957736152846314,-0.05251360686449143,-0.037345492705169785,0.06544113669294559,0.10223757475614548,-0.08833634108304977,0.06780669838190079,1619.0,1618.0,1619.0,1619.0
163645349,-0.9959217091614209,-0.05303793326947997,-0.03269619993187344,0.06525247401831917,0.1046505942940712,-0.0720972940325737,0.03887941688299179,1619.0,1619.0,1619.0,1619.0
163745309,-0.9956511811898169,-0.05699271873874226,-0.03383867515291988,0.06546372636800042,0.0908210352063179,0.1444951593875885,0.04426145181059837,1619.0,1619.0,1619.0,1619.0
163845269,-0.99512586565242,-0.06068123019763928,-0.04109609558064432,0.06598038147244634,0.07793697714805603,0.2260747104883194,0.06294947862625122,1619.0,1619.0,1619.0,1619.0
163945229,-0.9947125948085663,-0.061857674284669144,-0.0480930652997166,0.06638929831966875,0.024097973480820656,0.1834581047296524,0.06669002026319504,1619.0,1619.0,1619.0,1619.0
164045189,-0.9944125909865473,-0.0600115914073143,-0.055660002917993105,0.06666462224712909,-0.01034380029886961,0.1538960486650467,0.0425504669547081,1619.0,1619.0,1619.0,1619.0
164145149,-0.9940501318100053,-0.05971728609752824,-0.061767665354097834,0.06695473625040489,0.03358948230743408,0.12880009412765503,0.03782910853624344,1619.0,1619.0,1619.0,1619.0
164245109,-0.9936483582188207,-0.060728770550597715,-0.06670750667693115,0.06726860478263583,0.033386122435331345,0.10752846300601959,0.035368770360946655,1619.0,1619.0,1619.0,1619.0
164345069,-0.9933086336560115,-0.0614556433473838,-0.07072461466314231,0.06752178230717017,0.028674306347966194,0.09255782514810562,0.03518475592136383,1619.0,1619.0,1619.0,1619.0
164445029,-0.9933065312767027,-0.06137874370682794,-0.07081706879178995,0.06752575443307027,-0.02447318658232689,-0.07249163836240768,0.03861306607723236,1619.0,1619.0,1619.0,1619.0
164544989,-0.9940866533214965,-0.05563169679838534,-0.06501630253808918,0.06685596759957248,-0.11118780076503754,-0.16967280209064484,0.03949933499097824,1620.0,1619.0,1619.0,1619.0
164644949,-0.9956092279604457,-0.04267562671009937,-0.051418736261003364,0.06555280044534154,-0.2047318071126938,-0.3612574338912964,0.03994818776845932,1620.0,1619.0,1619.0,1619.0
164744909,-0.9968542649459533,-0.02923092732523288,-0.035606395838971336,0.0644927276685417,-0.2310694456100464,-0.2892473638057709,0.07688481360673904,1619.0,1620.0,1619.0,1619.0
164844869,-0.997427161415747,-0.02233718880206905,-0.023335851906029006,0.06399645054505745,-0.12857981026172638,-0.2625127136707306,0.08723190426826477,1619.0,1619.0,1620.0,1619.0
164944829,-0.9974831251808252,-0.02217014903659126,-0.021164725040198677,0.06393710882705451,0.019997645169496536,-0.013806179165840149,0.04380640387535095,1619.0,1619.0,1619.0,1619.0
165044789,-0.9974258505569572,-0.02227484390105103,-0.023445036817863432,0.06399870481911003,0.018413962796330452,0.16413240134716034,0.00748119130730629,1619.0,1619.0,1619.0,1620.0
165144749,-0.9973102345470765,-0.023406484850174346,-0.026703465729767333,0.06411986784634677,0.06000954657793045,0.07222194969654083,0.011331423185765743,1619.0,1620.0,1619.0,1619.0
165244709,-0.997122913249322,-0.025675190628976184,-0.03091677987818121,0.06427155810554819,-0.05736007168889046,0.10611842572689056,0.05228224769234657,1619.0,1620.0,1619.0,1619.0
165345502,-0.9968507361085136,-0.030797307494050984,-0.034364220037652944,0.0644921402361194,0.17159821093082428,0.08437208086252213,0.0827564224600792,1620.0,1619.0,1619.0,1619.0
165445462,-0.9965542315700684,-0.03623498694134635,-0.037124961030115526,0.06471805412451404,0.1736314296722412,0.0545179545879364,0.09497644007205963,1619.0,1619.0,1620.0,1619.0
165545422,-0.996106895796848,-0.041637139262012096,-0.04244437148827469,0.06508360860469127,0.13642995059490204,0.1227874904870987,0.04931221529841423,1619.0,1619.0,1619.0,1620.0
165645382,-0.9956456831559845,-0.047330372002564534,-0.046463959964259664,0.065502747449184,0.11754269152879715,0.139388307929039,0.010121092200279236,1619.0,1619.0,1619.0,1619.0
165745342,-0.995418684215173,-0.051138036211440994,-0.04695242305220747,0.06574202869776476,0.049785446375608444,-0.048988670110702515,-0.006436959374696016,1619.0,1619.0,1620.0,1619.0
165845302,-0.9954621443882898,-0.051008664344896086,-0.04617358394941346,0.06573610421133694,-0.060860756784677505,-0.02188749425113201,0.013914375565946102,1619.0,1620.0,1619.0,1619.0
165945262,-0.9955696010536362,-0.05060683373661935,-0.04440668303307157,0.06563660822329385,0.06975339353084564,-0.015322454273700714,0.06091804802417755,1620.0,1619.0,1619.0,1619.0
166045222,-0.995569255286932,-0.04953928180743258,-0.0456554862606494,0.0655994974045607,-0.057397112250328064,0.08762755990028381,0.0863821879029274,1619.0,1620.0,1619.0,1619.0
166145182,-0.9953897849367954,-0.04976760468725398,-0.04904967694111099,0.06570000577736736,-0.01677222177386284,0.13959985971450806,0.0821453258395195,1619.0,1619.0,1619.0,1620.0
166245142,-0.9952168127510788,-0.05155066256121543,-0.05051261037082814,0.06583692733268327,0.05051746219396591,-0.010886000469326973,0.03426453098654747,1619.0,1619.0,1620.0,1619.0
166345102,-0.9949422517045369,-0.05313105488077921,-0.053850783251194266,0.06608403682883338,0.04683931544423103,0.13372734189033508,-0.0021285710390657187,1619.0,1619.0,1619.0,1620.0
166445062,-0.9948904340711417,-0.05364542485387308,-0.05419415485301775,0.06616786354228137,0.050585806369781494,-0.014536602422595024,-0.011583779938519001,1620.0,1619.0,1619.0,1619.0
166545022,-0.9948320857308433,-0.051676534769615756,-0.05708188622870372,0.06618394986096114,-0.08248627930879593,0.09354399889707565,0.03722745180130005,1619.0,1620.0,1619.0,1619.0
166644982,-0.9946965117222872,-0.05135588828824303,-0.05961773179591584,0.06623555209364188,-0.1082732155919075,0.012214899063110352,0.08034343272447586,1619.0,1620.0,1620.0,1619.0
166744942,-0.9945585082512268,-0.0520476796766146,-0.061215644042877736,0.06631031314803572,-0.006493601948022842,0.10309245437383652,0.056828372180461884,1619.0,1619.0,1619.0,1620.0
166844902,-0.9946471904371542,-0.05117853152827867,-0.06059199813120427,0.06622940607126565,0.0008821082301437855,-0.09490179270505905,0.012050607241690159,1619.0,1619.0,1620.0,1619.0
166944862,-0.9945723625568201,-0.05119598692468185,-0.06171900165520727,0.06629895470999267,0.03982795029878616,0.03710653632879257,0.005030040629208088,1620.0,1619.0,1619.0,1619.0
167044822,-0.9946487394157172,-0.052043976787738054,-0.059769626275860466,0.06627896675179923,0.08214282244443893,-0.02671564370393753,0.04465788975358009,1619.0,1619.0,1619.0,1619.0
167144782,-0.9946542634912189,-0.05145384194390655,-0.06022960059012989,0.06624042180350229,-0.07620508223772049,-0.005450810771435499,0.052931368350982666,1619.0,1620.0,1619.0,1619.0
167244742,-0.9946034755597104,-0.05055261196777783,-0.061822021639982905,0.06622988349775033,-0.036141958087682724,0.08798477053642273,0.042795129120349884,1619.0,1619.0,1619.0,1619.0
167344702,-0.994590753627527,-0.05058165162974659,-0.06198382127960942,0.06624752989064803,0.07852118462324142,-0.07888282835483551,0.0060841976664960384,1620.0,1619.0,1620.0,1619.0
167445495,-0.9945499240967188,-0.04936127654390206,-0.06360685794069473,0.06624258811429175,-0.11355268955230713,0.004398094490170479,0.01788324862718582,1619.0,1620.0,1619.0,1619.0
167545455,-0.9945423010279881,-0.04960395832525774,-0.06352470912802279,0.06625458561202459,0.07067182660102844,0.10389135032892227,0.03322065621614456,1620.0,1619.0,1619.0,1620.0
167645415,-0.9947043447106546,-0.04876902634906171,-0.06174774283991661,0.06612159206255762,0.05081389471888542,-0.0556642971932888,0.04214927554130554,1619.0,1619.0,1620.0,1619.0
167745375,-0.9947542413674132,-0.04924029862191305,-0.060587100957417934,0.06609535135501493,-0.03713584318757057,-0.021927321329712868,0.039884839206933975,1619.0,1619.0,1619.0,1619.0
167845335,-0.9947440894479029,-0.05000752915697191,-0.06009798447988699,0.06611864939283234,0.07878090441226959,0.051614269614219666,0.034735437482595444,1620.0,1619.0,1619.0,1620.0
167945295,-0.9949981803005589,-0.049098490675610895,-0.05675692396361341,0.0659288327982694,-0.05243251100182533,-0.12472250312566757,0.03364909067749977,1619.0,1620.0,1620.0,1619.0
168045255,-0.9950346323374787,-0.04923973242312448,-0.05601900035032265,0.06590448239435884,0.02145170234143734,0.030489802360534668,0.02655334584414959,1619.0,1619.0,1619.0,1620.0
168145215,-0.9952658798349073,-0.04733040788492777,-0.05374657267257408,0.0657036289092611,-0.09536337107419968,-0.007921445183455944,0.035145483911037445,1619.0,1620.0,1620.0,1619.0
168245175,-0.995250092235681,-0.04877168583866252,-0.052699209517581204,0.06573712711661128,0.09100396931171417,-0.0875186026096344,0.03397836163640022,1620.0,1619.0,1620.0,1619.0
168345135,-0.9952886194414864,-0.04834897461426049,-0.05241117768095678,0.06569634021850014,-0.0030203175265341997,0.07662130147218704,0.032295048236846924,1619.0,1620.0,1619.0,1620.0
168445095,-0.9953062299703959,-0.04844008802030445,-0.05200745096765554,0.06568326650334619,-0.03782231733202934,0.07677680253982544,0.026148544624447823,1619.0,1619.0,1619.0,1619.0
168545055,-0.9953371641005441,-0.04883621758062289,-0.05105418415018176,0.06566904821499955,0.14776164293289185,-0.044757768511772156,0.023851659148931503,1620.0,1619.0,1619.0,1619.0
168645015,-0.9953352323277086,-0.04811451643450783,-0.051788202731080035,0.06565630703370753,0.0714978575706482,0.1149999275803566,0.02912060357630253,1619.0,1619.0,1619.0,1620.0
168744975,-0.9955236244676542,-0.047249623830055515,-0.049085669342230104,0.06550407040733022,-0.03978439420461655,-0.05045931413769722,0.03086180053651333,1619.0,1620.0,1620.0,1619.0
168844935,-0.9955345953221321,-0.04916402282597991,-0.04692547151179701,0.0655115905757199,0.11687557399272919,-0.09687428921461105,0.030097806826233864,1620.0,1619.0,1620.0,1619.0
168944895,-0.9954726230125558,-0.04923298270581287,-0.04809307530386117,0.06555475844062265,0.0420478954911232,0.10788820683956146,0.030971458181738853,1619.0,1619.0,1619.0,1620.0
169044855,-0.9956011502150112,-0.04858249993292982,-0.04620578467222515,0.06544551820894758,-0.0858435183763504,-0.0401766300201416,0.027813615277409554,1619.0,1620.0,1620.0,1619.0
169144815,-0.9955900052872813,-0.04847307717880484,-0.04655337442428396,0.06544987005794171,0.01892676018178463,-0.028856854885816574,0.025961734354496002,1620.0,1619.0,1619.0,1619.0
169244775,-0.9956032942052359,-0.047822567842408445,-0.04696405235758617,0.06543286910104802,-0.003182521089911461,0.10898055881261826,0.02365526556968689,1619.0,1620.0,1619.0,1620.0
169344735,-0.9956001873632939,-0.04862923628251395,-0.04618290792781474,0.06544160233432876,0.07222520560026169,-0.0647662803530693,0.02295520342886448,1620.0,1619.0,1620.0,1619.0
169445528,-0.9955708794238245,-0.047396604725565124,-0.04804594113647562,0.06545054196927441,-0.037474844604730606,0.12008288502693176,0.027662672102451324,1619.0,1620.0,1619.0,1620.0
169545488,-0.9956410885227827,-0.04722240785990401,-0.04682719962893068,0.06539174577875675,-0.008526810444891453,-0.05762765556573868,0.029515232890844345,1620.0,1619.0,1620.0,1619.0
169645448,-0.9955897697268,-0.04802315775915203,-0.0470450808925124,0.06543353190829565,0.11162781715393066,0.004441810306161642,0.030240647494792938,1620.0,1619.0,1619.0,1620.0
169745408,-0.9953689008702028,-0.051288420000952746,-0.04799310852768271,0.06562705759136553,0.040672145783901215,0.15841048955917358,0.03360980376601219,1619.0,1620.0,1619.0,1620.0
169845368,-0.9951964509976625,-0.05492773007628399,-0.04733709983010892,0.06577360694076627,-0.04993806406855583,-0.07923194020986557,0.03640022501349449,1619.0,1620.0,1620.0,1619.0
169945328,-0.994943430958214,-0.05843999365548012,-0.04814933590879733,0.0659846784199704,0.1483900547027588,0.10559729486703873,0.029323721304535866,1620.0,1619.0,1619.0,1620.0
170045288,-0.9948557014556143,-0.059700873516592375,-0.04832063904613723,0.06605342402015604,-0.03703049570322037,0.025084255263209343,0.029084624722599983,1619.0,1620.0,1620.0,1619.0
170145248,-0.9946228306522401,-0.062197862022461324,-0.04967473875308225,0.06625157383016161,0.11753713339567184,0.041149165481328964,0.023053161799907684,1620.0,1619.0,1620.0,1620.0
170245208,-0.9945006069249058,-0.06384269497780214,-0.04990015789809043,0.066352297365735,0.0900365486741066,0.07395688444375992,0.022843632847070694,1620.0,1620.0,1620.0,1620.0
170345168,-0.9946200560907689,-0.06306728220406035,-0.048631255768766715,0.06624547456047138,-0.08574657887220383,-0.10245224088430405,0.022750165313482285,1619.0,1620.0,1620.0,1619.0
170445128,-0.9946545182565276,-0.06288637827495071,-0.04819812009821926,0.06621656860886456,0.002317514969035983,0.01465698517858982,0.01941116340458393,1620.0,1620.0,1619.0,1620.0
170545088,-0.9946357102194633,-0.06352787332915366,-0.04773567049269637,0.0662217413627242,0.052968528121709824,0.08367297798395157,0.03505537658929825,1620.0,1620.0,1619.0,1620.0
170645048,-0.9945918016458589,-0.06398881943552498,-0.048011450450983754,0.06623805335066099,-0.06713134050369263,-0.031862128525972366,0.04838386923074722,1619.0,1620.0,1620.0,1619.0
170745008,-0.9944173730527114,-0.06539932279162378,-0.04950546556112039,0.066379406662898,0.08585380762815475,0.04442649707198143,0.03880513086915016,1620.0,1619.0,1620.0,1620.0
170844968,-0.9945190263793093,-0.0641624022872063,-0.049191176725990604,0.06629721287201909,0.0011692296247929335,0.0269431471824646,0.0112674031406641,1619.0,1620.0,1620.0,1620.0
170944928,-0.9944922147830945,-0.06390996663713483,-0.04997952052303051,0.0663535864030258,-0.0264150220900774,0.09330032765865326,-0.007826236076653004,1620.0,1620.0,1619.0,1620.0
171044888,-0.9945902272035083,-0.06333298770326716,-0.04885537879933863,0.0662749166896866,-0.008936595171689987,-0.014713694341480732,0.02379339560866356,1620.0,1620.0,1620.0,1619.0
171144848,-0.9945407717271805,-0.06302023611603476,-0.050199781787421904,0.06631052043739896,0.022525843232870102,0.0328400544822216,0.05686553567647934,1619.0,1620.0,1619.0,1620.0
171244808,-0.9947489485236222,-0.06001106518893845,-0.050015299138821454,0.06611861551856171,-0.1709614098072052,-0.03196309506893158,0.03676355630159378,1619.0,1620.0,1620.0,1620.0
171344768,-0.9947980248597459,-0.059047204921382095,-0.05023268425012045,0.06608324113683013,0.05426768958568573,0.11451127380132675,0.011605197563767433,1620.0,1619.0,1619.0,1620.0
171444728,-0.9948943507511009,-0.057497395242802535,-0.0502218032141598,0.06600796062412981,0.08594434708356857,0.02024553343653679,0.01637442409992218,1620.0,1620.0,1620.0,1619.0
171545521,-0.9949830689965621,-0.05507802295135279,-0.051285197508073935,0.06591610057118513,-0.01596613973379135,0.0010050783166661859,0.05030420050024986,1619.0,1620.0,1620.0,1620.0
171645481,-0.9950701364654476,-0.05478706376946494,-0.050016410239540995,0.0658191451243945,0.022029293701052666,0.020913785323500633,0.04857609048485756,1620.0,1620.0,1619.0,1620.0
171745441,-0.9953236724673447,-0.0535699745827014,-0.04646788999693804,0.0655879565816716,-0.0027895718812942505,-0.02686614729464054,0.028227543458342552,1620.0,1620.0,1620.0,1620.0
171845401,-0.9954807924247417,-0.05377712702676388,-0.04291935853268529,0.06545182339170023,0.09890434890985489,-0.11526993662118912,0.0062347352504730225,1620.0,1619.0,1620.0,1619.0
171945361,-0.9955643891746804,-0.05522114214193534,-0.03914978846639903,0.06534115495475998,0.08205995708703995,-0.07147476077079773,0.04033347964286804,1620.0,1620.0,1620.0,1620.0
172045321,-0.9956082469927611,-0.05689504144000226,-0.03569476344761655,0.06521546321203611,0.02728409692645073,0.04247797280550003,0.05533831566572189,1619.0,1620.0,1619.0,1620.0
172145281,-0.99567462422837,-0.05801238004820906,-0.03214877979528614,0.06506198879922598,0.1253398060798645,-0.02230915054678917,0.02829046919941902,1620.0,1619.0,1620.0,1620.0
172245241,-0.9957941450431111,-0.056961426210618345,-0.03049838157584753,0.0649558722762287,-0.05110413208603859,-0.014807148836553097,-0.002438777592033148,1619.0,1620.0,1620.0,1620.0
172345201,-0.9958668154554308,-0.0565237332016188,-0.02903055982108841,0.06489668755865421,-0.024552693590521812,-0.07027673721313477,-0.0026842441875487566,1620.0,1620.0,1620.0,1619.0
172445161,-0.9957153834736938,-0.05932284302108686,-0.02847907650084107,0.06496628057223029,0.062377914786338806,-0.05627267062664032,0.030003264546394348,1620.0,1620.0,1620.0,1620.0
172545121,-0.9956671287320122,-0.05904059343652666,-0.030494980217443974,0.06504793056470826,-0.044265519827604294,0.03579912707209587,0.05251019820570946,1620.0,1620.0,1620.0,1620.0
172645081,-0.9958060451142559,-0.05637566259424861,-0.031195490355392142,0.06495341840465929,-0.03339175134897232,0.07172087579965591,0.0780564621090889,1620.0,1620.0,1620.0,1620.0
172745041,-0.9957618165730364,-0.05512996236791288,-0.03447194946126322,0.06504442024354842,0.07965807616710663,0.07527421414852142,0.0317172147333622,1620.0,1619.0,1620.0,1620.0
172845001,-0.9957486013103986,-0.05344248479130641,-0.03724952781871594,0.06512370140738981,-0.035767558962106705,0.06497910618782043,-0.005437797401100397,1619.0,1620.0,1620.0,1620.0
172944961,-0.9957226288837147,-0.05235087951503866,-0.039296515126598694,0.06520441428163727,-0.06871496886014938,0.05365020036697388,-0.016118591651320457,1620.0,1620.0,1620.0,1620.0
173044921,-0.9959222289287047,-0.04854249189703025,-0.0393541217291159,0.06506760721770305,-0.053067270666360855,0.0654890239238739,0.019232891499996185,1620.0,1620.0,1619.0,1620.0
173144881,-0.9961681203097208,-0.04527243542564964,-0.03735006074032017,0.06484177381844568,-0.03867228701710701,-0.016452951356768608,0.04870269447565079,1620.0,1620.0,1620.0,1620.0
173244841,-0.9962273183485935,-0.04615809972229248,-0.034741477645055786,0.06475793184649527,0.09393830597400665,-0.0289602130651474,0.045802678912878036,1620.0,1619.0,1620.0,1620.0
173344801,-0.9961749735905616,-0.04809303142427578,-0.03354700518316456,0.06478488067063456,0.1128510981798172,0.06771909445524216,0.01698925346136093,1620.0,1620.0,1620.0,1620.0
173444761,-0.9959004414841137,-0.05126929163316815,-0.036387395633654965,0.065036357725355,0.10122067481279373,0.12360090762376785,0.015999503433704376,1620.0,1620.0,1620.0,1620.0
173544721,-0.9955705441093757,-0.05436175114821639,-0.04018696906416055,0.06533834426504347,0.03733361139893532,0.01813005656003952,0.03620629757642746,1620.0,1620.0,1620.0,1619.0
173645514,-0.9954173903118962,-0.0550925448487432,-0.04270477560792738,0.0654624526505074,0.02856222167611122,0.07221884280443192,0.06837247312068939,1620.0,1620.0,1620.0,1620.0
173745474,-0.9953421178376866,-0.05537184639325168,-0.04402567037643553,0.0654963161811144,-0.0039058674592524767,0.07237153500318527,0.06627381592988968,1620.0,1619.0,1620.0,1620.0
173845434,-0.9953212602692265,-0.05357814633335764,-0.046611406476607706,0.06551601237737584,0.011034250259399414,0.06182989850640297,0.017989670857787132,1620.0,1620.0,1620.0,1620.0
173945394,-0.9953062808468339,-0.0520483405936065,-0.04858739398635136,0.06554115267456409,-0.02947196364402771,0.05162069946527481,0.0010376283898949623,1620.0,1620.0,1620.0,1620.0
174045354,-0.9951924565024438,-0.05243589942635913,-0.0503051544549422,0.06566462066626563,0.003028188133612275,0.04678013548254967,-0.011071896180510521,1620.0,1620.0,1620.0,1620.0
174145314,-0.9952615999361654,-0.05104489219169552,-0.05042557868058237,0.06562032984046202,-0.004548812285065651,0.004889494739472866,0.006073251832276583,1620.0,1620.0,1620.0,1620.0
174245274,-0.9955238865345328,-0.04969590787927285,-0.04675656069692003,0.06539367026730207,-0.0036831393372267485,-0.07895246148109436,0.05201394855976105,1620.0,1620.0,1620.0,1620.0
174345234,-0.9957799234882974,-0.048752560206983625,-0.04243910345196797,0.06514947696719005,0.02060052938759327,-0.08018860220909119,0.05283266305923462,1620.0,1620.0,1620.0,1620.0
174445194,-0.9958474135313131,-0.05103409915720134,-0.038082916181784374,0.06506259433267389,0.14669063687324524,-0.06063183769583702,0.014225088991224766,1620.0,1619.0,1620.0,1620.0
174545154,-0.9959600543747319,-0.05154243226830876,-0.03448662428207174,0.06494320989430075,0.10145056992769241,-0.04916912317276001,0.0006643892847932875,1620.0,1620.0,1620.0,1619.0
174645114,-0.9956246237824555,-0.05515947938422621,-0.037841982273120876,0.0652458790250087,0.081154465675354,0.13920371234416962,0.03350670635700226,1620.0,1620.0,1619.0,1620.0
174745074,-0.9953861524961928,-0.05800797726529033,-0.0395000452216497,0.06543109673468234,0.07099803537130356,0.08964690566062927,0.047149986028671265,1620.0,1620.0,1620.0,1620.0
174845034,-0.9950880975461253,-0.060502923659980945,-0.042707437793656516,0.06568979454777325,0.059222057461738586,0.0794362723827362,0.04581194370985031,1620.0,1619.0,1620.0,1620.0
174944994,-0.9950801018449772,-0.058547394214454214,-0.04547278797149523,0.06572685217615941,-0.0374891459941864,0.06619963049888611,0.036178603768348694,1620.0,1620.0,1620.0,1620.0
175044954,-0.9951013907007115,-0.056293153655623776,-0.047807465334940354,0.06571719208291636,-0.02449658513069153,0.05719796195626259,0.036832746118307114,1620.0,1620.0,1620.0,1620.0
175144914,-0.9951220506198718,-0.054352228646234305,-0.04962745311089799,0.06568908211426477,-0.018221696838736534,0.04715535789728165,0.03699667751789093,1620.0,1620.0,1620.0,1620.0
175244874,-0.9951228659380981,-0.052839597202412235,-0.051242590183615634,0.0656708124352601,-0.011532586999237537,0.04423290118575096,0.03585214912891388,1620.0,1620.0,1620.0,1620.0
175344834,-0.9951326874995113,-0.051536688013832654,-0.052407504098526944,0.06563808020294137,-0.007711536716669798,0.03678630292415619,0.03737221658229828,1620.0,1620.0,1620.0,1620.0
175444794,-0.9951243515639591,-0.05059925884212413,-0.05348999189060808,0.06562058134899681,-0.001684108399786055,0.0349690318107605,0.03561870753765106,1620.0,1620.0,1620.0,1620.0
175544754,-0.9951322736934816,-0.049649979244562846,-0.05426557803112183,0.06558875250837279,0.002250827383249998,0.02901126630604267,0.03315466269850731,1620.0,1620.0,1620.0,1620.0
175644714,-0.9951564551837478,-0.04903718505972911,-0.05442270665287241,0.06555267491194007,0.0023622182197868824,-0.007502282038331032,0.033966246992349625,1620.0,1620.0,1620.0,1620.0
175745507,-0.9955634974523816,-0.04797486350524739,-0.04791500106108479,0.06523716490889914,0.002456720219925046,-0.1036408469080925,0.0382755845785141,1620.0,1620.0,1620.0,1620.0
175845467,-0.9959503983253987,-0.04740888445706275,-0.04026107753753542,0.06491723488822625,0.039769843220710754,-0.24272847175598145,0.005419748369604349,1620.0,1620.0,1621.0,1620.0
175945427,-0.9960893978540994,-0.04914861694001364,-0.03453613179140731,0.06478873772831233,-0.007441210560500622,-0.029379110783338547,-0.021155349910259247,1620.0,1621.0,1620.0,1621.0
176045387,-0.9960753448631304,-0.05312041611353786,-0.02875677744422029,0.0646929400997054,0.10825567692518234,-0.13682568073272705,0.011312693357467651,1621.0,1620.0,1620.0,1620.0
176145347,-0.9961310427834825,-0.053863191687035614,-0.025583412851378065,0.06455378510399964,-0.0392758809030056,-0.012446205131709576,0.05577245354652405,1620.0,1621.0,1620.0,1620.0
176245307,-0.996106366553383,-0.054197026940928386,-0.025847332992740876,0.06455001285626641,-0.04463138058781624,0.00710733188316226,0.05439471825957298,1620.0,1620.0,1620.0,1620.0
176345267,-0.9958633923184064,-0.0554886690615169,-0.031176219165460047,0.06484716496813532,0.023578237742185593,0.188707172870636,0.018190793693065643,1620.0,1620.0,1620.0,1621.0
176445227,-0.995795325079203,-0.053248232454752464,-0.03642501180409341,0.06503472000340144,0.015299102291464806,0.0639905333518982,0.0055134231224656105,1621.0,1620.0,1621.0,1620.0
176545187,-0.995813900888044,-0.04780707992296838,-0.04282509297469547,0.0650781785169551,-0.12135292589664459,0.1311381608247757,0.040562231093645096,1620.0,1621.0,1620.0,1620.0
176645147,-0.9958053936452183,-0.045425035783958935,-0.045579827432875954,0.0650435503513394,-0.07673037052154541,0.06401549279689789,0.06873954087495804,1620.0,1620.0,1620.0,1621.0
176745107,-0.9959532931867862,-0.043853088655282806,-0.044078522845066574,0.06489243584258904,0.030053550377488136,-0.09329081326723099,0.04331304132938385,1620.0,1620.0,1621.0,1620.0
176845067,-0.9959163300391747,-0.04424250951379478,-0.04445538308933121,0.06493830015949342,0.02646077796816826,-0.06350540369749069,-0.004565434064716101,1620.0,1620.0,1620.0,1620.0
176945027,-0.9959939896971752,-0.04150997198542885,-0.04542818782462325,0.06487815089722287,-0.03540061414241791,0.07896126806735992,-0.019143305718898773,1621.0,1620.0,1620.0,1620.0
177044987,-0.9962394520116327,-0.03733400483430469,-0.04396581307982826,0.06465395284762968,-0.13583527505397797,-0.03104110062122345,0.028041332960128784,1620.0,1621.0,1620.0,1620.0
177144947,-0.9963572069126858,-0.03570296983480386,-0.04282888373861237,0.06452364602090434,0.06145897135138512,0.021165315061807632,0.06618430465459824,1621.0,1620.0,1621.0,1620.0
177244907,-0.9963126031765677,-0.03501764387520962,-0.0444278727419797,0.06450678640718954,0.06890382617712021,-0.063173808157444,0.054613396525382996,1620.0,1620.0,1621.0,1620.0
177344867,-0.9962363707167501,-0.03361337785797516,-0.047139246561460034,0.0645067897489311,0.07893162220716476,0.13616394996643066,0.0132355447858572,1621.0,1620.0,1620.0,1621.0
177444827,-0.9961926508735924,-0.03497144211763247,-0.04697066516871975,0.06458294817725525,0.04397909343242645,0.08042850345373154,0.014947234652936459,1620.0,1621.0,1620.0,1620.0
177544787,-0.996055081633243,-0.039023891058453934,-0.04643536160446936,0.06477011248958837,0.06297455728054047,-0.002943811472505331,0.026173142716288567,1620.0,1620.0,1620.0,1620.0
177644747,-0.9958850535522007,-0.04223601501861288,-0.04702483720223858,0.06494415934309054,0.10889297723770142,0.041194576770067215,0.033416997641325,1620.0,1620.0,1620.0,1620.0
177744707,-0.9958534464634297,-0.04307575453503719,-0.0468974375388475,0.06496939964657325,-0.04533173516392708,0.020428160205483437,0.044116243720054626,1620.0,1621.0,1620.0,1621.0
177845500,-0.9957686515539139,-0.045215253572175144,-0.04656441862992976,0.06505481031069696,0.10984799265861511,0.11712850630283356,0.0397685207426548,1621.0,1620.0,1620.0,1621.0
177945460,-0.9958884751500252,-0.04383212114639747,-0.04546773069251882,0.06494286477233596,-0.061395853757858276,-0.05617451295256615,0.03295419365167618,1620.0,1621.0,1621.0,1620.0
178045420,-0.9958106879527215,-0.045180660843098595,-0.04574487165398892,0.06501683137671758,0.09432042390108109,0.027843797579407692,0.02753959409892559,1621.0,1620.0,1620.0,1621.0
178145380,-0.995851662011413,-0.04569763724994381,-0.04435784051807943,0.0649890391023882,0.038387954235076904,0.05202118679881096,0.027217401191592216,1620.0,1621.0,1620.0,1621.0
178245340,-0.9959369369458345,-0.04518604836884116,-0.04305374160449118,0.06491697769929987,-0.0744481235742569,-0.10163287818431854,0.026760613545775414,1620.0,1621.0,1621.0,1620.0
178345300,-0.9958662176751732,-0.04656786432727435,-0.04311933260824104,0.06498179484102383,0.10238475352525711,-0.03855098783969879,0.032023534178733826,1621.0,1620.0,1621.0,1620.0
178445260,-0.9958540158197936,-0.046452209266021616,-0.043512381915030214,0.06498956877820175,0.0718715563416481,0.09651248902082443,0.028678422793745995,1621.0,1621.0,1620.0,1621.0
178545220,-0.9958033822301422,-0.04730713177928973,-0.04368547661343742,0.06503259455752355,-0.027645695954561234,-0.043883755803108215,0.03164545074105263,1620.0,1621.0,1621.0,1620.0
178645180,-0.9955691252418959,-0.05134503220314847,-0.04415772794778958,0.06523725619331971,0.08712953329086304,-0.04614228755235672,0.03211136534810066,1621.0,1620.0,1621.0,1621.0
178745140,-0.9955007961135709,-0.05271569359868561,-0.04400360164076413,0.06529091535808727,0.08971754461526871,0.09582903236150742,0.03312040492892265,1621.0,1621.0,1620.0,1621.0
178845100,-0.995515657820321,-0.05362517693870035,-0.04258596181286059,0.06526370575856182,-0.03132642060518265,-0.011515084654092789,0.036097608506679535,1620.0,1621.0,1621.0,1621.0
178945060,-0.995580190418579,-0.054181274306090974,-0.04043817758955285,0.0651861009258091,-0.06859789043664932,-0.08527941256761551,0.03274587169289589,1620.0,1621.0,1621.0,1620.0
179045020,-0.99554697787953,-0.054745058269969046,-0.040450359778901726,0.06521473624657183,0.10350921750068665,0.10050952434539795,0.020770270377397537,1621.0,1620.0,1620.0,1621.0
179144980,-0.995624084545893,-0.05355079539972908,-0.04024990894804969,0.06515319956750132,0.009931468404829502,-0.04487447440624237,0.03608621656894684,1621.0,1621.0,1621.0,1620.0
179244940,-0.9956244349518278,-0.05285719571484886,-0.04114987301401919,0.06515204784921022,-0.03874388709664345,0.025747716426849365,0.0457596518099308,1621.0,1621.0,1621.0,1621.0
179344900,-0.9956519040671638,-0.053248274099477994,-0.040027130608426685,0.06511325554842216,0.11413323134183884,-0.0015801881672814488,0.025013305246829987,1621.0,1620.0,1621.0,1621.0
179444860,-0.9957288710513988,-0.05204684833750711,-0.03975995651480217,0.06507139763967107,-0.056686513125896454,0.028361452743411064,6.59740180708468e-05,1620.0,1621.0,1621.0,1621.0
179544820,-0.9956545290984151,-0.05234353390417198,-0.04106513134548649,0.06516032636362364,0.0370187945663929,0.05437925457954407,0.021018145605921745,1621.0,1621.0,1620.0,1621.0
179644780,-0.9955873882644583,-0.05305624513209161,-0.041700081391800196,0.06520652109379574,0.03291336074471474,0.04018878936767578,0.0599508211016655,1621.0,1621.0,1621.0,1620.0
179744740,-0.9955671094633616,-0.051700258796382056,-0.043832415187857604,0.06520684913376427,0.062057215720415115,0.04672468081116676,0.05928093567490578,1621.0,1620.0,1621.0,1621.0
179844700,-0.9956411929452703,-0.048386075588497196,-0.045999151032490214,0.06512665125702084,-0.12038224935531616,0.025535354390740395,0.026846423745155334,1620.0,1621.0,1621.0,1621.0
179945493,-0.9955629800362563,-0.049582798941081266,-0.04628836564864806,0.06521722192852202,0.05218631029129028,0.02536170557141304,-0.006330651231110096,1621.0,1620.0,1621.0,1620.0
180045453,-0.995652730397718,-0.046925011135215175,-0.04721721403091164,0.06514766673249471,-0.0851343646645546,0.08836891502141953,0.017227349802851677,1621.0,1621.0,1620.0,1621.0
180145413,-0.9958505376663906,-0.042335586818195964,-0.047687766887078466,0.0649252000970604,-0.06728614866733551,0.055801961570978165,0.0557330921292305,1621.0,1621.0,1621.0,1621.0
180245373,-0.9957816828101473,-0.04286576135581903,-0.0486068760014466,0.06495181512904097,0.15116868913173676,0.07627810537815094,0.057950422167778015,1621.0,1620.0,1621.0,1621.0
180345333,-0.9956349803693164,-0.04348602459885532,-0.05087296082747692,0.06505300443657341,-0.037332937121391296,0.062308382242918015,0.022508487105369568,1620.0,1621.0,1621.0,1621.0
180445293,-0.9954472137432623,-0.04695573587899181,-0.051189756111831665,0.06526570606413022,0.08149918913841248,-0.003844822756946087,0.016145652160048485,1621.0,1621.0,1621.0,1621.0
180545253,-0.9955075637129233,-0.04936276030334599,-0.04764404646607974,0.06525376097921531,0.06723939627408981,0.01504605170339346,0.037904925644397736,1621.0,1621.0,1621.0,1621.0
180645213,-0.995595973588379,-0.051202572569717136,-0.04380638823315476,0.06517633225962227,0.058441709727048874,-0.07546325773000717,0.041122645139694214,1621.0,1621.0,1621.0,1621.0
180745173,-0.9957004408916701,-0.05259148368174468,-0.03978392830282025,0.06505387691047224,0.04789465665817261,-0.052683379501104355,0.041253820061683655,1621.0,1621.0,1621.0,1621.0
180845133,-0.9957762455215549,-0.05308224284047748,-0.037320185036958275,0.06495497008565221,-0.026355937123298645,0.030581476166844368,0.03319218382239342,1620.0,1621.0,1620.0,1621.0
180945093,-0.9956864583787902,-0.053565085086010426,-0.03884907117184801,0.06503851112929196,0.050364211201667786,0.10571993142366409,0.03419068455696106,1621.0,1621.0,1621.0,1621.0
181045053,-0.9954256722679151,-0.055117306724463175,-0.04275386548157731,0.06528338590938813,0.043625082820653915,0.08592840284109116,0.03541871905326843,1621.0,1621.0,1621.0,1621.0
181145013,-0.9952157458271003,-0.05620926275517501,-0.04581874789686661,0.06547350899021613,0.03680960834026337,0.07511375099420547,0.037033602595329285,1621.0,1621.0,1621.0,1621.0
181244973,-0.9950276220946703,-0.05714476704245566,-0.0484322371444598,0.06564164283038844,0.03186145797371864,0.0615672692656517,0.033519446849823,1621.0,1621.0,1621.0,1621.0
181344933,-0.9949785263291306,-0.05778404005723031,-0.048630518575450504,0.06567959745353621,0.03143271431326866,-0.05022624135017395,0.03259492665529251,1622.0,1621.0,1621.0,1621.0
181444893,-0.9957052560813661,-0.050891188630067904,-0.04184110970234178,0.06504192087136398,-0.09942346811294556,-0.10137488692998886,0.014474144205451012,1622.0,1621.0,1621.0,1622.0
181544853,-0.9963036303369867,-0.04438088820612756,-0.0353028885905502,0.06452223645023006,-0.11596463620662689,-0.15046241879463196,0.020605958998203278,1621.0,1622.0,1621.0,1621.0
181644813,-0.9966097714425273,-0.0398462908635996,-0.032437092664055624,0.06425785235432689,-0.013769994489848614,0.04143553972244263,0.0330607034265995,1622.0,1621.0,1621.0,1622.0
181744773,-0.9967486311527887,-0.03733763821385358,-0.0313880567069932,0.06413155981115638,0.034267257899045944,-0.005827551707625389,0.041748713701963425,1621.0,1621.0,1622.0,1621.0
181844733,-0.9966696625689385,-0.03804935528634636,-0.0328782062140499,0.0641938769132859,-0.061979860067367554,-0.08135537803173065,0.04053638502955437,1621.0,1622.0,1622.0,1621.0
181945526,-0.996376271439557,-0.04171169753502279,-0.036622239979665475,0.06444588070485943,0.1154482364654541,0.19431175291538239,0.0304756760597229,1622.0,1621.0,1621.0,1622.0
182045486,-0.9961915572667288,-0.04336386823367421,-0.03934615044972347,0.06460523668473177,0.045384496450424194,0.06554898619651794,0.03066944144666195,1621.0,1622.0,1622.0,1621.0
182145446,-0.9960899974943008,-0.04439267158280469,-0.04060371608157186,0.06469424890909739,-0.052575837820768356,-0.04379366338253021,0.031146487221121788,1621.0,1622.0,1622.0,1621.0
182245406,-0.995883847897407,-0.046855688066554796,-0.042553319667521454,0.06487773869470148,0.12113805115222931,0.14350858330726624,0.02751927077770233,1622.0,1621.0,1621.0,1622.0
182345366,-0.9957567660579548,-0.0485329679067505,-0.0434672605891703,0.06498931552831508,0.05348404496908188,-0.004952233750373125,0.03313347324728966,1621.0,1622.0,1622.0,1621.0
182445326,-0.9953634151390603,-0.053462277765830214,-0.04609738283151752,0.06533366632051577,0.15353131294250488,0.09142417460680008,0.03208458423614502,1622.0,1621.0,1621.0,1622.0
182545286,-0.9951396623277686,-0.05625838193544717,-0.047313455892207236,0.06552468096615444,0.09232155233621597,0.1309090107679367,0.03570602461695671,1621.0,1622.0,1621.0,1622.0
182645246,-0.9949279261697456,-0.059569851172895795,-0.047474637061606303,0.06569637276651705,-0.011253376491367817,-0.059787169098854065,0.03387974947690964,1621.0,1622.0,1622.0,1621.0
182745206,-0.9946518156299617,-0.06280427539977547,-0.04875364496327148,0.06592776925033271,0.18459634482860565,0.07190647721290588,0.033687785267829895,1622.0,1621.0,1621.0,1622.0
182845166,-0.994496391318431,-0.06454912472145888,-0.0494644565110458,0.06605759376770123,0.07243647426366806,0.08619179576635361,0.032744113355875015,1621.0,1622.0,1621.0,1622.0
182945126,-0.9945634182910184,-0.06519105839952849,-0.04734845958969103,0.06596860068636892,-0.04746195301413536,-0.05999982729554176,0.03634732961654663,1621.0,1622.0,1622.0,1621.0
183045086,-0.9944940589069702,-0.06625537683904437,-0.04726670837016754,0.06601249971411109,0.07759306579828262,0.014627330005168915,0.03525523468852043,1622.0,1621.0,1621.0,1622.0
183145046,-0.9946205858588715,-0.06491706330221135,-0.04661379795030184,0.06590006766779868,-0.02417357824742794,0.0670890212059021,0.040623586624860764,1621.0,1622.0,1621.0,1622.0
183245006,-0.9946823037828482,-0.06456567001658992,-0.04587520995795293,0.06583201278913102,-0.09944881498813629,-0.08086128532886505,0.04212229326367378,1621.0,1622.0,1622.0,1621.0
183344966,-0.9944946862541063,-0.06621561390511839,-0.04733852806468928,0.06599147860279883,0.09460438787937164,0.10787654668092728,0.03257182240486145,1622.0,1621.0,1621.0,1622.0
183444926,-0.9945527134042312,-0.06632630573968956,-0.04603932895926662,0.0659249695956451,0.0892401933670044,-0.07919123023748398,0.026766709983348846,1622.0,1621.0,1622.0,1621.0
183544886,-0.994722871645853,-0.06418159930815169,-0.04558764784143825,0.06579435613455444,-0.015513346530497074,0.07563013583421707,0.02735557220876217,1622.0,1622.0,1621.0,1622.0
183644846,-0.995012117939332,-0.061716899093364384,-0.04298060721817543,0.06553302162529367,-0.07172537595033646,-0.01934584230184555,0.03498578816652298,1622.0,1622.0,1622.0,1622.0
183744806,-0.9951534761055465,-0.06055835365883344,-0.041536932277232,0.06539822668984134,0.05501360818743706,-0.054161954671144485,0.031039366498589516,1622.0,1622.0,1622.0,1621.0
183844766,-0.9952329613838061,-0.05954181174921125,-0.04118622110945636,0.06534386290665807,-0.05844612419605255,-0.03896147012710571,0.019539183005690575,1621.0,1622.0,1622.0,1622.0
183944726,-0.9952810907325292,-0.05839928667486943,-0.04169475247827799,0.06531937968098366,-0.06992405652999878,0.08900818973779678,0.038820911198854446,1622.0,1622.0,1621.0,1622.0
184045519,-0.9954960175420404,-0.05533858411102245,-0.04103542450048896,0.06512613993312902,-0.02837388403713703,-0.08543767780065536,0.06679310649633408,1622.0,1622.0,1622.0,1621.0
184145479,-0.9954013703868037,-0.055515497576420464,-0.04293324806651373,0.0651987543698129,0.12094821035861969,0.08733787387609482,0.0463411770761013,1622.0,1621.0,1622.0,1622.0
184245439,-0.9953401315469811,-0.05412388308909933,-0.045909948804716244,0.06527560349889011,-0.07907724380493164,0.06959985196590424,0.011876830831170082,1621.0,1622.0,1622.0,1622.0
184345399,-0.9952901242461457,-0.053760909933629294,-0.04729200867766632,0.0653513508386139,0.021662717685103416,0.04436863958835602,-0.011380535550415516,1622.0,1622.0,1622.0,1622.0
184445359,-0.995172767796161,-0.05712680442324355,-0.04564563110736138,0.06545354699424139,0.08384015411138535,-0.07766307890415192,0.037455808371305466,1622.0,1622.0,1622.0,1621.0
184545319,-0.995067396358796,-0.05987541559137979,-0.044336243379538454,0.06549892239171987,0.07128173112869263,0.045057740062475204,0.06714247912168503,1622.0,1622.0,1621.0,1622.0
184645279,-0.9953681857387289,-0.058229589583856246,-0.04003895735988908,0.06517953367139205,-0.1460479348897934,-0.0658608004450798,0.05258439481258392,1621.0,1622.0,1622.0,1622.0
184745239,-0.9957530479377522,-0.05414295865499173,-0.036597466314228694,0.06484622587428995,-0.07993179559707642,-0.049504783004522324,0.014845401979982853,1622.0,1622.0,1622.0,1622.0
184845199,-0.9958759959117216,-0.05263133628883333,-0.035610899247817636,0.06475188848250117,-0.00867133866995573,0.03659195080399513,0.021497365087270737,1622.0,1622.0,1621.0,1622.0
184945159,-0.9957979169175442,-0.05157867386122069,-0.038991274863613326,0.06485236734235728,-0.0005016587092541158,0.06293854862451553,0.051277536898851395,1622.0,1622.0,1622.0,1622.0
185045119,-0.9955782546321916,-0.05091977133789873,-0.04472441013134207,0.0650449300777437,0.001953220460563898,0.12632502615451813,0.057217277586460114,1622.0,1622.0,1622.0,1622.0
185145079,-0.9953631185881353,-0.050347596534728714,-0.049662222979076256,0.06520004054028318,0.002183779375627637,0.10765184462070465,0.05236837640404701,1622.0,1622.0,1622.0,1622.0
185245039,-0.9951540224875794,-0.049948279304004854,-0.05390396645547657,0.06532995730693777,0.006795170716941357,0.0936887115240097,0.05007636919617653,1622.0,1622.0,1622.0,1622.0
185344999,-0.9949803755048403,-0.049605309473228255,-0.05721117413715869,0.06542359808325961,0.009747879579663277,0.07962481677532196,0.04881000891327858,1622.0,1622.0,1622.0,1622.0
185444959,-0.9948293737646909,-0.04928311994246584,-0.05996511142737294,0.06549714951959683,0.010565982200205326,0.06757219135761261,0.042146772146224976,1622.0,1622.0,1622.0,1622.0
185544919,-0.9947020169293294,-0.049035256257261656,-0.06218081151740423,0.06555141371126934,0.013963254168629646,0.05831291154026985,0.042818933725357056,1622.0,1622.0,1622.0,1622.0
185644879,-0.9949664436304945,-0.04857455923902151,-0.05838410729033379,0.06537265682173173,0.013973832130432129,-0.18433967232704163,0.03372002765536308,1622.0,1622.0,1622.0,1622.0
185744839,-0.9955294803411167,-0.047772686821788465,-0.04916588578152401,0.06497337793967488,0.01381515059620142,-0.1545940339565277,0.03480849787592888,1622.0,1622.0,1622.0,1622.0
185844799,-0.9960778254916659,-0.04694769341713142,-0.038255557543620484,0.06450885182385559,0.016261905431747437,-0.21859844028949738,0.03261767327785492,1622.0,1622.0,1622.0,1622.0
185944759,-0.9965020077442667,-0.04605621186039038,-0.027554260268153004,0.06405729194862475,0.013803744688630104,-0.21141541004180908,0.007820433005690575,1622.0,1622.0,1623.0,1622.0
186044719,-0.9966843488353072,-0.04560434499685652,-0.021557972300926046,0.06384204206022825,0.01870451122522354,-0.12176954001188278,-0.03055472858250141,1622.0,1622.0,1622.0,1622.0
186145512,-0.996493575335609,-0.04992865793230004,-0.02046265094262541,0.06394500252822423,0.08644669502973557,0.00011185768380528316,-0.011278255842626095,1623.0,1622.0,1622.0,1622.0
186245472,-0.9963022098302335,-0.05362076570147654,-0.020183825654294812,0.06402603653934573,0.11951685696840286,0.015138952992856503,0.038397014141082764,1622.0,1622.0,1622.0,1622.0
186345432,-0.9960968826993728,-0.055709150770555306,-0.023698182419261818,0.06423306739553125,-0.02774273231625557,0.09113685041666031,0.05445193126797676,1622.0,1623.0,1623.0,1622.0
186445392,-0.9957660829949466,-0.057853491077620396,-0.030429355038106586,0.0646292184619122,0.045220598578453064,0.17374074459075928,0.04046139866113663,1622.0,1622.0,1622.0,1623.0
186545352,-0.9956557177697423,-0.05728234998212893,-0.03444503235355925,0.06482255625248422,0.00909331627190113,0.01210332103073597,0.004021286964416504,1622.0,1622.0,1623.0,1622.0
186645312,-0.9954686972527732,-0.057374600935107885,-0.03893750175003758,0.06506995401004702,-0.061034541577100754,0.07413073629140854,0.01515005249530077,1622.0,1623.0,1622.0,1622.0
186745272,-0.9952888882363882,-0.05802382858706536,-0.04212803761577128,0.06525712770201801,0.08570118993520737,0.13715310394763947,0.03943965956568718,1623.0,1622.0,1622.0,1623.0
186845232,-0.9954284855764213,-0.056585594489312135,-0.04097806970434515,0.06512294835639312,-0.09013506770133972,-0.07393404841423035,0.05189129337668419,1622.0,1623.0,1623.0,1622.0
186945192,-0.9951773020982345,-0.05722019408722776,-0.04556550066002602,0.06535879379777942,0.06328531354665756,0.2272663116455078,0.048393476754426956,1623.0,1622.0,1622.0,1623.0
187045152,-0.9949978468412533,-0.05595219886265837,-0.05055129316385375,0.06552253797866645,-0.014944053255021572,0.013437182642519474,0.03381705284118652,1622.0,1622.0,1623.0,1622.0
187145112,-0.9947954850072083,-0.054254260847913655,-0.05591356163303545,0.06566651973897095,-0.0835922509431839,0.0711696445941925,0.031192045658826828,1622.0,1623.0,1623.0,1622.0
187245072,-0.9944545371284873,-0.05465435281500872,-0.06106408751189633,0.06591094385060894,0.09203419089317322,0.10157199203968048,0.037284959107637405,1623.0,1622.0,1622.0,1622.0
187345032,-0.9943598361006147,-0.052931193406696476,-0.06404265886719876,0.06591921540583871,0.008761131204664707,0.12441686540842056,0.03218739852309227,1622.0,1622.0,1622.0,1622.0
187444992,-0.9942187397448978,-0.051904245329558236,-0.06696360613456845,0.06596152143705175,-0.11308588832616806,0.04699378088116646,0.037191323935985565,1622.0,1623.0,1622.0,1622.0
187544952,-0.9942998206768452,-0.05144445876975159,-0.06617655653212012,0.06589383605036324,0.061313696205616,-0.07622511684894562,0.03418940305709839,1623.0,1622.0,1623.0,1622.0
187644912,-0.9942848153529785,-0.05094980888208648,-0.06679364187943021,0.0658819576049066,0.06114047393202782,0.055442310869693756,0.03372485935688019,1622.0,1622.0,1622.0,1623.0
187744872,-0.9944882661666626,-0.04987688418227979,-0.06469844639505179,0.0657228720854402,-0.08512590825557709,-0.08774624764919281,0.04267856851220131,1622.0,1623.0,1623.0,1622.0
187844832,-0.99440746445234,-0.05070861221492834,-0.06521920604466122,0.06579427369922371,0.10633804649114609,0.10215596109628677,0.037340883165597916,1623.0,1622.0,1622.0,1623.0
187944792,-0.9946599737579094,-0.04863032666116893,-0.06313905860257454,0.06557505022128411,-0.08744741976261139,-0.08967740833759308,0.030147679150104523,1622.0,1623.0,1623.0,1622.0
188044752,-0.9946916493393542,-0.048772732173723146,-0.06253941723759882,0.06556343967827764,-0.012065248563885689,0.003211535979062319,0.03148677200078964,1623.0,1622.0,1622.0,1623.0
188144712,-0.9947750964122318,-0.04887535977716296,-0.06116628461421793,0.06551635208999469,0.12021613866090775,-0.007943536154925823,0.036868866533041,1623.0,1622.0,1623.0,1622.0
188245505,-0.9949060690705902,-0.048724894207323434,-0.05921947950152023,0.06542821760188794,-0.07316304743289948,-0.1377691775560379,0.037367817014455795,1622.0,1623.0,1623.0,1622.0
188345465,-0.9949127354108571,-0.04993083606187711,-0.05806314619489262,0.06545404174990613,0.10089049488306046,0.10641838610172272,0.03792339563369751,1623.0,1622.0,1622.0,1623.0
188445425,-0.9951491838135471,-0.049395061744295275,-0.05455549320802688,0.06528344347028003,0.03778912499547005,-0.04677880182862282,0.028044674545526505,1623.0,1623.0,1623.0,1623.0
188545385,-0.9952067366202224,-0.05014668648030495,-0.052805537795617266,0.06527201849865703,-0.02447618916630745,0.05473726615309715,0.011207099072635174,1623.0,1623.0,1622.0,1623.0
188645345,-0.9952214118476538,-0.05170727390489384,-0.05097245975424,0.06528788227450448,0.05574445426464081,-0.001517235767096281,0.035717472434043884,1623.0,1623.0,1623.0,1623.0
188745305,-0.9952708494985588,-0.05332171458724767,-0.04834242239870305,0.06523604133083637,0.05136412754654884,-0.04829661175608635,0.06724344938993454,1623.0,1623.0,1623.0,1623.0
188845265,-0.9952972090746521,-0.05429009320941066,-0.04675579448254108,0.06519161809487684,0.05374306067824364,-0.014299454167485237,0.041409194469451904,1623.0,1622.0,1623.0,1623.0
188945225,-0.9954168264506184,-0.05318981678764867,-0.04559213635834176,0.06509640628604899,0.039499569684267044,-0.00961170345544815,0.005357509478926659,1623.0,1623.0,1623.0,1623.0
189045185,-0.9954740308623842,-0.05296266456478968,-0.04463035604918139,0.06507335368426835,0.055458199232816696,-0.005582051817327738,-0.005260685924440622,1623.0,1623.0,1623.0,1623.0
189145145,-0.9954824941874318,-0.054238403460912556,-0.04288793793885766,0.0650647687749208,0.045610908418893814,-0.10919348150491714,0.03629486262798309,1623.0,1623.0,1623.0,1622.0
189245105,-0.9953267742558994,-0.05564224089994523,-0.04448847831209706,0.06518687578379843,0.04188354313373566,0.04671935737133026,0.05485314130783081,1623.0,1623.0,1623.0,1623.0
189345065,-0.9951284947314576,-0.05678708730981121,-0.04715735337144192,0.06535051423954,0.03413679078221321,0.13137760758399963,0.05143693834543228,1623.0,1622.0,1624.0,1622.0
189445025,-0.9579203729155811,-0.06425361099449871,-0.26986635837742823,0.07370333264885062,-0.09949029237031937,8.631485939025879,0.061089273542165756,1623.0,1623.0,1627.0,1619.0
189544985,-0.4270630825397359,-0.07541008302920468,-0.8986142999510826,0.0665040061395787,-0.07870537787675858,21.986248016357422,0.05638599768280983,1623.0,1623.0,1627.0,1619.0
189644945,0.8345992728008815,-0.0011375819016879313,-0.5500141882547233,-0.030449178415098452,-0.05243067070841789,32.29399108886719,0.018483998253941536,1624.0,1624.0,1627.0,1621.0
189744905,-0.3460693838406871,-0.07204349348196779,-0.9336557301096507,0.05772949201626464,0.0016939669148996472,37.61967086791992,-0.014000172726809978,1626.0,1626.0,1629.0,1624.0
189844865,-0.9973001801266149,-0.03791610858045715,-0.003811997042887627,0.0627709176934779,-0.08815136551856995,38.92009353637695,0.2909224331378937,1643.0,1643.0,1618.0,1616.0
189944825,-0.13278459926434966,0.05020594670037909,0.9880959831429629,-0.05927850547092467,-0.4120616614818573,28.240901947021484,6.400763511657715,1699.0,1699.0,1560.0,1570.0
190044785,-0.7387663140045937,-0.18599965699854498,0.6304520965317472,-0.14885770006020582,-0.5008583068847656,6.9668707847595215,22.743043899536133,1753.0,1753.0,1496.0,1511.0
190144745,-0.3431218723027834,-0.3408079665380508,0.6109530237129946,-0.6267804348474675,-0.7486323118209839,-13.81308650970459,43.497432708740234,1759.0,1758.0,1490.0,1500.0
190244705,0.1058243864107986,0.5947429548313302,0.12415727460041127,-0.787189296219832,-3.008582592010498,-23.923519134521484,59.169105529785156,1739.0,1738.0,1513.0,1518.0
190345498,-0.34209998827041843,0.7881956046087085,0.25004059686282903,0.44631265590544517,-6.097048282623291,-24.73589324951172,67.6526107788086,1715.0,1713.0,1536.0,1537.0
190445458,0.056891854571044426,-0.3508831160731808,0.46627602307471244,0.8100808762363622,-8.46569538116455,-20.637134552001953,70.58967590332031,1697.0,1696.0,1552.0,1551.0
190545418,0.5157281288696262,-0.8234982621870585,-0.11607948626448635,0.2059142106220502,-9.15274715423584,-14.898981094360352,70.3724365234375,1685.0,1684.0,1561.0,1559.0
190645378,0.48746258629055006,-0.5577102596107479,-0.47141751010254956,-0.4786491663635829,-8.611050605773926,-9.749502182006836,68.66635131835938,1679.0,1678.0,1566.0,1564.0
190745338,0.37345287648279635,-0.11978968896481511,-0.36941095204332175,-0.8424481752457446,-7.197203636169434,-5.7426676750183105,66.44266510009766,1675.0,1675.0,1568.0,1567.0
190845298,0.3365056970494343,0.22309633410207713,-0.11328641030899855,-0.9078315542008826,-5.706076622009277,-3.3459737300872803,64.23589324951172,1674.0,1674.0,1569.0,1568.0
190945258,0.34386652964481235,0.4431157241126128,0.12322386629442977,-0.8186697402552758,-4.161758899688721,-1.8342307806015015,62.36094284057617,1674.0,1675.0,1568.0,1567.0
191045218,0.3419227766375083,0.5821407831618338,0.28379233211665716,-0.6809279224910758,-2.5971615314483643,-0.8092843890190125,61.00891876220703,1676.0,1676.0,1566.0,1566.0
191145178,0.3074590979406023,0.6757201258939632,0.39411581104291316,-0.5417969564711347,-1.4575450420379639,-0.423388808965683,60.19622802734375,1677.0,1678.0,1564.0,1564.0
191245138,0.23455982559431773,0.7390918491317552,0.4829586493142517,-0.4067872537539983,-0.588773250579834,-0.2255403846502304,59.8312873840332,1679.0,1679.0,1563.0,1563.0
191345098,0.13751801798519003,0.7668730861350062,0.5627141423557657,-0.2763100766964746,-0.13903750479221344,-0.18426613509655,59.7633171081543,1680.0,1680.0,1562.0,1562.0
191445058,0.018053089918228547,0.759633849965892,0.6322843386383687,-0.15115229089577792,0.09547200798988342,-0.164596825838089,59.85914611816406,1680.0,1681.0,1561.0,1561.0
191545018,-0.11472889936605604,0.7175087370859043,0.6861992557564879,-0.03389798305041341,0.42511165142059326,-0.2528304159641266,60.031524658203125,1681.0,1681.0,1561.0,1561.0
191644978,-0.24697976254965007,0.6461886425768026,0.7176281931924314,0.08031818866878328,0.4905480444431305,-0.17833863198757172,60.215423583984375,1681.0,1681.0,1561.0,1561.0
191744938,-0.3706288580646766,0.5582204799159123,0.7177776209089796,0.18926022375123552,0.5537436604499817,-0.03515863046050072,60.335784912109375,1681.0,1681.0,1561.0,1562.0
191844898,-0.48855017249627875,0.4636752896745222,0.6810097103433727,0.2873146865670808,0.6464431881904602,-0.07083898782730103,60.409236907958984,1681.0,1681.0,1562.0,1562.0
191944858,-0.5931150277445493,0.3796250486316834,0.6061113757002818,0.3697680172238893,0.6172683835029602,-0.059862442314624786,60.44912338256836,1681.0,1681.0,1562.0,1562.0
192044818,-0.6835809777664763,0.3199443276260446,0.493492528518049,0.43222424544744015,0.5025998950004578,-0.047910191118717194,60.48550033569336,1681.0,1681.0,1562.0,1562.0
192144778,-0.7576577969446168,0.2972927415315295,0.34550652946546756,0.46711553887493945,0.2842921018600464,-0.2914937138557434,60.487770080566406,1681.0,1681.0,1562.0,1562.0
192244738,-0.8105706026846202,0.3196956979440958,0.16635116361349855,0.4616245759748543,0.009912391193211079,-0.37026527523994446,60.4808349609375,1681.0,1680.0,1562.0,1563.0
192344698,-0.8273636333540567,0.3909474369683031,-0.010970651262638409,0.4031242544699614,-0.2612166106700897,-0.21313785016536713,60.45193099975586,1681.0,1680.0,1563.0,1562.0
192445491,-0.6734819746189054,0.6329945315066612,-0.049415557019160894,0.3785472964776912,-5.2666916847229,7.102027893066406,60.40896224975586,1682.0,1679.0,1566.0,1559.0
192545451,0.0012505795994753321,0.6542711478535885,0.0696045792924043,0.7530490712287882,-10.791261672973633,19.271013259887695,60.35212707519531,1682.0,1679.0,1566.0,1558.0
192645411,0.023535543521092165,-0.581592822942131,-0.10766090180869813,0.8059807669635225,-12.699565887451172,29.99721336364746,60.29729461669922,1681.0,1680.0,1565.0,1559.0
192745371,0.5565034702150207,0.422127964858277,-0.5661298509234877,0.43773149397387284,-10.906302452087402,36.35393524169922,60.276451110839844,1681.0,1682.0,1566.0,1560.0
192845331,0.6463189368654642,0.6774594252325287,0.15314027090437332,-0.31601996209107314,-6.703551292419434,39.197059631347656,59.83676528930664,1670.0,1671.0,1582.0,1580.0
192945291,-0.12115326029416203,-0.06467326102342802,0.44553581414508125,-0.8846677880101491,-1.3262569904327393,28.866744995117188,53.70588684082031,1622.0,1624.0,1635.0,1643.0
193045251,-0.1059323822964089,0.6126497192036482,-0.11870382256113539,-0.7741757258207422,1.864102840423584,7.098790168762207,37.74744415283203,1567.0,1567.0,1691.0,1701.0
193145211,-0.1740047101925707,0.2885425588234391,-0.4493322174735542,-0.8273851043611555,0.4915222227573395,-13.631685256958008,17.32204246520996,1554.0,1553.0,1703.0,1711.0
193245171,0.31756657701940183,-0.5588227036619021,-0.3815283640414202,-0.6643077317509258,-1.3429052829742432,-23.846792221069336,0.7444106936454773,1569.0,1569.0,1687.0,1691.0
193345131,0.35982660868276073,-0.8535017885042496,0.15938650302352333,0.34154860760635963,-2.015549898147583,-25.263975143432617,-8.879672050476074,1591.0,1591.0,1663.0,1664.0
193445091,0.029805666890570206,-0.0020279108934499277,0.21966006633954718,0.9751189491822638,-1.8352817296981812,-22.19710922241211,-12.309845924377441,1611.0,1611.0,1640.0,1640.0
193545051,-0.050784708009276966,0.8203027302628894,0.01832137377905665,0.569375685657993,-1.3274013996124268,-17.463598251342773,-11.579766273498535,1625.0,1625.0,1625.0,1624.0
193645011,-0.014692964870997454,0.9907109765993491,-0.048964387973309376,-0.12600938988528937,-0.8490151166915894,-12.94562816619873,-8.775225639343262,1632.0,1632.0,1616.0,1615.0
193744971,-0.003425301175615756,0.7899497791959708,-0.019751773251277433,-0.6128437656642379,-0.5411257743835449,-9.390727043151855,-5.446977138519287,1634.0,1634.0,1613.0,1612.0
193844931,-0.0168748183392444,0.5135184650012422,0.024830645294782315,-0.8575531853261524,-0.2927296757698059,-6.417994499206543,-2.523712635040283,1633.0,1633.0,1614.0,1614.0
193944891,-0.034153409063428015,0.28135536740242345,0.05913878643514475,-0.9571704685280317,-0.272784948348999,-4.420445919036865,-0.45176443457603455,1631.0,1631.0,1616.0,1616.0
194044851,-0.04803773367801127,0.11203478461031412,0.08259936248601926,-0.9890995543914194,-0.2491658478975296,-2.9642555713653564,0.7536409497261047,1628.0,1628.0,1619.0,1619.0
194144811,-0.05780351289629479,-0.002701136212709171,0.09383285006384146,-0.9939048515873665,-0.041470251977443695,-1.976176381111145,1.232314109802246,1626.0,1626.0,1622.0,1622.0
194244771,-0.06335769473473218,-0.0740563340030909,0.0987461785645695,-0.9903285586767744,0.07774630188941956,-1.1249208450317383,1.228489875793457,1624.0,1624.0,1624.0,1624.0
194344731,-0.06592288995795315,-0.11759092680804177,0.09727682577101081,-0.986085070204358,0.09878810495138168,-0.846652626991272,0.9697731733322144,1623.0,1623.0,1625.0,1624.0
194445524,-0.06742195545081045,-0.14420411864328592,0.09756579672820513,-0.9824155777461454,0.013395908288657665,-0.3859381079673767,0.61001056432724,1623.0,1623.0,1626.0,1625.0
194545484,-0.06718848977991465,-0.14707585113223445,0.09677353015190153,-0.9820841535819433,0.014479466713964939,0.016835415735840797,0.30428609251976013,1623.0,1623.0,1625.0,1625.0
194645444,-0.06501204518697634,-0.13589364640502288,0.0882092231712984,-0.984644851606339,0.33436480164527893,0.27428603172302246,0.06759694963693619,1624.0,1623.0,1625.0,1625.0
194745404,-0.062168137930171466,-0.12333960008619867,0.07253881682501827,-0.9877553268550356,0.23885436356067657,0.226842999458313,-0.06985709816217422,1623.0,1624.0,1625.0,1625.0
194845364,-0.058914415352042795,-0.0975814210848806,0.05333708770595079,-0.9920494508832863,0.3359261453151703,0.6687285304069519,-0.1361762434244156,1624.0,1624.0,1625.0,1624.0
194945324,-0.05649729708060911,-0.06073178172089778,0.03635920469992558,-0.9958904128191914,0.2808598279953003,0.7878903746604919,-0.15120474994182587,1624.0,1624.0,1624.0,1625.0
195045284,-0.05525160761911846,-0.026504484347037657,0.021997518265678202,-0.9978781896379698,0.23091907799243927,0.6088616251945496,-0.15178056061267853,1624.0,1624.0,1625.0,1624.0
195145244,-0.054814281708771145,0.005268943300536869,0.009896329800966963,-0.9984336209351716,0.1939755231142044,0.5486950874328613,-0.1489982008934021,1624.0,1624.0,1624.0,1624.0
195245204,-0.05491631304977012,0.032333769907613934,-0.0003918381385448355,-0.9979672200766186,0.12861882150173187,0.5910323262214661,-0.10198536515235901,1624.0,1624.0,1624.0,1624.0
195345164,-0.05544977829655166,0.05321890071684653,-0.011679115936496934,-0.99697375539394,0.29510945081710815,0.3811568021774292,-0.03678227588534355,1625.0,1624.0,1624.0,1624.0
195445124,-0.05620593697722254,0.0734134659949565,-0.021194621610897697,-0.9954909058720179,0.169656440615654,0.4196584224700928,-0.005698885302990675,1624.0,1625.0,1624.0,1625.0
195545084,-0.057174331910767234,0.09070782721791786,-0.02999859166739451,-0.9937823053113467,0.12180860340595245,0.3690109848976135,-0.022396601736545563,1624.0,1624.0,1624.0,1625.0
195645044,-0.05813552179318587,0.10350959278170098,-0.03687153509096322,-0.9922431734247591,0.1713562309741974,0.1807878166437149,-0.055340997874736786,1624.0,1624.0,1625.0,1624.0
195745004,-0.05942286731190372,0.11367684007279667,-0.045716738377051,-0.9906848533734933,0.1155455932021141,0.23971791565418243,-0.05101259797811508,1624.0,1624.0,1624.0,1625.0
195844964,-0.06077070996935437,0.11951944373406653,-0.054995871510644855,-0.9894430137689106,0.22591428458690643,0.09536827355623245,-0.03424251079559326,1625.0,1624.0,1625.0,1624.0
195944924,-0.06190423569785551,0.12489661629888195,-0.061976235432691554,-0.9882953238184151,0.09746364504098892,0.0759952962398529,-0.026453722268342972,1624.0,1625.0,1624.0,1624.0
196044884,-0.06292275183977314,0.12761380453181034,-0.06854820088808017,-0.9874495371151049,0.13264861702919006,0.08053375780582428,-0.024048447608947754,1625.0,1624.0,1624.0,1624.0
196144844,-0.06344432669265712,0.12716033340132266,-0.07239523483801669,-0.9872000795140408,0.07975319027900696,-0.12721051275730133,-0.021881703287363052,1624.0,1624.0,1625.0,1624.0
196244804,-0.06373421706355172,0.12409354383090483,-0.07561810572684297,-0.987330058309311,0.005002859979867935,-0.01882644183933735,-0.014393255114555359,1624.0,1624.0,1624.0,1625.0
196344764,-0.0637549289990391,0.11761596948293396,-0.07846498197182732,-0.9878993062833266,0.09003172069787979,-0.18464793264865875,-0.016263892874121666,1624.0,1624.0,1625.0,1624.0
196444724,-0.06354770852611054,0.1117487345516033,-0.07941234611359788,-0.9885178745738137,-0.05120368301868439,-0.1630728840827942,-0.014960560947656631,1624.0,1625.0,1624.0,1624.0
196545517,-0.06331019131443306,0.10568121478430004,-0.08034980572743988,-0.9891244659985958,0.0858103558421135,-0.05060912296175957,-0.01503762137144804,1625.0,1624.0,1624.0,1625.0
196645477,-0.06261510748849061,0.0971740352284853,-0.07853179285800999,-0.9901865039991833,-0.0576799251139164,-0.2255394458770752,-0.018050607293844223,1624.0,1625.0,1625.0,1624.0
196745437,-0.062153403697973314,0.08974348959738078,-0.07823146356145601,-0.9909404112219232,-0.022338133305311203,-0.13728444278240204,-0.017943093553185463,1624.0,1624.0,1624.0,1625.0
196845397,-0.061635470333763744,0.0819737212955305,-0.07758320821713008,-0.9916966389054851,0.04804789647459984,-0.043959181755781174,-0.017360445111989975,1625.0,1624.0,1624.0,1625.0
196945357,-0.06092141789309217,0.07254103129864681,-0.07574696037897402,-0.992617135462294,-0.06420421600341797,-0.2845883071422577,-0.012638336978852749,1624.0,1625.0,1625.0,1624.0
197045317,-0.0605600614348809,0.06497705255510179,-0.07697057407145999,-0.9930689766211434,0.09852180629968643,-0.09727441519498825,-0.017591791227459908,1625.0,1624.0,1624.0,1625.0
197145277,-0.060011960074453495,0.05647930974232196,-0.0766280874241107,-0.9936482216744394,0.006048999261111021,-0.16343410313129425,-0.016845306381583214,1624.0,1625.0,1625.0,1625.0
197245237,-0.05949003890363024,0.04827213617936908,-0.07647403559638463,-0.9941239651167897,-0.08087632805109024,-0.22537952661514282,-0.01942630484700203,1624.0,1625.0,1625.0,1624.0
197345197,-0.059121639146240926,0.042562242772001053,-0.07601285870061952,-0.9944421212856175,0.08005139976739883,-0.10425610095262527,-0.020118175074458122,1625.0,1624.0,1624.0,1625.0
197445157,-0.05861377928159896,0.037010570134832395,-0.07190358253635679,-0.9949997574849253,-0.14097827672958374,-0.06570999324321747,-0.026275336742401123,1624.0,1625.0,1625.0,1625.0
197545117,-0.05827009010626098,0.03171761789419702,-0.07052436634841257,-0.9953014131735577,-0.04569118842482567,-0.14761002361774445,-0.03022620640695095,1625.0,1625.0,1625.0,1624.0
197645077,-0.05811989079563157,0.028692043945348262,-0.0703123661276869,-0.9954170061223931,0.06930684298276901,-0.03158107027411461,-0.02759326994419098,1625.0,1624.0,1624.0,1625.0
197745037,-0.05801275380823813,0.02670493607603843,-0.06951193688917112,-0.9955347595210704,0.011734290979802608,0.04553582891821861,-0.017032863572239876,1624.0,1625.0,1625.0,1625.0
197844997,-0.05781453080728754,0.02289217213247604,-0.06979653708315546,-0.9956213496574841,-0.0325995497405529,-0.09300319850444794,-0.022782787680625916,1625.0,1625.0,1625.0,1625.0
197944957,-0.057681379297571896,0.02043664971575769,-0.06848643098925508,-0.9957734735375707,0.06426028162240982,-0.05464284494519234,-0.03449662774801254,1625.0,1625.0,1625.0,1625.0
198044917,-0.05766761841383627,0.02013027044729326,-0.06669723420014359,-0.9959019514732593,-0.04022789001464844,-0.022959012538194656,-0.016536567360162735,1625.0,1625.0,1625.0,1625.0
198144877,-0.057730700878011715,0.021173199863206777,-0.06511368117530955,-0.9959814608251935,-0.021591907367110252,0.06145048886537552,-0.005315180867910385,1625.0,1625.0,1625.0,1625.0
198244837,-0.057766592629717055,0.021861983514801314,-0.06372413482196948,-0.9960543705510971,-0.020278697833418846,0.036025043576955795,-0.0005151990335434675,1625.0,1625.0,1625.0,1625.0
198344797,-0.05771440147650713,0.021401942264963548,-0.06102391040376426,-0.9962364614329918,-0.04524426534771919,-0.01576007343828678,-0.02736712619662285,1624.0,1625.0,1625.0,1625.0
198444757,-0.05769000069756018,0.020665277317050923,-0.05925535475312483,-0.9963601823969113,-0.07696563005447388,-0.007021300494670868,-0.04480266198515892,1625.0,1625.0,1625.0,1625.0
198544717,-0.05758045602877939,0.018104730151818935,-0.058130702374606304,-0.996482579512097,0.004956729244440794,-0.1385587900876999,-0.01341150887310505,1625.0,1625.0,1625.0,1624.0
198645510,-0.05749716676052241,0.01636409144751197,-0.05764716722695581,-0.996545581715316,0.007559418212622404,0.010019980370998383,0.020662829279899597,1625.0,1625.0,1624.0,1625.0
198745470,-0.05727028966431202,0.012291465717912441,-0.05700655679301854,-0.9966540454314504,0.009588837623596191,-0.06966041773557663,0.029024019837379456,1625.0,1625.0,1625.0,1625.0
198845430,-0.057065775558478006,0.008920268623241934,-0.05471706641871857,-0.9968299597775582,-0.11902502924203873,-0.05395462363958359,0.013666900806128979,1624.0,1625.0,1625.0,1625.0
198945390,-0.05694984906516732,0.0062220329651462986,-0.054317036415064475,-0.9968789598302895,-0.03998636081814766,-0.03992479294538498,-0.001887946855276823,1625.0,1625.0,1625.0,1625.0
199045350,-0.056851530230510046,0.004150510416961651,-0.05208832602983404,-0.9970142842833988,-0.022442786023020744,-0.028429420664906502,0.004423227626830339,1625.0,1625.0,1625.0,1625.0
199145310,-0.056788406292922686,0.0023694693543892856,-0.0525817656548171,-0.9969978036316381,0.08375587314367294,-0.02199310064315796,0.007724063005298376,1625.0,1625.0,1625.0,1625.0
199245270,-0.05674494674946735,0.0009579026433711273,-0.05545308425564004,-0.9968470539092057,0.07324185967445374,-0.012726829387247562,0.01256047748029232,1625.0,1625.0,1625.0,1625.0
199345230,-0.05704349175377668,0.0056580785053362915,-0.05805905197233627,-0.9966660286576632,0.0623139850795269,0.22281600534915924,0.011828339658677578,1625.0,1625.0,1625.0,1625.0
199445190,-0.057648895712989943,0.01539573860548209,-0.060618740278838484,-0.99637590515973,0.05408274382352829,0.1946660429239273,0.01739475689828396,1625.0,1625.0,1625.0,1625.0
199545150,-0.05829972409295092,0.02540613664278224,-0.06278198587362345,-0.9959990424901715,0.0488678514957428,0.25143882632255554,-0.00125381990801543,1625.0,1625.0,1625.0,1625.0
199645110,-0.058794517674384005,0.03218652032107041,-0.06456745427051572,-0.9956597192063575,0.04400729387998581,0.05015617236495018,-0.026876699179410934,1625.0,1625.0,1626.0,1625.0
199745070,-0.05920830443981035,0.03726747972372523,-0.06593923575309137,-0.9953680368731471,0.04165460169315338,0.1605098992586136,-0.04366062954068184,1625.0,1625.0,1625.0,1626.0
199845030,-0.059352310416508056,0.037709579078215316,-0.06704053527267162,-0.9952692387109732,0.03892239183187485,-0.033619362860918045,-0.058835193514823914,1625.0,1625.0,1626.0,1625.0
199944990,-0.05954226091394314,0.03713461829534302,-0.07054424415242017,-0.9950373103086532,0.1483040601015091,-0.03857070207595825,-0.06163659691810608,1625.0,1626.0,1625.0,1625.0
200044950,-0.059994342030999036,0.03536394979071168,-0.0827927377855845,-0.9941304907050357,0.23471282422542572,0.06403859704732895,-0.06293246150016785,1625.0,1625.0,1625.0,1626.0
200144910,-0.06016831927749132,0.032880109924256024,-0.09020903460836802,-0.9935597625717927,0.15105263888835907,-0.019842565059661865,-0.05215288698673248,1625.0,1626.0,1625.0,1625.0
200244870,-0.060381136344225504,0.03369108783522242,-0.09278322049548872,-0.9932825896836937,-0.08407843112945557,-0.03402275964617729,-0.0018007552716881037,1625.0,1626.0,1625.0,1625.0
200344830,-0.06027210721831612,0.03304187472941106,-0.09108998472875457,-0.9934677258411293,0.0509970560669899,0.08535601198673248,0.018553299829363823,1625.0,1625.0,1625.0,1626.0
200444790,-0.06000597488504666,0.031831006605074645,-0.08621253419086976,-0.9939584845178349,-0.09548389166593552,-0.11223435401916504,-0.004855757113546133,1625.0,1625.0,1626.0,1625.0
200544750,-0.05992904905200909,0.0325194643392146,-0.08142819874655961,-0.9943442271003052,0.009482583031058311,0.12197587639093399,-0.029351335018873215,1626.0,1625.0,1625.0,1626.0
200644710,-0.059647303574328916,0.03132263944774492,-0.07490317485690631,-0.9949123608794366,-0.180417999625206,-0.05237385258078575,-0.016106558963656425,1625.0,1626.0,1626.0,1625.0
200745503,-0.05961012824258711,0.03307229913479984,-0.06973129084671725,-0.9952338432336851,-0.08771800249814987,0.03844171762466431,-0.00649057375267148,1625.0,1625.0,1625.0,1625.0
200845463,-0.05953061639574896,0.03427277775679206,-0.06494736455067385,-0.9955216332427426,-0.011391260661184788,0.09868013858795166,-0.0032560790423303843,1626.0,1625.0,1625.0,1626.0
200945423,-0.05933157663261057,0.03311447130380323,-0.060614901831710546,-0.9958458864103875,-0.019232718273997307,-0.08830349147319794,-0.0011856247438117862,1625.0,1626.0,1626.0,1625.0
201045383,-0.059302093989710813,0.03410518064840477,-0.05773553144240995,-0.995985294424791,-0.1511441469192505,0.06777356564998627,-0.003748853225260973,1625.0,1626.0,1625.0,1626.0
201145343,-0.05925608826894042,0.03399487909721846,-0.05588489788085749,-0.996097355877966,-0.01734142191708088,0.015493135899305344,-0.004309302195906639,1625.0,1625.0,1626.0,1625.0
201245303,-0.059209332279907476,0.03388681574312587,-0.05402665744821292,-0.9962063335347414,-0.0032196203246712685,-0.07112102955579758,-0.008703821338713169,1625.0,1626.0,1626.0,1625.0
201345263,-0.05936073026094125,0.03640387477517831,-0.05393507276880949,-0.99611348225474,-0.012716597877442837,0.1500830352306366,-0.01678348146378994,1625.0,1626.0,1625.0,1626.0
201445223,-0.059464517264399296,0.037052470335691194,-0.05488450765997504,-0.9960315137822984,0.04495259374380112,-0.04863777384161949,-0.014121068641543388,1625.0,1626.0,1626.0,1625.0
201545183,-0.05955497473146377,0.03814713987125344,-0.05495020485186002,-0.9959811623173987,-0.04892490804195404,0.019441798329353333,-0.011750799603760242,1625.0,1626.0,1626.0,1626.0
201645143,-0.05974024758933927,0.03896842441861964,-0.05762633297773196,-0.9957870105920413,0.1101200133562088,0.0818585604429245,-0.015745239332318306,1626.0,1625.0,1625.0,1626.0
201745103,-0.05976344640886588,0.038772303700157544,-0.0574667870513822,-0.9958024941348101,-0.031993310898542404,0.01723404787480831,-0.019005587324500084,1625.0,1626.0,1626.0,1626.0
201845063,-0.05984390728758613,0.03906331053948512,-0.05819329118668775,-0.995744096337564,-0.06161830946803093,-0.024006832391023636,-0.01649942807853222,1625.0,1626.0,1626.0,1626.0
201945023,-0.06006934902722455,0.039965790163930745,-0.06133419051105052,-0.9955061657259449,0.17915137112140656,0.0532446950674057,-0.03058520518243313,1626.0,1625.0,1626.0,1626.0
202044983,-0.06028375049631835,0.04139884812541877,-0.06309789364678413,-0.995324399689531,0.07529368996620178,0.04650973156094551,-0.049771759659051895,1626.0,1626.0,1626.0,1626.0
202144943,-0.060424826563895175,0.04220117600332512,-0.06386491470372435,-0.9952332258061654,0.02584964968264103,0.07442758232355118,-0.03228536248207092,1626.0,1626.0,1625.0,1626.0
202244903,-0.06037183646545393,0.04076549220234383,-0.06408939332785253,-0.9952818523765804,0.02866021916270256,-0.08342035859823227,0.018236937001347542,1626.0,1626.0,1626.0,1625.0
202344863,-0.06044590934307361,0.04196403062796977,-0.06420101005388677,-0.9952203487093723,0.024791089817881584,0.0443156398832798,0.024294394999742508,1626.0,1626.0,1626.0,1626.0
202444823,-0.06051653776210524,0.04309034262668006,-0.06445069220232313,-0.9951517870678043,0.021701203659176826,0.04011351242661476,0.02822822332382202,1626.0,1626.0,1626.0,1626.0
202544783,-0.06055205012400223,0.04385717909689867,-0.06438386373536428,-0.9951204525874991,0.023582374677062035,0.03773313760757446,0.030392099171876907,1626.0,1626.0,1626.0,1626.0
202644743,-0.06063349985817459,0.04453166167573987,-0.06521401309484985,-0.9950314780444943,0.08307795971632004,0.032858919352293015,0.003470616415143013,1626.0,1625.0,1626.0,1626.0
202744703,-0.060790354466463706,0.04491319279940327,-0.06760731870605724,-0.9948450072115672,0.11358252912759781,0.03186461701989174,0.004746261052787304,1626.0,1626.0,1626.0,1626.0
202845496,-0.06101665983585954,0.045173067586674755,-0.07166418857394986,-0.9945353715496107,0.09408804029226303,0.02890860103070736,0.014317049644887447,1626.0,1626.0,1626.0,1626.0
202945456,-0.06117881471159379,0.04516433650293687,-0.07480593650538238,-0.9942944268184786,0.08426380157470703,0.027665946632623672,0.01563480868935585,1626.0,1626.0,1626.0,1626.0
203045416,-0.0612024403770115,0.043566187430996633,-0.07746623275168743,-0.9941605662003936,0.07297530770301819,-0.02417691983282566,0.013219083659350872,1626.0,1626.0,1626.0,1627.0
203145376,-0.0609094584041486,0.03804081155632884,-0.07913097655749422,-0.9942742192585035,0.0625915452837944,-0.153594508767128,-0.017068734392523766,1626.0,1626.0,1627.0,1626.0
203245336,-0.0608536144512104,0.03580349978584693,-0.08072706889514518,-0.9942324111388176,0.05482369661331177,-0.032976217567920685,-0.03450552746653557,1626.0,1626.0,1626.0,1626.0
203345296,-0.060805989943113925,0.03456867884195077,-0.08040588545188725,-0.9943050495772703,-0.053755346685647964,0.030471406877040863,-0.04459868371486664,1626.0,1626.0,1626.0,1626.0
203445256,-0.06057348871970017,0.03608003167407098,-0.07043855807909258,-0.995021353195227,-0.22159907221794128,0.002530238125473261,-0.05298054590821266,1626.0,1626.0,1626.0,1626.0
203545216,-0.06026485485482336,0.03756336476986754,-0.05892966548537296,-0.9957331145554391,-0.22730687260627747,0.12266913801431656,-0.06665168702602386,1626.0,1627.0,1626.0,1627.0
203645176,-0.059893492412973606,0.03819528073353826,-0.04750307380766261,-0.9963419834951688,-0.23011519014835358,-0.05836636573076248,-0.04620501399040222,1626.0,1626.0,1627.0,1626.0
203745136,-0.059705738339982335,0.040077979456965826,-0.04023190565528543,-0.996599405046616,0.04754162207245827,0.07276622951030731,-0.018968041986227036,1627.0,1626.0,1626.0,1626.0
203845096,-0.059764316296691045,0.043607655313102914,-0.038395317795088584,-0.996520144536525,0.01375576015561819,0.14039823412895203,-0.008356055244803429,1626.0,1627.0,1626.0,1627.0
203945056,-0.05994840146780448,0.044690317392403756,-0.04123452393867102,-0.996347669605531,0.014715255238115788,0.009373273700475693,0.0038614312652498484,1626.0,1627.0,1627.0,1626.0
204045016,-0.06025375157168083,0.045561543690083695,-0.04665236689566863,-0.9960507958036813,0.08643924444913864,0.025718489661812782,-0.0022450911346822977,1627.0,1626.0,1626.0,1627.0
204144976,-0.06048192174270459,0.04507149935330707,-0.05145534679040344,-0.9958226972584193,0.15147042274475098,0.10978183895349503,-0.0009853747906163335,1626.0,1627.0,1626.0,1627.0
204244936,-0.06069832647751383,0.04480864166315663,-0.05581285005339726,-0.9955866735568778,0.0030503063462674618,-0.020080167800188065,-0.009704310446977615,1626.0,1627.0,1627.0,1626.0
204344896,-0.061099985813026635,0.046886275206130305,-0.06108730179608814,-0.9951566763531342,0.19679032266139984,0.07139496505260468,-0.03714272752404213,1627.0,1626.0,1627.0,1627.0
204444856,-0.06129599614831562,0.04670254030261103,-0.06414476534998788,-0.9949608648905061,0.06571996957063675,0.049744851887226105,-0.03902876749634743,1627.0,1627.0,1626.0,1627.0
204544816,-0.061264240882403724,0.04438296753007184,-0.0656634556282122,-0.9949699269713077,0.05008113384246826,-0.008607759140431881,0.007932743988931179,1627.0,1627.0,1627.0,1626.0
204644776,-0.06123015843300766,0.0439485162826098,-0.06564408187133766,-0.9949925879774659,0.11546942591667175,-0.0075612859800457954,0.031185708940029144,1627.0,1626.0,1627.0,1627.0
204744736,-0.06101522690360114,0.040619619596594145,-0.06506953085595195,-0.9951849801639474,-0.05301295220851898,-0.06256103515625,0.0004548212164081633,1626.0,1627.0,1627.0,1627.0
204845529,-0.06084925012271399,0.036778452462350626,-0.06575103606731929,-0.995299711368416,0.014232619665563107,-0.05068138241767883,-0.027086995542049408,1627.0,1627.0,1627.0,1627.0
204945489,-0.060780345573765944,0.03396077060857722,-0.06721284083748623,-0.9953064099452792,0.09501830488443375,-0.001262384350411594,-0.026389915496110916,1627.0,1627.0,1627.0,1627.0
205045449,-0.061099153235730355,0.036488185080290635,-0.07062685550597059,-0.9949609806946009,0.07882019132375717,0.05614158883690834,-0.009008805267512798,1627.0,1627.0,1627.0,1627.0
205145409,-0.06153296982592223,0.04267002731171041,-0.0712114900139175,-0.9946466136692055,0.022024691104888916,0.13395094871520996,0.006548270117491484,1627.0,1627.0,1627.0,1627.0
205245369,-0.06176595028582221,0.04788222939202992,-0.06903785166639834,-0.994548155963816,-0.10161741077899933,0.11303708702325821,-0.01242290623486042,1626.0,1627.0,1627.0,1627.0
205345329,-0.061926346416835455,0.0519315354442645,-0.06708454702907109,-0.9944686555119611,-0.010769780725240707,0.09471442550420761,-0.009062833152711391,1627.0,1627.0,1627.0,1627.0
205445289,-0.06207000002430223,0.05535751231006397,-0.0659239028492933,-0.9943525028685457,-0.0026314102578908205,0.0807371437549591,0.0045732781291007996,1627.0,1627.0,1627.0,1627.0
205545249,-0.06215897094673006,0.058054922250798516,-0.06474735810522472,-0.9942704199319676,-0.0005557932890951633,0.0730251893401146,0.008658518083393574,1627.0,1627.0,1627.0,1627.0
205645209,-0.062227513118629514,0.060346919711915636,-0.06383958889066332,-0.9941883588046208,0.0015664477832615376,0.06361104547977448,0.01570831425487995,1627.0,1627.0,1627.0,1627.0
205745169,-0.06201787065129928,0.05761758072023907,-0.06276450114184504,-0.9944318053583366,0.005106806755065918,-0.0853767842054367,0.01806109957396984,1627.0,1627.0,1627.0,1627.0
205845129,-0.06143972570574143,0.04792465711139175,-0.06154206926770652,-0.9950582701813034,0.004948965273797512,-0.13620901107788086,0.011534747667610645,1627.0,1627.0,1627.0,1628.0
205945089,-0.06079785400148051,0.03656717608393445,-0.06013574334647872,-0.9956656843309544,0.007487767841666937,-0.18593795597553253,-0.02452993020415306,1627.0,1627.0,1628.0,1627.0
206045049,-0.06051177663351734,0.03076242736731025,-0.05937710478165325,-0.9959248753690586,0.011676701717078686,-0.12238648533821106,-0.057374484837055206,1627.0,1627.0,1627.0,1627.0
206145009,-0.060437698876725614,0.028455470238460918,-0.0586295508991915,-0.9960422413378629,0.0032178061082959175,0.12903118133544922,-0.0697973221540451,1628.0,1627.0,1627.0,1628.0
206244969,-0.06043541839788588,0.02746041222823258,-0.05826390845283269,-0.9960917643144772,0.07626007497310638,0.0027620908804237843,-0.04110809788107872,1628.0,1627.0,1628.0,1627.0
206344929,-0.06061966865125099,0.03151521312452672,-0.056366620168878424,-0.9960697020013538,-0.04204346612095833,0.16023296117782593,-0.014644691720604897,1627.0,1628.0,1627.0,1628.0
206444889,-0.06095381397785489,0.036555365913100185,-0.05796314139635769,-0.9957854246894651,0.10907682031393051,0.20785179734230042,0.0003179239574819803,1628.0,1627.0,1627.0,1628.0
206544849,-0.06099940737345498,0.03898524586856403,-0.05585801963150556,-0.9958107774810943,-0.054661139845848083,0.05177544429898262,0.009803708642721176,1627.0,1628.0,1628.0,1627.0
206644809,-0.061127087781807164,0.041015839677697064,-0.05635552090010751,-0.9956933440065401,0.05244520306587219,0.08254508674144745,0.009696947410702705,1628.0,1627.0,1627.0,1628.0
206744769,-0.061039401660689475,0.04007159486729826,-0.05518353295461951,-0.9958028100082579,0.01920282281935215,-0.012019464746117592,0.006461585406213999,1627.0,1628.0,1628.0,1627.0
206844729,-0.061115158259754644,0.041078760296629394,-0.05557826250827962,-0.9957351704243141,-0.032491594552993774,-0.025498749688267708,0.0018695774488151073,1627.0,1628.0,1628.0,1628.0
206945522,-0.06118050145660911,0.04155844983480117,-0.05612102800383154,-0.9956808081431717,0.13046875596046448,0.10066376626491547,-0.004645409062504768,1628.0,1627.0,1628.0,1628.0
207045482,-0.061167116370548766,0.04205545236520827,-0.05477440483872965,-0.9957357517814817,-0.015291178598999977,-0.07544618844985962,-0.009991312399506569,1627.0,1628.0,1628.0,1627.0
207145442,-0.06131581231904212,0.04354377304128004,-0.05586941057507598,-0.9956017878403891,0.023119548335671425,0.1496591418981552,-0.013455071486532688,1628.0,1628.0,1627.0,1628.0
207245402,-0.061451285568541215,0.04367983324072693,-0.05808731089914948,-0.995460534618295,0.102518729865551,0.001424814690835774,-0.011845401488244534,1628.0,1627.0,1628.0,1628.0
207345362,-0.061499475222440515,0.04442579850477015,-0.057650322173817756,-0.9954499501872673,-0.023569047451019287,0.031089192256331444,-0.02033662050962448,1627.0,1628.0,1628.0,1628.0
207445322,-0.06159314169587692,0.04488865275908676,-0.058122377660018085,-0.9953959428110264,-0.06891244649887085,0.04377538710832596,-0.042866598814725876,1627.0,1628.0,1627.0,1628.0
207545282,-0.061685282665259404,0.04518859745345938,-0.058887480762174815,-0.9953316940458496,-0.035215333104133606,0.07926471531391144,-0.015945296734571457,1628.0,1628.0,1628.0,1628.0
207645242,-0.06159479189245048,0.0451892358455106,-0.05686120278894387,-0.9954550809518324,-0.02025020308792591,-0.05615713819861412,0.025531725957989693,1628.0,1628.0,1628.0,1627.0
207745202,-0.06164394181884234,0.04558920992768157,-0.05792057550063012,-0.9953727218026828,0.13196790218353271,0.04777893051505089,0.05089044198393822,1628.0,1627.0,1628.0,1628.0
207845162,-0.061749714704956674,0.048242517269823065,-0.05756965161799878,-0.9952614568413215,-0.10290911048650742,0.06183100491762161,0.009785233065485954,1627.0,1628.0,1628.0,1628.0
207945122,-0.06196000764155239,0.04997912171603009,-0.05947978212010991,-0.9950503506679939,0.1781715750694275,0.05706029012799263,-0.01947903074324131,1628.0,1627.0,1628.0,1628.0
208045082,-0.0620069615041519,0.050218374666412255,-0.05934454133416249,-0.9950434548223129,-0.016714539378881454,-0.0725967139005661,-0.0317123681306839,1628.0,1628.0,1628.0,1628.0
208145042,-0.06175622859184104,0.044554912107280055,-0.059158640741297265,-0.9953397828193481,0.02199503593146801,-0.08374033123254776,-0.02778070606291294,1628.0,1628.0,1628.0,1628.0
208245002,-0.061585368126742694,0.0407491340683187,-0.059102408017546335,-0.9955167782975349,0.019301792606711388,0.0070890155620872974,0.0025569451972842216,1628.0,1628.0,1627.0,1628.0
208344962,-0.06153563261958901,0.03982500994361829,-0.05899797998654703,-0.9955634449188081,0.022175701335072517,0.04364508017897606,0.019695863127708435,1628.0,1628.0,1628.0,1628.0
208444922,-0.061592691578227485,0.040872852591733795,-0.05916269853962264,-0.9955076721787098,0.018601778894662857,0.039101164788007736,0.027511240914463997,1628.0,1628.0,1628.0,1628.0
208544882,-0.061622674113870006,0.041538552272824714,-0.05919590806754068,-0.9954762876021673,0.02175980806350708,0.0362863652408123,0.02845471352338791,1628.0,1628.0,1628.0,1628.0
208644842,-0.06165660764845158,0.04222656164437089,-0.05939014942223311,-0.9954336695011797,0.021241379901766777,0.03130883723497391,0.030990181490778923,1628.0,1628.0,1628.0,1628.0
208744802,-0.06166868822044953,0.04266484128602046,-0.059397782639744774,-0.9954137770940733,0.01956862397491932,0.028662780299782753,0.033301107585430145,1628.0,1628.0,1628.0,1628.0
208844762,-0.0616305210897997,0.04210884937350881,-0.05945788479559661,-0.9954362277967748,0.015263124369084835,0.021777549758553505,0.024479784071445465,1628.0,1628.0,1628.0,1629.0
208944722,-0.061498453932485986,0.03941982058920879,-0.05920477428072625,-0.9955695920481886,0.01763717457652092,-0.08613529056310654,-0.013515349477529526,1628.0,1628.0,1629.0,1628.0
209045515,-0.06155819337654009,0.039557776094603266,-0.059350268626874904,-0.9955517649989797,0.018223704770207405,0.059393201023340225,-0.04562520608305931,1628.0,1628.0,1628.0,1629.0
209145475,-0.061386899345559555,0.03792250881776864,-0.05555197290934382,-0.9958451236108876,-0.09727808088064194,-0.016264427453279495,-0.06337015330791473,1628.0,1629.0,1629.0,1628.0
209245435,-0.06126073839888911,0.03855694408257089,-0.05032007793414475,-0.996106607623169,-0.12947377562522888,-0.05624597147107124,-0.03976405784487724,1629.0,1628.0,1628.0,1629.0
209345395,-0.06114912024356528,0.03986376933431366,-0.04533346939350494,-0.9963014310642372,0.029832810163497925,0.1706995815038681,-0.02139708772301674,1629.0,1628.0,1628.0,1629.0
209445355,-0.06092723675613004,0.03943931691865515,-0.03984525382023025,-0.996566489427702,-0.17883940041065216,-0.07309706509113312,-0.0019997244235128164,1628.0,1629.0,1629.0,1628.0
209545315,-0.06085840108910353,0.04079339039673421,-0.03681446623084699,-0.9966327555288133,-0.03303007408976555,0.1588638871908188,0.0037581645883619785,1629.0,1629.0,1628.0,1629.0
209645275,-0.0607676718773043,0.040633521345435186,-0.03453991110300786,-0.9967262420236956,-0.05285279452800751,-0.07565752416849136,0.00636652298271656,1628.0,1629.0,1629.0,1628.0
209745235,-0.060754511331845173,0.04092090066884684,-0.03383184703913516,-0.9967395724898253,0.0032065068371593952,-0.03207223117351532,0.010249432176351547,1629.0,1629.0,1629.0,1629.0
209845195,-0.060801697054614516,0.03988984271307037,-0.03502601716274103,-0.996737243312058,0.12774202227592468,0.08917557448148727,-0.01828724332153797,1629.0,1628.0,1628.0,1629.0
209945155,-0.06097604310587352,0.04172692463555691,-0.03712805787842269,-0.9965752822771523,0.1443360298871994,0.11826696991920471,-0.013936653733253479,1629.0,1629.0,1629.0,1629.0
210045115,-0.06117884432390319,0.043649165253732955,-0.03982710582777529,-0.996376284854887,0.16398558020591736,0.15782400965690613,0.0008482107077725232,1629.0,1628.0,1628.0,1629.0
210145075,-0.06128905595560052,0.04457446241937769,-0.04133580437792777,-0.996267092800181,0.09704480320215225,0.11597112566232681,0.011839292012155056,1629.0,1629.0,1629.0,1629.0
210245035,-0.0614460347898474,0.045990678257795174,-0.04352008390799979,-0.9961000173770873,-0.07948175072669983,-0.0008287606760859489,0.009686902165412903,1628.0,1629.0,1629.0,1629.0
210344995,-0.061530041221250484,0.044930606295788045,-0.04549976970401862,-0.9960547503034587,0.0710112601518631,0.0016346029005944729,-0.0205388180911541,1629.0,1629.0,1629.0,1629.0
210444955,-0.061583488808876055,0.04421019839436986,-0.0464101377035999,-0.9960416815487143,0.01793743669986725,0.006024226546287537,-0.021127501502633095,1629.0,1629.0,1629.0,1629.0
210544915,-0.061592349848742664,0.04355921528527659,-0.046461821451051086,-0.9960674055259974,0.017583854496479034,0.006309920456260443,-0.006520629394799471,1629.0,1629.0,1629.0,1629.0
210644875,-0.0615592324178977,0.04240128744672904,-0.04650514592801329,-0.9961173942508952,0.019920218735933304,0.02652471885085106,0.02527979575097561,1629.0,1629.0,1629.0,1629.0
210744835,-0.06158650658578043,0.04329537678329456,-0.04661638357773238,-0.9960720482665327,0.015494669787585735,0.061587706208229065,0.03932309150695801,1629.0,1629.0,1629.0,1629.0
210844795,-0.06165828139791543,0.045216740118198685,-0.04690209010087509,-0.9959688231527672,0.01986859180033207,0.052570641040802,0.04075925797224045,1629.0,1629.0,1629.0,1629.0
210944755,-0.061701659850829815,0.046628462006170004,-0.046990007105901434,-0.9958968977433251,0.01880785822868347,0.046908121556043625,0.042201802134513855,1629.0,1629.0,1629.0,1629.0
211044715,-0.06174083843755642,0.04793123730060224,-0.047113248737624444,-0.9958267957598087,0.015138579532504082,0.04353175312280655,0.04250112920999527,1629.0,1629.0,1629.0,1629.0
211145508,-0.0617188448547594,0.04786246224442201,-0.04707103331074562,-0.9958334633465348,0.018872585147619247,-0.012505034916102886,0.04168204218149185,1629.0,1629.0,1629.0,1630.0
211245468,-0.06134631819102172,0.03889149878578153,-0.04655756482379402,-0.9962712852051291,0.01692849025130272,-0.2359025478363037,0.007580829318612814,1629.0,1629.0,1630.0,1629.0
211345428,-0.061084258007461346,0.0318749670098686,-0.04620958101079408,-0.996552745480441,0.016564328223466873,-0.15997743606567383,-0.02162269689142704,1629.0,1629.0,1630.0,1629.0
211445388,-0.06108797212105919,0.028738338917877086,-0.04860372707268725,-0.9965340161043283,0.16759027540683746,0.04970204457640648,-0.04960203170776367,1629.0,1629.0,1629.0,1630.0
211545348,-0.06132129653245067,0.026437528676863165,-0.057529946419392866,-0.9961079564655736,0.29855963587760925,-0.012633875012397766,-0.052606113255023956,1630.0,1629.0,1630.0,1629.0
211645308,-0.061643144537193655,0.027889341974636047,-0.06380345910949768,-0.995666322590782,0.09114003926515579,0.03419787436723709,-0.020430635660886765,1629.0,1630.0,1629.0,1630.0
211745268,-0.0617832615679669,0.028639505389996083,-0.06593234671568948,-0.9954976308247061,-0.017090506851673126,0.036900002509355545,-0.0024986485950648785,1629.0,1630.0,1630.0,1629.0
211845228,-0.062034915216610295,0.0316473213457898,-0.06746772676627384,-0.9952880096689077,0.0823960229754448,0.10474666953086853,0.007729572709649801,1630.0,1629.0,1629.0,1630.0
211945188,-0.06212916134350376,0.03454033998601347,-0.06505209242620531,-0.9953467523910329,0.031229371204972267,0.09686195850372314,0.013906758278608322,1630.0,1629.0,1630.0,1629.0
212045148,-0.06205747427038568,0.03570964441926556,-0.061377564297056535,-0.9955433118571944,-0.1671985387802124,-0.08701082319021225,0.01940847560763359,1629.0,1630.0,1630.0,1629.0
212145108,-0.062070404369985344,0.0387861233201444,-0.05758005856949331,-0.9956542765409462,-0.15126964449882507,0.11992906779050827,0.01570812612771988,1629.0,1630.0,1629.0,1630.0
212245068,-0.06210310656699009,0.041323257121110346,-0.05521952756315787,-0.9956838837459072,0.002731621963903308,0.1441442370414734,0.011213169433176517,1630.0,1629.0,1629.0,1630.0
212345028,-0.062017548425220274,0.041721898438975384,-0.05251248605155066,-0.995819032599126,0.023485617712140083,-0.0741926059126854,0.003272460773587227,1630.0,1630.0,1630.0,1629.0
212444988,-0.061994489925734905,0.042812744790712655,-0.050565047702283906,-0.9958749560327336,-0.1377606838941574,0.008386911824345589,0.008789092302322388,1629.0,1630.0,1630.0,1630.0
212544948,-0.0620004988034369,0.04397214972358747,-0.04921104254977018,-0.9958918924702501,0.03908446058630943,0.15846504271030426,0.0033078391570597887,1630.0,1629.0,1629.0,1630.0
212644908,-0.061968110182164055,0.04409141341580688,-0.047960698316106665,-0.9959496332648952,0.04189453646540642,0.05344725400209427,-0.001993694808334112,1630.0,1630.0,1630.0,1630.0
212744868,-0.062016725047396276,0.04536473329504651,-0.047385100780083914,-0.9959169739549208,-0.035895898938179016,0.04866158589720726,-0.00834000762552023,1629.0,1630.0,1630.0,1630.0
212844828,-0.06205974538334631,0.045346558666431495,-0.04750354341815026,-0.9959094793116421,0.08172065019607544,-0.0062476214952766895,-0.02379448339343071,1630.0,1629.0,1630.0,1630.0
212944788,-0.0620320813802428,0.04562562769596478,-0.04597168773994897,-0.9959703443894928,-0.03429171070456505,0.13029463589191437,0.005248159635812044,1630.0,1630.0,1629.0,1630.0
213044748,-0.061923699828736176,0.04566792756110391,-0.043746797591602535,-0.9960753553282371,-0.022731496021151543,0.0282300915569067,0.04101961851119995,1630.0,1630.0,1630.0,1630.0
213144708,-0.06174150439802052,0.04243203461460704,-0.04257213463501184,-0.9962806444098733,0.05846719071269035,-0.04365221783518791,0.04448341950774193,1630.0,1629.0,1630.0,1630.0
213245501,-0.06167802440442792,0.03975766839788811,-0.04327385760717224,-0.9963646533056683,0.06448126584291458,-0.029864346608519554,0.013313398696482182,1630.0,1630.0,1630.0,1630.0
213345461,-0.06170831460630254,0.037430781580358126,-0.045847813155986815,-0.9963377933851285,0.0897579938173294,-0.022453978657722473,0.014157433994114399,1630.0,1630.0,1630.0,1630.0
213445421,-0.0617572804650198,0.035505536749512366,-0.04890433303135964,-0.9962598864656008,0.07192255556583405,-0.01371308509260416,0.020005756989121437,1630.0,1630.0,1630.0,1630.0
213545381,-0.061780654180906176,0.03385241025454692,-0.051359616762540306,-0.996192428627593,0.06884671747684479,-0.009028108790516853,0.026270173490047455,1630.0,1630.0,1630.0,1630.0
213645341,-0.06179441078573595,0.03253644530427071,-0.05345357005015331,-0.9961252664055357,0.05541630834341049,-0.004008613992482424,0.030325997620821,1630.0,1630.0,1630.0,1630.0
213745301,-0.06186368744753425,0.032797643745269466,-0.05512783932368445,-0.9960211443898439,0.04949641600251198,0.1007096916437149,0.0314057432115078,1630.0,1630.0,1630.0,1630.0
213845261,-0.06222188279822112,0.03874368659258603,-0.056917477336772763,-0.9956845709479875,0.0414002425968647,0.18071821331977844,0.03245639055967331,1630.0,1630.0,1630.0,1630.0
213945221,-0.0627225832888462,0.04731097579095405,-0.058405144234111354,-0.9951966580743096,0.03856738284230232,0.09548510611057281,0.006021158304065466,1630.0,1630.0,1631.0,1630.0
214045181,-0.06303051746486343,0.05247688510177206,-0.05879700483136544,-0.9948950912638916,-0.019295737147331238,0.09408703446388245,-0.023540105670690536,1630.0,1630.0,1630.0,1631.0
214145141,-0.06278007611131586,0.04979479855049706,-0.05550871023951101,-0.9952376214594778,-0.08363771438598633,-0.04059607908129692,-0.04372816160321236,1631.0,1630.0,1630.0,1630.0
214245101,-0.06218637109698431,0.041981790073568906,-0.049359309326363066,-0.9959588561455897,-0.16310080885887146,-0.2239072173833847,-0.0156736820936203,1630.0,1631.0,1631.0,1630.0
214345061,-0.061684473502277015,0.03384235697099718,-0.04464890728899635,-0.9965220497717514,-0.06403925269842148,-0.20446935296058655,0.028854332864284515,1631.0,1630.0,1631.0,1630.0
214445021,-0.06126578312149605,0.026028958239952445,-0.040863484338001146,-0.9969449196416073,0.02237548492848873,-0.10102821886539459,0.033187806606292725,1631.0,1630.0,1630.0,1631.0
214544981,-0.060925038134566276,0.018131959347663873,-0.0384272230694431,-0.9972375445728503,-0.07100225239992142,-0.15126630663871765,0.0288933664560318,1630.0,1631.0,1631.0,1630.0
214644941,-0.06064864272507088,0.010658192343914071,-0.037444524920941594,-0.9973996453904583,0.0031859762966632843,-0.2321597933769226,0.026176778599619865,1631.0,1630.0,1631.0,1630.0
214744901,-0.06048890872994682,0.006147047322762739,-0.036503918272871055,-0.997482215220201,0.053814925253391266,-0.04778167977929115,0.014364807866513729,1630.0,1630.0,1630.0,1631.0
214844861,-0.06042104104627566,0.004102883704361864,-0.03452819618911479,-0.9975671745863126,-0.1215469017624855,0.03777788206934929,0.008001859299838543,1630.0,1631.0,1630.0,1631.0
214944821,-0.06032101120870108,0.0004920030695172843,-0.03556266265280531,-0.9975452022664347,-0.019981663674116135,-0.06236124411225319,0.0033676698803901672,1631.0,1631.0,1631.0,1630.0
215044781,-0.06034617606633564,0.0005787474065650267,-0.03547794365436739,-0.9975466503375509,0.03197355568408966,0.00988253578543663,0.0028634765185415745,1631.0,1631.0,1631.0,1631.0
215144741,-0.0604559763774725,0.0030965197078221054,-0.03462792443912163,-0.9975652326213981,-0.01853879913687706,0.07159990817308426,-0.005634318571537733,1630.0,1631.0,1631.0,1631.0
215244701,-0.060533907190351,0.004144354301559219,-0.03670361059292319,-0.9974824887571391,0.0960862785577774,0.025565756484866142,-0.001416330342181027,1631.0,1630.0,1631.0,1631.0
215345494,-0.06064466431007202,0.0063060688763695635,-0.038755526062642376,-0.9973868193362357,0.08986863493919373,0.040145114064216614,0.023577118292450905,1631.0,1631.0,1631.0,1631.0
215445454,-0.06078450612277224,0.009679424709390608,-0.04103916433944334,-0.9972599157406388,0.07045883685350418,0.12860465049743652,0.04926184192299843,1631.0,1630.0,1631.0,1631.0
215545414,-0.0608486263164982,0.011770556716450643,-0.0399898635367291,-0.9972761450492506,-0.0678197592496872,0.05841587111353874,0.015167981386184692,1630.0,1631.0,1631.0,1631.0
215645374,-0.06094705495456678,0.013535429267969553,-0.040677876483378464,-0.9972199150697402,-0.03416065499186516,0.04756639525294304,-0.001278392504900694,1631.0,1631.0,1631.0,1631.0
215745334,-0.06100535258334757,0.014964463508840243,-0.03921047129506299,-0.9972547070477498,0.04450643062591553,0.04131096974015236,-0.0006004429887980223,1631.0,1631.0,1631.0,1631.0
215845294,-0.061092416455072907,0.016153378449926994,-0.04046646199371459,-0.9971806508702646,0.038795433938503265,0.039845239371061325,0.007712950464338064,1631.0,1631.0,1631.0,1631.0
215945254,-0.061283904590959365,0.020515927983930753,-0.041483284057324835,-0.9970468980348235,0.03217582032084465,0.1596042960882187,0.03693503141403198,1631.0,1631.0,1631.0,1631.0
216045214,-0.06154473871153864,0.027023795190803782,-0.04259621227217415,-0.9968287326970857,0.02744772657752037,0.152289018034935,0.04458943381905556,1630.0,1631.0,1631.0,1631.0
216145174,-0.06188837715359665,0.03261236854354904,-0.04641608870238143,-0.9964696728455145,0.17853493988513947,0.12396159023046494,0.015315324068069458,1631.0,1630.0,1631.0,1631.0
216245134,-0.06230154000101276,0.03720179252916227,-0.05184350578427356,-0.9960154595457419,0.14772391319274902,0.10542329400777817,0.01624094881117344,1631.0,1631.0,1631.0,1631.0
216345094,-0.06273519948767176,0.040736145075993956,-0.05786163885623873,-0.9955184036362462,0.12405362725257874,0.0911032184958458,0.0209724809974432,1631.0,1631.0,1631.0,1631.0
216445054,-0.06313419936175982,0.04373267544485558,-0.06303337456916222,-0.9950519180725237,0.10823538899421692,0.07758866250514984,0.024947451427578926,1631.0,1631.0,1631.0,1631.0
216545014,-0.06346681724734066,0.04604129470566861,-0.0670965871523997,-0.99466085189014,0.08968216925859451,0.06779981404542923,0.025889869779348373,1631.0,1631.0,1631.0,1631.0
216644974,-0.06333924372012233,0.0438157860497976,-0.06715970038415695,-0.994765244538686,-0.048524048179388046,-0.08226663619279861,0.03343988582491875,1631.0,1631.0,1631.0,1631.0
216744934,-0.06256506377662073,0.03664433602224525,-0.058300212621370154,-0.995662538534226,-0.1389080137014389,-0.15189330279827118,0.008887623436748981,1631.0,1631.0,1632.0,1631.0
216844894,-0.061987427755638716,0.031476076061157744,-0.048234769988656126,-0.9964136803557914,-0.2603606581687927,-0.07748091220855713,-0.025973619893193245,1631.0,1631.0,1631.0,1632.0
216944854,-0.061600920198706374,0.029151434725674868,-0.0373121236742594,-0.9969770939750944,-0.16712652146816254,0.08753225952386856,-0.028552763164043427,1631.0,1632.0,1631.0,1631.0
217044814,-0.06144533067391908,0.030407062838681127,-0.030162988563923646,-0.9971910930151702,-0.16362065076828003,-0.013258556835353374,0.001697835512459278,1631.0,1632.0,1632.0,1631.0
217144774,-0.061497362093559216,0.03536866747173677,-0.027828339187829756,-0.997092129822944,0.10326682776212692,0.2340223789215088,0.017064573243260384,1632.0,1631.0,1631.0,1632.0
217244734,-0.06165451488934541,0.04107121352133401,-0.028639745527923345,-0.9968408304186483,0.00046965552610345185,0.05354630574584007,0.030430559068918228,1631.0,1632.0,1632.0,1631.0
217345527,-0.06198892364736757,0.048617186756093035,-0.03228869712301438,-0.9963689991840685,0.028928877785801888,0.18258675932884216,0.03965040668845177,1632.0,1632.0,1631.0,1632.0
217445487,-0.06236354125167543,0.055264996494777736,-0.03630743567424867,-0.9958606021927683,0.15147143602371216,0.17860478162765503,0.039989594370126724,1632.0,1631.0,1632.0,1632.0
217545447,-0.06263357390409799,0.06097642556955277,-0.03823381090994654,-0.9954381380317228,0.005827231798321009,0.06701789051294327,0.02906937710940838,1631.0,1632.0,1632.0,1631.0
217645407,-0.06299124025751857,0.0664777683833978,-0.0410964054334391,-0.9949491923822208,0.02678949385881424,0.10286170989274979,0.0020406923722475767,1632.0,1632.0,1632.0,1632.0
217745367,-0.06333406614621327,0.07012173082499559,-0.043817263563566786,-0.9945611023689268,0.13836687803268433,0.09204716235399246,-0.018051454797387123,1632.0,1632.0,1631.0,1632.0
217845327,-0.06373804556844063,0.07058005193701195,-0.04882571486970706,-0.9942695647474814,0.1311904639005661,0.013062668964266777,0.02383481152355671,1632.0,1632.0,1632.0,1631.0
217945287,-0.06408801568422648,0.07050255496257465,-0.05383547368599988,-0.9939938922158483,0.1111757829785347,-0.054937489330768585,0.06586260348558426,1632.0,1632.0,1632.0,1632.0
218045247,-0.06422086415790061,0.07072775729539714,-0.055887867570153425,-0.9938560314317345,-0.06919331103563309,0.02903122454881668,0.053320497274398804,1631.0,1632.0,1632.0,1632.0
218145207,-0.06439425912104688,0.07104963386129354,-0.0580147999835852,-0.9936999607040812,0.12427318096160889,0.027333268895745277,0.023969147354364395,1632.0,1631.0,1632.0,1632.0
218245167,-0.06442741144271738,0.07053931677713554,-0.058456769215704245,-0.9937082668350242,0.07325030863285065,-0.05971955507993698,-0.001616460271179676,1632.0,1632.0,1632.0,1632.0
218345127,-0.0642458460615884,0.06508526722595726,-0.059121189195210054,-0.9940528478114736,0.034008417278528214,-0.15376344323158264,0.014093974605202675,1632.0,1632.0,1632.0,1632.0
218445087,-0.06395831005113328,0.05805467186508378,-0.059679826599746064,-0.9944733822214976,0.03171360865235329,-0.13004815578460693,0.022349445149302483,1632.0,1632.0,1632.0,1632.0
218545047,-0.06365012877130205,0.05136580397467692,-0.059933842915519606,-0.9948457919510992,0.02716931700706482,-0.10002733021974564,0.026382217183709145,1632.0,1632.0,1632.0,1632.0
218645007,-0.0634031338387652,0.04602142182831559,-0.060347840931636296,-0.99509809036457,0.02845192514359951,-0.08245929330587387,0.03137608617544174,1632.0,1632.0,1632.0,1632.0
218744967,-0.06317559802691333,0.041502183592303066,-0.060455417533147926,-0.9953047548675258,0.023133235052227974,-0.06336203217506409,0.03184240683913231,1632.0,1632.0,1632.0,1632.0
218844927,-0.06299709477269125,0.037948552416435966,-0.060700794904520954,-0.9954429601527437,0.0241769477725029,-0.0456712432205677,0.03580634295940399,1632.0,1632.0,1632.0,1632.0
218944887,-0.06283300299868912,0.03484689624886188,-0.06078550825488763,-0.9955615649181032,0.024053843691945076,-0.036724966019392014,0.036466870456933975,1632.0,1632.0,1632.0,1632.0
219044847,-0.06270560564322898,0.0324564286586866,-0.060952323494052434,-0.9956401968182662,0.01723056472837925,-0.027728965505957603,0.03950115665793419,1632.0,1632.0,1632.0,1632.0
219144807,-0.06282315723045226,0.034955481857642655,-0.06047393917433417,-0.9955773540435906,-0.0453413687646389,0.19915898144245148,0.03209058940410614,1632.0,1632.0,1632.0,1633.0
219244767,-0.062755541207634,0.037255533201253084,-0.05520770510436172,-0.9958041356565743,-0.15389621257781982,-0.057798177003860474,0.0028078346513211727,1632.0,1633.0,1633.0,1632.0
219344727,-0.06274644377460371,0.0399487818840834,-0.05145822155651538,-0.9959011145961526,-0.038350388407707214,0.16358089447021484,0.014311246573925018,1633.0,1632.0,1632.0,1633.0
219445520,-0.06266047310805781,0.04058089268354555,-0.04859213266196298,-0.9960249298598118,0.026478348299860954,-0.018933190032839775,0.027328278869390488,1633.0,1632.0,1633.0,1632.0
219545480,-0.06257939305234123,0.041989673641586386,-0.045367593994956525,-0.9961237213759054,-0.11733458936214447,0.04039875417947769,0.032412219792604446,1632.0,1633.0,1632.0,1633.0
219645440,-0.06263200315329517,0.042578626660832834,-0.046054216553805614,-0.9960639045113011,-0.03571009635925293,-0.011510375887155533,0.03969899192452431,1632.0,1632.0,1633.0,1632.0
219745400,-0.06267433022523179,0.0441428068519835,-0.0456626391244678,-0.9960111768058809,0.11384058743715286,0.07871169596910477,0.037236735224723816,1633.0,1632.0,1632.0,1633.0
219845360,-0.06261000178796589,0.044470865687801564,-0.04401438529451864,-0.9960748283478678,-0.08254043012857437,0.05133460462093353,0.03308195248246193,1632.0,1633.0,1633.0,1633.0
219945320,-0.06262604209586435,0.04350220644252296,-0.04504780981128639,-0.9960703949607403,0.08022435754537582,-0.03256085887551308,0.03477659821510315,1633.0,1632.0,1633.0,1633.0
220045280,-0.06264402590354068,0.04361369224622434,-0.04520781311009769,-0.9960571396767611,0.032842908054590225,0.079555943608284,0.026776393875479698,1632.0,1633.0,1632.0,1633.0
220145240,-0.06268168046419514,0.04211348498043988,-0.04710465447436827,-0.9960314316545624,0.04399672895669937,-0.04079953208565712,0.030220890417695045,1632.0,1633.0,1633.0,1632.0
220245200,-0.06283123455823912,0.041806461608445505,-0.050514082395990305,-0.9958678542916024,0.10246801376342773,0.019184933975338936,0.028001932427287102,1633.0,1632.0,1632.0,1633.0
220345160,-0.06283582756198514,0.041409075548479266,-0.05074592114105934,-0.995872380741813,-0.05165959894657135,0.0542055107653141,0.028595292940735817,1632.0,1633.0,1633.0,1633.0
220445120,-0.06282810315352971,0.040263880436560935,-0.05151134964570009,-0.995880530105895,-0.06316106021404266,-0.08645384758710861,0.02284718118607998,1633.0,1633.0,1633.0,1632.0
220545080,-0.06277029391172152,0.03833654605541941,-0.05170779682586843,-0.9959500505478132,0.08621756732463837,-0.03652526065707207,0.008281830698251724,1633.0,1632.0,1633.0,1633.0
220645040,-0.06280564776605749,0.03961550909771512,-0.05059224911037935,-0.9959550624288066,-0.029397785663604736,0.1093878373503685,0.01819298230111599,1633.0,1633.0,1632.0,1633.0
220745000,-0.06274392130047926,0.040161471639662875,-0.04864313572318993,-0.9960341871053379,-0.02099793404340744,0.08773202449083328,0.05415477976202965,1633.0,1633.0,1633.0,1633.0
220844960,-0.06275825243041414,0.04128917857839445,-0.04849563547190079,-0.9959943668637783,0.04028254747390747,-0.002291434910148382,0.0706285685300827,1633.0,1633.0,1633.0,1633.0
220944920,-0.06272166082935651,0.039827832244393034,-0.049317404714709225,-0.9960158285056143,0.13598960638046265,-0.008505732752382755,0.03668695688247681,1633.0,1632.0,1633.0,1633.0
221044880,-0.06271825740657545,0.038700726160198325,-0.04992782826753816,-0.9960300627727273,0.11846812814474106,-0.007358381059020758,0.008663320913910866,1633.0,1632.0,1633.0,1633.0
221144840,-0.06268981653428703,0.037769440385615256,-0.049457135190784075,-0.9960910842159845,0.029494836926460266,0.0017220480367541313,0.010357754305005074,1633.0,1633.0,1633.0,1633.0
221244800,-0.06271213869316515,0.03709650736636838,-0.05017103085103934,-0.9960792661556058,0.028613794595003128,0.003312081331387162,0.018558690324425697,1633.0,1633.0,1633.0,1633.0
221344760,-0.06319837389452893,0.03760021713940144,-0.06110138747094917,-0.9954189116433755,0.8340121507644653,0.046390801668167114,0.017503252252936363,1631.0,1635.0,1633.0,1633.0
221444720,-0.07265194372495182,0.016119445590987005,-0.3851799976359858,-0.9198359788396884,11.566843032836914,0.04243268072605133,0.011860729195177555,1629.0,1637.0,1633.0,1633.0
221545513,-0.05452492254690723,-0.05168544063194435,-0.9803043513740457,-0.18264453653215915,24.70374870300293,0.044073112308979034,0.03305389732122421,1630.0,1637.0,1633.0,1633.0
221645473,0.04926566259475319,-0.05754435043825169,-0.22046447130481944,0.9724489493613668,33.87843704223633,0.05908656120300293,0.11813389509916306,1632.0,1638.0,1634.0,1634.0
221745433,-0.044246379713862825,-0.0627660324900679,-0.9959818201861593,0.04607490538609266,38.12975311279297,0.0716518983244896,0.21800597012043,1635.0,1640.0,1636.0,1636.0
221845393,-0.0727821124408835,0.016832996361975376,-0.3925290092870599,-0.9167008188118082,38.13304138183594,0.14500626921653748,1.139906406402588,1663.0,1664.0,1618.0,1619.0
221945353,0.03078994437099911,-0.04812714606577391,-0.9323165877875037,0.3571015783687609,23.537748336791992,0.40667724609375,9.379278182983398,1727.0,1719.0,1561.0,1562.0
222045313,0.21008497588147046,0.19067126272420176,-0.6262080461368731,0.7262040040054036,1.782069206237793,0.41861116886138916,27.58209228515625,1773.0,1765.0,1508.0,1508.0
222145273,0.7075043730035053,0.2310688188432562,-0.6351257587360769,0.20654305538851253,-16.598461151123047,1.1859997510910034,47.812564849853516,1770.0,1763.0,1509.0,1508.0
222245233,0.6268288948357708,-0.7685517433248666,-0.10866629492713481,-0.06786302953805941,-24.535888671875,3.837230682373047,61.76328659057617,1745.0,1742.0,1532.0,1530.0
222345193,-0.6726568026949844,-0.66560948467527,-0.2813676201893556,0.1591511922904158,-24.08912467956543,6.981254577636719,68.85295104980469,1721.0,1720.0,1552.0,1550.0
222445153,-0.71557430963509,0.49573014488951206,-0.33959617731334824,-0.35620144187278197,-19.695737838745117,9.028460502624512,70.97555541992188,1704.0,1704.0,1565.0,1564.0
222545113,0.11720830860949451,0.8639466991284618,0.20522495023387477,-0.44468082178056706,-13.938074111938477,9.47321605682373,70.31204986572266,1693.0,1694.0,1573.0,1572.0
222645073,0.7155759244859504,0.5545369221446431,0.4227804274492435,-0.04118990701929843,-9.007564544677734,8.625871658325195,68.37540435791016,1687.0,1688.0,1577.0,1577.0
222745033,0.9154100747360668,0.1226969762369691,0.25877485067575257,0.28285230024123065,-5.3967461585998535,7.00049352645874,66.02413940429688,1684.0,1685.0,1579.0,1579.0
222844993,0.8961608753546928,-0.19790004577554304,0.009953101008409862,0.3970292094366171,-3.147691249847412,5.1912102699279785,63.77075958251953,1683.0,1684.0,1579.0,1579.0
222944953,0.8023129581218077,-0.4031777922496995,-0.1882385211256622,0.39787918295748564,-1.4078397750854492,3.6175429821014404,61.934722900390625,1685.0,1685.0,1578.0,1578.0
223044913,0.6875777278223913,-0.5379074897036842,-0.32389304370270494,0.364672040283151,-0.866957426071167,2.384296417236328,60.672027587890625,1686.0,1687.0,1576.0,1577.0
223144873,0.5558209127031729,-0.6381553495861103,-0.4192457862148102,0.32871542941816245,-0.4948541224002838,1.2398266792297363,59.97991943359375,1688.0,1688.0,1575.0,1575.0
223244833,0.4068502430608994,-0.7090711966507414,-0.4973100986307511,0.29047131287176287,-0.20212003588676453,0.41770657896995544,59.70722198486328,1690.0,1690.0,1574.0,1573.0
223344793,0.24627651512620508,-0.746777864492847,-0.5678257013900762,0.24340228438053574,-0.07384657114744186,-0.014681637287139893,58.776302337646484,1669.0,1669.0,1597.0,1597.0
223444753,0.09240594308603588,-0.7499533362088271,-0.6281378944051702,0.18567154010205686,-0.04373453930020332,-0.41706594824790955,50.93509292602539,1613.0,1613.0,1655.0,1655.0
223544713,-0.030078593431007848,-0.7311301631545766,-0.6682159277551124,0.13428118497074992,-0.06385520845651627,-0.6639084219932556,33.55138397216797,1559.0,1559.0,1703.0,1703.0
223645506,-0.10875214445328611,-0.7108978289712582,-0.6852687145359853,0.11490881915223777,-0.11626584827899933,-0.7229506373405457,13.277871131896973,1554.0,1554.0,1706.0,1707.0
223745466,-0.14598076610599617,-0.7018997204746801,-0.6848906444379711,0.13019678754106442,-0.0959935113787651,-0.7406922578811646,-1.8377325534820557,1575.0,1576.0,1689.0,1689.0
223845426,-0.15600686481591505,-0.7036063889545242,-0.6726014265766653,0.16795007746267485,-0.08748180419206619,-0.6516563892364502,-10.075928688049316,1602.0,1602.0,1666.0,1666.0
223945386,-0.152804792081511,-0.7102561467848038,-0.6528183575898346,0.21451128983118894,-0.07007292658090591,-0.6171413064002991,-12.50914478302002,1623.0,1623.0,1646.0,1646.0
224045346,-0.14728644877801492,-0.716826716063684,-0.6311633759456321,0.2570971684181462,-0.1800069957971573,-0.5873029232025146,-11.177090644836426,1637.0,1637.0,1632.0,1632.0
224145306,-0.1460095275539438,-0.7208505842386316,-0.6128494558873943,0.28891382363054674,-0.18917694687843323,-0.5131649971008301,-8.090814590454102,1644.0,1644.0,1625.0,1625.0
224245266,-0.15242968913888896,-0.7213040105901894,-0.598583829840967,0.3133418465964127,-0.11107054352760315,-0.4764391779899597,-4.719058513641357,1646.0,1645.0,1624.0,1624.0
224345226,-0.16122530213084335,-0.7201947590857541,-0.5941107057192947,0.3199349625907626,-0.23853695392608643,0.3532610237598419,-1.9298888444900513,1644.0,1644.0,1627.0,1623.0
224445186,0.03805028415667401,-0.7469555196711641,-0.657603223643953,0.0903749288323856,-0.1874024122953415,10.976743698120117,-0.0019480979535728693,1641.0,1641.0,1632.0,1624.0
224545146,0.5605763503067518,-0.41271076629008396,-0.4478869498108858,-0.5610893503303325,-0.09338498115539551,24.25644302368164,1.0054007768630981,1638.0,1638.0,1635.0,1626.0
224645106,0.38458475069983444,0.6019727986253918,0.4747381387477305,-0.5141468845209514,-0.050103023648262024,33.9797248840332,1.3161851167678833,1636.0,1636.0,1636.0,1630.0
224745066,0.6340542859914713,-0.2406106062059692,-0.30512417064127334,-0.6685663311052366,-0.03991866484284401,38.70113754272461,1.1898057460784912,1635.0,1636.0,1638.0,1633.0
224845026,0.06840779833012756,-0.7423967411345079,-0.6646463587508925,0.04911893402412968,0.15916208922863007,39.465030670166016,0.8862454891204834,1637.0,1638.0,1640.0,1639.0
224944986,-0.6590806032771848,-0.10357897532780898,0.040321425263876005,0.7438133750602453,0.08478938043117523,25.249679565429688,0.529596209526062,1641.0,1642.0,1639.0,1649.0
225044946,-0.49625646413549224,-0.4851916518403452,-0.3182598827252143,0.6457780035243607,0.05903179943561554,2.9821221828460693,0.2272656261920929,1645.0,1644.0,1641.0,1652.0
225144906,-0.6489110864276404,-0.1612527433227975,-0.015566039196462461,0.7434175496354022,-0.16433176398277283,-16.15581703186035,0.0034566090907901525,1644.0,1644.0,1641.0,1650.0
225244866,-0.4179376527754843,0.5881330399095543,0.58237451742238,0.3745231197353715,-0.4907878041267395,-24.55978012084961,-0.11395873874425888,1641.0,1641.0,1640.0,1644.0
225344826,0.38556181647808296,0.6030039268214032,0.4969182446196609,-0.4907143854384176,-0.4017014801502228,-24.884199142456055,-0.15213416516780853,1638.0,1638.0,1638.0,1640.0
225444786,0.6504683130508523,-0.16844281807882708,-0.18711787696798382,-0.7165925556921703,-0.46871626377105713,-21.405479431152344,-0.14355076849460602,1636.0,1636.0,1636.0,1636.0
225544746,0.2593114714121645,-0.687087257313631,-0.6172506739176795,-0.28225921983074553,-0.40373700857162476,-16.603303909301758,-0.10555242002010345,1635.0,1635.0,1636.0,1634.0
225644706,-0.2012787375512534,-0.7113927891414128,-0.6408948336850864,0.20654534979790945,-0.41494762897491455,-11.949516296386719,-0.05973082035779953,1634.0,1635.0,1634.0,1634.0
225745499,-0.4867563571377851,-0.5128709991496612,-0.48649960828294336,0.5131761083270769,-0.34178516268730164,-8.51978874206543,-0.042358458042144775,1634.0,1634.0,1635.0,1634.0
225845459,-0.614831972162622,-0.2941011182457181,-0.3140370706369019,0.6609590732556991,-0.21252770721912384,-5.834902763366699,-0.042459066957235336,1635.0,1634.0,1634.0,1634.0
225945419,-0.6591827653906546,-0.11900312997268256,-0.1807533682675632,0.7201698110366506,-0.36843717098236084,-3.9150164127349854,-0.0023039882071316242,1634.0,1635.0,1634.0,1634.0
226045379,-0.6664290394770755,-0.0028962480354816425,-0.09221265049133201,0.7398383432739498,-0.16294746100902557,-2.4107248783111572,0.04275467246770859,1635.0,1635.0,1635.0,1634.0
226145339,-0.6629357381987315,0.06498032948812343,-0.04221083448752801,0.7446556313158348,-0.12737621366977692,-1.3048895597457886,0.10009493678808212,1635.0,1635.0,1634.0,1635.0
226245299,-0.6585247166877113,0.10260998629309548,-0.01501073269366672,0.7453798133356575,-0.1042303815484047,-0.6430385708808899,0.12656043469905853,1634.0,1635.0,1635.0,1635.0
226345259,-0.6563741676715188,0.11710912337306699,-0.00139421822099238,0.7452895151495592,0.07761558145284653,-0.2999093234539032,0.09413478523492813,1635.0,1634.0,1635.0,1635.0
226445219,-0.656180159233115,0.11854972802142402,0.003807609913111868,0.7452241694427255,0.09522770345211029,0.08074633032083511,0.07762111723423004,1635.0,1635.0,1635.0,1635.0
226545179,-0.6580180816645955,0.1067681092162831,-0.0012091110671554675,0.7453933948642507,0.0812433585524559,0.29425403475761414,0.0779033824801445,1635.0,1635.0,1635.0,1635.0
226645139,-0.6603936935371025,0.08912972551817872,-0.01241546573303541,0.7455078254291565,0.06954219192266464,0.4718789756298065,0.08120030909776688,1635.0,1635.0,1635.0,1635.0
226745099,-0.6624328087655347,0.0707454868184629,-0.024963618985735302,0.7453553969033554,0.06084217503666878,0.4256629943847656,0.07364433258771896,1635.0,1635.0,1635.0,1635.0
226845059,-0.6643292144328515,0.048398167720420084,-0.0416342572081398,0.744708601292521,0.051307324320077896,0.6548154354095459,0.06333264708518982,1635.0,1635.0,1635.0,1635.0
226945019,-0.665756882904988,0.022148032521038842,-0.06217020347479013,0.7432443093088466,0.04690015688538551,0.6728017926216125,0.055987123399972916,1635.0,1635.0,1635.0,1635.0
227044979,-0.666335573812869,-0.008156157468051541,-0.08405259979592049,0.7408546015476842,0.14250996708869934,0.7896095514297485,0.051722537726163864,1635.0,1635.0,1635.0,1635.0
227144939,-0.6654045883607793,-0.04397532274659523,-0.09765854234868981,0.7387595778628416,0.3901490867137909,0.6490938663482666,0.0510517917573452,1635.0,1635.0,1636.0,1635.0
227244899,-0.6626344343131136,-0.0801244601107208,-0.10659709868638119,0.7369753970833431,0.32670703530311584,0.5806681513786316,0.009039968252182007,1635.0,1635.0,1635.0,1635.0
227344859,-0.6588848786081417,-0.11004784364889345,-0.11026463543568225,0.7359360699286313,0.3639937937259674,0.4915022552013397,-0.016621330752968788,1635.0,1635.0,1635.0,1636.0
227444819,-0.6551511944540366,-0.13230840797360452,-0.10781435364819776,0.7359670255740814,0.3787587285041809,0.24778878688812256,0.0023442620877176523,1636.0,1635.0,1635.0,1635.0
227544779,-0.6523989299283506,-0.14620570165050986,-0.1036894970641085,0.7363749162157939,0.2389705926179886,0.03594658896327019,0.046526338905096054,1635.0,1636.0,1635.0,1635.0
227644739,-0.6509304864226614,-0.15280208330983538,-0.09846721833096421,0.7370517160253369,0.06279187649488449,0.05374571681022644,0.06784006208181381,1635.0,1636.0,1635.0,1636.0
227744699,-0.6501372750393188,-0.15592139302947894,-0.09254036199663891,0.7378660611531926,0.18210160732269287,-0.007975832559168339,0.05354458466172218,1636.0,1635.0,1635.0,1636.0
227845492,-0.6507008231089015,-0.15259861481163098,-0.08578849381185713,0.7388791754356476,-0.026142001152038574,-0.26575160026550293,0.03847092017531395,1635.0,1636.0,1636.0,1635.0
227945452,-0.6512545799046384,-0.14908874662869348,-0.07698566290674207,0.7400764997544023,0.11287765949964523,-0.1958329975605011,0.03366237133741379,1636.0,1635.0,1635.0,1636.0
228045412,-0.6520814941103964,-0.14416072644028646,-0.06786267188379995,0.7412166132486195,0.13310356438159943,-0.10614800453186035,0.03562111407518387,1636.0,1635.0,1635.0,1636.0
228145372,-0.6532418866653248,-0.13736697178474372,-0.05869860642964647,0.7422666813025047,-0.01647314801812172,-0.27302002906799316,0.031216364353895187,1635.0,1636.0,1636.0,1635.0
228245332,-0.6542831926508538,-0.13085825539919624,-0.04851019509442763,0.7432606418884194,0.040590010583400726,-0.25211048126220703,0.03264983743429184,1636.0,1635.0,1635.0,1636.0
228345292,-0.655686043215234,-0.12206768267083296,-0.03899055528556147,0.7440799890997248,0.10073081403970718,-0.19266369938850403,0.04012366384267807,1636.0,1635.0,1635.0,1636.0
228445252,-0.6573534472327063,-0.11104043333899634,-0.029873102360550963,0.7447577225719259,-0.0891154333949089,-0.3453724980354309,0.03453570231795311,1635.0,1636.0,1636.0,1635.0
228545212,-0.658478367734002,-0.10279248069856083,-0.02108793204274844,0.7452484446547747,0.05931822955608368,-0.26374393701553345,0.04185395687818527,1636.0,1635.0,1635.0,1636.0
228645172,-0.6595884742822272,-0.09401117764407958,-0.011624177592564379,0.7456338388024739,0.12166804820299149,-0.13931207358837128,0.036325931549072266,1636.0,1635.0,1635.0,1636.0
228745132,-0.6606624274326359,-0.0848164725345475,-0.002854298945051105,0.7458707501592656,-0.02736760675907135,-0.23680734634399414,0.0391450934112072,1635.0,1636.0,1636.0,1635.0
228845092,-0.6613739746244388,-0.07797645191948925,0.006399772568543356,0.7459645980518048,0.04360441863536835,-0.28678980469703674,0.03554511442780495,1636.0,1636.0,1636.0,1636.0
228945052,-0.6619936173589865,-0.0716636229918429,0.012884345857016716,0.7459643217657824,0.07255388051271439,-0.1620142161846161,0.03448842465877533,1636.0,1635.0,1635.0,1636.0
229045012,-0.6627064802795457,-0.06389099529104153,0.017820383975794832,0.7459359862824501,-0.09534116834402084,-0.15621908009052277,0.029558895155787468,1635.0,1636.0,1636.0,1636.0
229144972,-0.6633113421208893,-0.05630185286270718,0.024169470918618964,0.7458310810455172,0.009912884794175625,-0.17734530568122864,0.0052230264991521835,1636.0,1635.0,1636.0,1636.0
229244932,-0.6638212578170907,-0.049005392567648916,0.028111798615118894,0.7457543402140207,0.02851046249270439,-0.20466038584709167,0.011848483234643936,1636.0,1636.0,1636.0,1635.0
229344892,-0.6641962493752547,-0.043119612035468324,0.03114913850769141,0.7456633104451258,-0.016973646357655525,-0.08772985637187958,0.052546508610248566,1636.0,1636.0,1635.0,1636.0
229444852,-0.6646236089100916,-0.03582754969252827,0.034993322329523055,0.7454980298798227,-0.061263859272003174,-0.10717194527387619,0.07818084955215454,1635.0,1636.0,1636.0,1636.0
229544812,-0.6648785243349334,-0.03067237754859385,0.03577112493384653,0.745463734701216,-0.028249114751815796,-0.058301471173763275,0.04781306907534599,1636.0,1636.0,1636.0,1636.0
229644772,-0.6650038285727389,-0.027347363012656275,0.0362888749642948,0.7454563349208855,0.009187804535031319,-0.045756034553050995,0.018833324313163757,1636.0,1636.0,1636.0,1636.0
229744732,-0.6651576478744258,-0.02253825642149218,0.03431155890086034,0.7455736364688825,-0.06893216073513031,-0.04051699861884117,0.02114068903028965,1636.0,1636.0,1636.0,1636.0
229845525,-0.6652810795123087,-0.01787492936059164,0.03503484653769042,0.7455562565436438,-0.003010805929079652,-0.06345969438552856,0.023525584489107132,1636.0,1636.0,1636.0,1636.0
229945485,-0.6653385929054313,-0.0148443233972941,0.03636826060743357,0.7455075804268441,-0.003238763427361846,-0.04898759350180626,0.02802838757634163,1636.0,1636.0,1636.0,1636.0
230045445,-0.6653708125232775,-0.012566900345621955,0.03745828101606074,0.7454667209481176,-0.0003279691154602915,-0.03613189980387688,0.030861487612128258,1636.0,1636.0,1636.0,1636.0
230145405,-0.665386518192188,-0.01070652482931286,0.03824467713415031,0.7454418128902223,0.0024277318734675646,-0.02443772181868553,0.02763027511537075,1636.0,1636.0,1636.0,1636.0
230245365,-0.6653948059668314,-0.009244653329304959,0.03892829898546753,0.7454185912058284,0.007128542754799128,-0.018767224624753,0.03474752977490425,1636.0,1636.0,1636.0,1636.0
230345325,-0.6653982077825309,-0.007921049822397266,0.039316355205683995,0.7454104280615127,0.007662991527467966,-0.01112641766667366,0.03431178629398346,1636.0,1636.0,1636.0,1636.0
230445285,-0.6653949783910272,-0.006968192530144135,0.03959468350201772,0.745408094981026,0.009124918840825558,-0.007825888693332672,0.03403789922595024,1636.0,1636.0,1636.0,1636.0
230545245,-0.6653229889999667,-0.011335744742099673,0.04553589765917334,0.7450793939062237,0.2761533260345459,-0.0038485578261315823,0.04271328076720238,1636.0,1636.0,1636.0,1636.0
230645205,-0.6650213937233301,-0.022052296724151987,0.05291755030569398,0.7446206920097734,0.23175571858882904,0.08861852437257767,0.013435608707368374,1637.0,1636.0,1636.0,1637.0
230745165,-0.6645205009430574,-0.03308853729336472,0.05796606892843928,0.7442832709252286,0.30617478489875793,0.20488592982292175,0.018508171662688255,1637.0,1636.0,1636.0,1637.0
230845125,-0.664072154996911,-0.04054780881462548,0.05863952625373847,0.7442616838980954,-0.014097029343247414,0.09442414343357086,0.021579140797257423,1636.0,1637.0,1637.0,1636.0
230945085,-0.6635688656071,-0.04771178037885967,0.055325274959348775,0.74453949563516,0.05091560259461403,0.10386006534099579,0.03156887739896774,1637.0,1636.0,1637.0,1636.0
231045045,-0.6631693153357932,-0.05279841672612167,0.05061972447205789,0.7448868571015621,0.12047497928142548,0.17468932271003723,0.033610664308071136,1637.0,1636.0,1636.0,1637.0
231145005,-0.663073112613126,-0.05385962551621558,0.04518965046519031,0.7452456531638596,-0.14826038479804993,0.06015009805560112,0.03187595680356026,1636.0,1637.0,1637.0,1636.0
231244965,-0.6628700280637513,-0.05626207748696083,0.04060517818365957,0.7455126585352433,-0.06958788633346558,0.11153494566679001,0.03690693899989128,1637.0,1636.0,1636.0,1637.0
231344925,-0.6628082818542451,-0.05695295237919942,0.035741274355912574,0.7457641074952129,0.07739429920911789,0.09715157747268677,0.03921762481331825,1637.0,1636.0,1637.0,1636.0
231444885,-0.6628121706765306,-0.05690559212196291,0.029622124338772225,0.7460323784782888,-0.013313919305801392,-0.010772688314318657,0.030843717977404594,1637.0,1636.0,1637.0,1636.0
231544845,-0.6628864636874793,-0.05600931791499825,0.023693294799565362,0.7462460186481036,-0.15986308455467224,0.19191232323646545,0.03433256968855858,1636.0,1637.0,1636.0,1637.0
231644805,-0.6629130312218384,-0.055531181995138866,0.022083460986475605,0.7463075248269682,0.07037097960710526,-0.04608102887868881,0.03007420152425766,1637.0,1636.0,1637.0,1636.0
231744765,-0.6628927908581685,-0.05570828188881146,0.018008526314191777,0.7464217495071109,-0.056700173765420914,0.02179037034511566,0.028452632948756218,1636.0,1637.0,1636.0,1637.0
231844725,-0.662849824859601,-0.056061448600262576,0.017159551000197462,0.7464534637028006,0.004395306576043367,0.044416651129722595,0.030033433809876442,1637.0,1636.0,1637.0,1637.0
231945518,-0.662743657420862,-0.05710455763974026,0.017826509552195433,0.7464530324155527,0.16232600808143616,-0.02543538250029087,0.03097737394273281,1637.0,1637.0,1637.0,1637.0
232045478,-0.6624272602909622,-0.0605838789376731,0.019304953252278222,0.7464228273681095,0.04281642660498619,0.11498507857322693,0.032475586980581284,1637.0,1637.0,1636.0,1637.0
232145438,-0.6620002576873055,-0.06499014014424606,0.022927762082947955,0.7463285189726038,0.25614526867866516,-0.0033650018740445375,0.03616906329989433,1637.0,1636.0,1637.0,1636.0
232245398,-0.661484323676716,-0.07009172882999098,0.023957322068042707,0.7462919574797177,0.03616698458790779,0.07232337445020676,0.022698985412716866,1636.0,1637.0,1637.0,1637.0
232345358,-0.6610332723977037,-0.07408363404617839,0.02636422041977504,0.7462248694806095,0.1259467452764511,0.03970068693161011,0.018641306087374687,1637.0,1636.0,1636.0,1637.0
232445318,-0.6608681343106271,-0.07542262195239012,0.027681145078254907,0.7461893133500201,0.01704026758670807,0.01360449567437172,0.042197320610284805,1637.0,1637.0,1637.0,1636.0
232545278,-0.6608316651822634,-0.07572972214286154,0.029111676245413397,0.7461360665339695,0.1305379718542099,-0.020726662129163742,0.06133655086159706,1637.0,1636.0,1637.0,1637.0
232645238,-0.6609943417099139,-0.07412625000052094,0.030418427112650817,0.7461008635434826,-0.0343504473567009,-0.023741628974676132,0.03040582686662674,1636.0,1637.0,1637.0,1637.0
232745198,-0.6610304171465752,-0.07349258705316077,0.03158092072804619,0.7460832880457967,-0.051022645086050034,-0.009325209073722363,0.004626639187335968,1636.0,1637.0,1637.0,1636.0
232845158,-0.660911099598493,-0.07432095975038924,0.03230318684080022,0.746076013211268,0.05865735560655594,-0.06342744082212448,0.01581290178000927,1637.0,1637.0,1637.0,1637.0
232945118,-0.6607139265853783,-0.0760174902287099,0.03282913022580858,0.7460567650012138,0.05205681920051575,0.1319737732410431,0.05231628566980362,1637.0,1637.0,1636.0,1637.0
233045078,-0.6605213758515948,-0.0777802555331416,0.03307009838855544,0.7460349271213024,0.040451765060424805,0.07959560304880142,0.05900169163942337,1637.0,1637.0,1637.0,1637.0
233145038,-0.6602384417465211,-0.08032069765227146,0.031873933442145425,0.7460682528667896,0.03409404680132866,0.06986890733242035,0.056381408125162125,1637.0,1636.0,1637.0,1637.0
233244998,-0.6604342817133211,-0.07879023848719142,0.02678580611943038,0.7462581178436009,-0.15664857625961304,0.062307316809892654,0.039866745471954346,1636.0,1637.0,1637.0,1637.0
233344958,-0.660707492015138,-0.0765024805168872,0.021647311086971318,0.7464210436426171,-0.07620164006948471,0.049458105117082596,0.03570808097720146,1637.0,1637.0,1637.0,1637.0
233444918,-0.6609022252502087,-0.07484005572797223,0.017531998419135553,0.746525179581632,-0.06019413471221924,0.04646333307027817,0.03828869014978409,1637.0,1637.0,1637.0,1637.0
233544878,-0.6610691098717818,-0.07337961373941122,0.014060927179022317,0.746595844207327,-0.04576870799064636,0.04204884171485901,0.0445670485496521,1637.0,1637.0,1637.0,1637.0
233644838,-0.6614437091739399,-0.06966219053690222,0.013655421049153358,0.7466277039326837,-0.0340871661901474,-0.15592920780181885,0.03262453153729439,1637.0,1637.0,1637.0,1637.0
233744798,-0.6623550557894814,-0.05940116277313815,0.01949140293303313,0.7465771006018163,-0.0270878616720438,-0.26710519194602966,0.020189492031931877,1637.0,1637.0,1637.0,1637.0
233844758,-0.6631235559966184,-0.04898285367304971,0.024577150260223904,0.7465010336319239,-0.13970252871513367,-0.1811985969543457,-0.01588521897792816,1637.0,1638.0,1638.0,1637.0
233944718,-0.6635606930753765,-0.04177494463777738,0.028312472775194397,0.7464184245389381,0.053672172129154205,-0.12477704882621765,0.0007632335764355958,1638.0,1637.0,1637.0,1638.0
234045511,-0.6638311928198053,-0.03664030372675089,0.02744002892956239,0.7464801942413415,-0.168747678399086,0.07803308218717575,0.010804611258208752,1637.0,1638.0,1637.0,1638.0
234145471,-0.6638299549142107,-0.03632124139526429,0.026573993149480068,0.7465282186697269,-0.004939533770084381,0.015057657845318317,0.02200118452310562,1638.0,1637.0,1638.0,1637.0
234245431,-0.6634896216449484,-0.0421483767691352,0.021972615282452028,0.7466741193337424,0.05028757080435753,0.18794095516204834,0.02868857979774475,1637.0,1638.0,1637.0,1638.0
234345391,-0.6631194655187552,-0.04779722155964781,0.018088034650702065,0.7467669134768716,0.010167749598622322,0.26326796412467957,0.027687758207321167,1638.0,1638.0,1637.0,1638.0
234445351,-0.6627967448900045,-0.05222496750631284,0.016305867536524233,0.7467979287706014,0.08088177442550659,0.03712538629770279,0.02897687628865242,1638.0,1637.0,1638.0,1637.0
234545311,-0.6625055297703888,-0.05595082521999945,0.013775907184244561,0.7468374338248643,-0.05512093007564545,0.16065265238285065,0.02961714006960392,1637.0,1638.0,1637.0,1638.0
234645271,-0.6622475691118761,-0.05895425874488157,0.01393169652604025,0.7468322839923022,0.10696735978126526,0.11708398908376694,0.028892112895846367,1638.0,1637.0,1637.0,1638.0
234745231,-0.6622508683725219,-0.05883436075125377,0.01316137876716535,0.7468527856571062,0.08812496066093445,-0.03148820996284485,0.027945663779973984,1638.0,1637.0,1638.0,1637.0
234845191,-0.6624741673217662,-0.056052373353887006,0.011511030604032396,0.7468959802055184,-0.13310876488685608,-0.06763911247253418,0.021897971630096436,1637.0,1638.0,1638.0,1638.0
234945151,-0.6626106640227986,-0.054304220756431196,0.00839074577529832,0.7469456171078568,-0.10916132479906082,0.08034184575080872,0.022237321361899376,1638.0,1638.0,1637.0,1638.0
235045111,-0.6627844363674343,-0.05201713196120969,0.004785358885192971,0.746986016757993,-0.004110746551305056,0.1127002090215683,0.019486861303448677,1638.0,1637.0,1637.0,1638.0
235145071,-0.6631249418018835,-0.04721892635193663,0.0011552457495509138,0.7470169676531299,-0.07901419699192047,0.0014914358034729958,0.028282690793275833,1638.0,1638.0,1638.0,1638.0
235245031,-0.6634391748210515,-0.04208897148281691,-0.0009587645463228142,0.7470448852397196,-0.17133861780166626,-0.06804858893156052,0.012475219555199146,1638.0,1638.0,1638.0,1637.0
235344991,-0.6636207032677399,-0.03868468789518234,-0.002665235537287921,0.7470635539473288,0.007886333391070366,0.07510817050933838,0.018718786537647247,1638.0,1637.0,1638.0,1638.0
235444951,-0.6637832303254053,-0.03543604677591569,-0.004628227242546813,0.7470707391139452,-0.02569083496928215,0.01874273084104061,0.025993244722485542,1638.0,1638.0,1638.0,1638.0
235544911,-0.6638637382071761,-0.03386670273959562,-0.0058661811121994145,0.747063298160404,-0.018465574830770493,-0.034539103507995605,0.05256924033164978,1638.0,1638.0,1638.0,1637.0
235644871,-0.6639645815484179,-0.03192719595953746,-0.006794684010986285,0.7470512170370829,-0.051896922290325165,-0.09966001659631729,0.04309116676449776,1638.0,1638.0,1638.0,1637.0
235744831,-0.6638709807387095,-0.03399144925564843,-0.00907292261313126,0.7470191325433244,0.07852034270763397,0.07940049469470978,0.01966843567788601,1638.0,1638.0,1638.0,1638.0
235844791,-0.6637764648171367,-0.035654478798690784,-0.011228089777917448,0.7469963138439154,-0.08529756963253021,0.06783369928598404,0.0015031484654173255,1638.0,1638.0,1638.0,1638.0
235944751,-0.6636320412057604,-0.0380174603798224,-0.011774652028242913,0.7469996948867909,0.040996141731739044,0.06022941693663597,0.0025499816983938217,1638.0,1638.0,1638.0,1638.0
236044711,-0.6635615888273518,-0.0388731727567438,-0.011090276563138607,0.7470287143333233,0.03694407641887665,-0.08230463415384293,0.011875269934535027,1638.0,1638.0,1638.0,1638.0
236145504,-0.6636711458376481,-0.03608560686502431,-0.00632987541766843,0.7471267441585284,0.11674134433269501,-0.07430129498243332,0.014590070582926273,1638.0,1638.0,1638.0,1638.0
236245464,-0.6635777593804568,-0.03703106963287034,0.0011616358447872448,0.7471893386148001,0.10265577584505081,-0.05828440189361572,0.011998306959867477,1638.0,1638.0,1638.0,1638.0
236345424,-0.663551146345618,-0.03695550358038714,0.006420370106435425,0.7471900332487263,0.08756143599748611,-0.04449725151062012,0.015806030482053757,1638.0,1638.0,1638.0,1638.0
236445384,-0.6635228500834238,-0.03702923545965451,0.010810594853681792,0.7471608890843747,0.07887939363718033,-0.03205673024058342,0.020613910630345345,1638.0,1638.0,1638.0,1638.0
236545344,-0.663504804649305,-0.03702508458844457,0.014307911551981297,0.7471183313140745,0.06439776718616486,-0.024373609572649002,0.022606484591960907,1638.0,1638.0,1638.0,1638.0
236645304,-0.6634829396618058,-0.03715699563075887,0.017192513202933517,0.7470703875426943,0.05303450673818588,-0.013270829804241657,0.025117525830864906,1638.0,1638.0,1638.0,1638.0
236745264,-0.6632770997838123,-0.04069090888877988,0.016376346576540905,0.7470873805044391,0.047537099570035934,0.17909672856330872,0.02638443186879158,1638.0,1638.0,1638.0,1638.0
236845224,-0.6627147994339883,-0.04945821911793602,0.011019262173221207,0.7471556431119348,0.07640700042247772,0.24036720395088196,0.02457461878657341,1639.0,1638.0,1638.0,1638.0
236945184,-0.6621335751250103,-0.05726046009675095,0.006320603607979463,0.7471682664378296,0.05218013375997543,0.11411242932081223,0.02865525707602501,1638.0,1639.0,1639.0,1638.0
237045144,-0.6616096943403414,-0.06344860665163482,0.00346371118217766,0.7471511824080135,-0.005213928874582052,0.08279849588871002,0.022933533415198326,1638.0,1638.0,1638.0,1638.0
237145104,-0.6613623080298929,-0.06611771505368305,0.0023805475675434534,0.747143010585478,0.09149272739887238,0.17551618814468384,0.02303374372422695,1638.0,1638.0,1638.0,1639.0
237245064,-0.6614696186611477,-0.06481702954381488,0.0026935446650750774,0.7471609204759905,-0.08201557397842407,-0.029286062344908714,0.021033072844147682,1638.0,1639.0,1639.0,1638.0
237345024,-0.6616197156109709,-0.06298233610761163,0.003978687959342194,0.7471791935643071,0.08697248995304108,-0.09231040626764297,0.02669764682650566,1639.0,1638.0,1639.0,1638.0
237444984,-0.6619820629319421,-0.05868758617526305,0.004078168262286766,0.7472073903066778,-0.09044821560382843,0.011495367623865604,0.027311217039823532,1638.0,1639.0,1638.0,1639.0
237544944,-0.6623426344345468,-0.05391426943056792,0.006916200300256866,0.7472266405418635,-0.004880303516983986,-0.1090872585773468,0.0217790175229311,1639.0,1638.0,1639.0,1638.0
237644904,-0.6624439846311896,-0.05242342668077447,0.007862417172293275,0.7472335203650909,0.0706896260380745,-0.10517032444477081,0.026606187224388123,1639.0,1638.0,1639.0,1638.0
237744864,-0.6625483232934893,-0.05087379477076667,0.008293690394440285,0.7472434616684506,0.09741446375846863,0.061675217002630234,0.025230303406715393,1638.0,1639.0,1638.0,1639.0
237844824,-0.6625835258097723,-0.05017471237321485,0.010016025179022553,0.7472384149676523,-0.07050155103206635,-0.085225410759449,0.023102326318621635,1638.0,1639.0,1639.0,1638.0
237944784,-0.6626799841509259,-0.04865510420018577,0.010363537258975979,0.7472486310034163,0.026517488062381744,0.05896851420402527,0.0206367876380682,1639.0,1638.0,1638.0,1639.0
238044744,-0.6628131417795313,-0.046488987711977486,0.011272883101011844,0.7472552677716321,0.023552238941192627,-0.09373277425765991,0.02093438245356083,1639.0,1639.0,1639.0,1638.0
238144704,-0.6628298695636696,-0.0461179293096253,0.010125143002610172,0.7472798552681439,-0.0739285871386528,0.07395816594362259,0.01816568709909916,1638.0,1639.0,1638.0,1639.0
238245497,-0.6627500209825707,-0.04715905852335789,0.01004039008807469,0.7472868414830225,0.07196252048015594,0.09989190101623535,0.019304968416690826,1639.0,1638.0,1639.0,1639.0
238345457,-0.6627334250221626,-0.04727077057828283,0.007710675529672346,0.7473221708809428,-0.07938868552446365,0.07689781486988068,-0.001591233885847032,1638.0,1639.0,1638.0,1639.0
238445417,-0.6627433417049414,-0.046722039017762944,0.008319380866387435,0.747341355738989,-0.026317758485674858,-0.05960189551115036,0.005904951598495245,1639.0,1639.0,1639.0,1638.0
238545377,-0.6626995852701741,-0.04715404880991928,0.009507223452776901,0.7473388575912469,0.03217863291501999,-0.05237730219960213,0.03367141634225845,1639.0,1639.0,1639.0,1639.0
238645337,-0.6626240876134644,-0.048334436737954456,0.010030514295459765,0.7473235507613936,0.09830527007579803,0.1395757496356964,0.057504814118146896,1639.0,1638.0,1638.0,1639.0
238745297,-0.6627258778913839,-0.046904649478648294,0.009924540543139852,0.7473258112265274,0.0217650905251503,-0.01979743503034115,0.027813302353024483,1638.0,1639.0,1639.0,1639.0
238845257,-0.6628196400767463,-0.04513994174768387,0.010475980651693332,0.7473438058998908,-0.08876026421785355,-0.012309534475207329,-0.01048536691814661,1638.0,1639.0,1639.0,1639.0
238945217,-0.6627743084163559,-0.04540265861999652,0.009805442822409575,0.7473771925771576,-0.06871092319488525,0.028806054964661598,-0.004529135767370462,1639.0,1639.0,1639.0,1639.0
239045177,-0.6629159619299113,-0.04315502820176295,0.007125642142956318,0.7474150762350837,-0.0467665009200573,-0.06315367668867111,0.03742413967847824,1639.0,1639.0,1639.0,1638.0
239145137,-0.6628838808099169,-0.04394419522301707,0.005207707402038909,0.7474133716038268,0.14655134081840515,0.010468265041708946,0.0537337101995945,1639.0,1638.0,1639.0,1639.0
239245097,-0.6626847426261219,-0.047016841901230955,0.004613204677448673,0.7474068950784368,0.0870128720998764,0.06949762254953384,0.022193191573023796,1639.0,1639.0,1639.0,1639.0
239345057,-0.6624386155692783,-0.05034839274867199,0.005294133026037269,0.747403567094636,0.09239507466554642,0.055660929530858994,0.015903281047940254,1639.0,1639.0,1639.0,1639.0
239445017,-0.6621622024941609,-0.05383962374017183,0.006583695933639638,0.7473949206754432,0.07641381770372391,0.04767807945609093,0.01602006144821644,1639.0,1639.0,1639.0,1639.0
239544977,-0.6619226468272975,-0.05669932544926909,0.007694549300394393,0.7473850346520235,0.06855341792106628,0.044611379504203796,0.02412758767604828,1639.0,1639.0,1639.0,1639.0
239644937,-0.661706599078983,-0.05916714001751799,0.008572971490850298,0.7473754949403216,0.05669597163796425,0.04387226328253746,0.025217710062861443,1639.0,1639.0,1639.0,1639.0
239744897,-0.6615357651833415,-0.06103695221817138,0.00938332370261458,0.7473666269532643,0.051043376326560974,0.03744293376803398,0.0265902578830719,1639.0,1639.0,1639.0,1639.0
239844857,-0.6613963193504365,-0.06252690171184772,0.010066130997739441,0.7473579920752496,0.04261649772524834,0.031227970495820045,0.028480887413024902,1639.0,1639.0,1639.0,1639.0
239944817,-0.6614736878772051,-0.06146765142855591,0.012424688445315479,0.7473418997962207,0.03716755285859108,-0.11498158425092697,0.025161108002066612,1639.0,1639.0,1639.0,1639.0
240044777,-0.6621502429808784,-0.05303102265163769,0.01334919457951295,0.7473731098728155,-0.12447093427181244,-0.06406871974468231,0.006194367539137602,1639.0,1639.0,1639.0,1640.0
240144737,-0.662843839033789,-0.04258070834602088,0.012040968370557943,0.74744895706155,-0.07806774973869324,-0.10464955121278763,-0.004934958182275295,1639.0,1639.0,1640.0,1639.0
240245530,-0.6632753585611243,-0.03439192811480343,0.010843370397062938,0.7475061306267597,-0.17923907935619354,-0.1272222399711609,0.008878938853740692,1639.0,1640.0,1639.0,1639.0
240345490,-0.663425046035469,-0.030791499794886955,0.012537981787906273,0.7475037731315498,0.06708779186010361,-0.039070092141628265,0.014782222919166088,1640.0,1639.0,1639.0,1639.0
240445450,-0.6635637240236645,-0.027206314107561275,0.013324684425245887,0.7475061561067537,0.02284964919090271,-0.12844489514827728,0.024608982726931572,1639.0,1640.0,1640.0,1639.0
240545410,-0.66346392099,-0.0294163282712999,0.014764401729602254,0.7474839915457568,0.001959170214831829,0.06241193041205406,0.029560282826423645,1639.0,1640.0,1639.0,1640.0
240645370,-0.6633300441631232,-0.032230612686469595,0.016298222554165607,0.7474548869717681,0.13279162347316742,0.07728508114814758,0.02816653810441494,1640.0,1639.0,1640.0,1640.0
240745330,-0.6633224879203682,-0.0322152690143163,0.016622246027968454,0.7474551186515843,0.014525556936860085,-0.05552252382040024,0.022774571552872658,1639.0,1640.0,1640.0,1639.0
240845290,-0.6632216655143592,-0.03409627142239455,0.017021222902835496,0.747452168796333,0.014786984771490097,0.08235322684049606,0.019537368789315224,1640.0,1640.0,1639.0,1640.0
240945250,-0.6631896379297613,-0.03446187348466936,0.01889559414822287,0.7474187848457547,0.10444369912147522,0.03010445646941662,0.022250620648264885,1640.0,1639.0,1640.0,1640.0
241045210,-0.6631146276654833,-0.03580453223685192,0.018517530884892174,0.7474316872445902,-0.011379160918295383,-0.011522048152983189,0.02498256228864193,1639.0,1640.0,1640.0,1640.0
241145170,-0.6629147946693612,-0.039361402758159116,0.018483320582963442,0.7474309478751975,0.05207508057355881,0.11794978380203247,0.026088880375027657,1640.0,1640.0,1640.0,1640.0
241245130,-0.6626290151678099,-0.04392248780986498,0.01764752436309383,0.7474504453180725,0.13555803894996643,0.17995689809322357,0.01448324229568243,1640.0,1639.0,1639.0,1640.0
241345090,-0.6624798931846454,-0.04600581795451483,0.017901188390265853,0.7474512715184939,0.07504473626613617,0.07155314087867737,0.017803233116865158,1640.0,1640.0,1640.0,1639.0
241445050,-0.6624223203122565,-0.046772102389051634,0.016778982675029797,0.7474807728166828,-0.08651291579008102,0.04309949278831482,0.019355367869138718,1639.0,1640.0,1640.0,1640.0
241545010,-0.6623559788876191,-0.047550580772102814,0.015053746644976315,0.7475271795807886,-0.05215662717819214,0.019405553117394447,0.0011985113378614187,1640.0,1640.0,1640.0,1640.0
241644970,-0.6623937928299454,-0.04674532575063638,0.014598580195319791,0.7475534891879692,-0.07867345213890076,0.04803699627518654,0.014294571243226528,1640.0,1640.0,1640.0,1640.0
241744930,-0.6624548080273639,-0.04583776512077172,0.012919892223716232,0.7475865187355166,0.04422787204384804,0.014398264698684216,0.04387209191918373,1640.0,1640.0,1640.0,1640.0
241844890,-0.6624818686693682,-0.04552971991951251,0.014711847875499992,0.7475482458145968,0.03699493035674095,-0.03713453561067581,0.0561702735722065,1640.0,1640.0,1640.0,1640.0
241944850,-0.662623733025203,-0.04326650828801876,0.01596755646608456,0.7475311597738316,-0.0523335337638855,-0.029276270419359207,0.021212205290794373,1639.0,1640.0,1640.0,1640.0
242044810,-0.6626756860917717,-0.04207277839650354,0.017702059604784888,0.7475141827862178,0.039727833122015,-0.01760920137166977,0.009736047126352787,1640.0,1640.0,1640.0,1640.0
242144770,-0.6625524842564728,-0.04384617859820522,0.017504527560345113,0.7475261264616776,0.035146765410900116,0.13462752103805542,0.018979506567120552,1640.0,1640.0,1640.0,1640.0
242244730,-0.6622675560724977,-0.04809935590517307,0.014751800574068965,0.747576431219639,0.02926737256348133,0.11085972934961319,0.02053680270910263,1640.0,1640.0,1640.0,1640.0
242345523,-0.6620259275153567,-0.05146889516474357,0.012605633934091282,0.747605325102137,0.02800917625427246,0.09099369496107101,0.025839591398835182,1640.0,1640.0,1640.0,1640.0
242445483,-0.6618102346809094,-0.05432179920238623,0.010778921946456682,0.7476230134530957,0.0241928081959486,0.07863456010818481,0.025687672197818756,1640.0,1640.0,1640.0,1640.0
242545443,-0.6616397356883515,-0.05650237646216552,0.00920769601222518,0.7476333058034016,0.02152291126549244,0.07027866691350937,0.027974558994174004,1640.0,1640.0,1640.0,1640.0
242645403,-0.661483665149883,-0.05840963714854158,0.008073382785973991,0.7476379441403735,0.021680740639567375,0.05822785198688507,0.028764313086867332,1640.0,1640.0,1640.0,1640.0
242745363,-0.661583070838456,-0.05719649584599605,0.007278596817968275,0.7476519399234238,-0.11315040290355682,-0.08383600413799286,0.02885642647743225,1640.0,1641.0,1641.0,1640.0
242845323,-0.6621707247564569,-0.04943666568778149,0.0046733523657262604,0.747705896150919,-0.15819376707077026,-0.018528234213590622,0.013142897747457027,1640.0,1640.0,1640.0,1641.0
242945283,-0.6626452622423353,-0.04176326385762223,0.004230816372270699,0.7477561008862245,0.019345056265592575,-0.09287620335817337,-0.0005421328824013472,1641.0,1640.0,1641.0,1640.0
243045243,-0.6628768536519362,-0.037323136402804866,0.0035946408278462252,0.7477889668475233,-0.10246674716472626,-0.0699426531791687,0.010275138542056084,1640.0,1641.0,1640.0,1640.0
243145203,-0.6629269107364795,-0.03613420127331793,0.004515559912616465,0.7477979942727868,0.05939924344420433,0.0506267212331295,0.02622362971305847,1641.0,1640.0,1640.0,1641.0
243245163,-0.6630069838856333,-0.03441330234532171,0.005611602514746017,0.7478007581286487,-0.09300263971090317,-0.10882403701543808,0.03137882053852081,1640.0,1641.0,1641.0,1640.0
243345123,-0.662888720853846,-0.03662562255345201,0.007551623658674327,0.7477834449340542,0.11124696582555771,0.0532289557158947,0.03175417333841324,1641.0,1640.0,1640.0,1641.0
243445083,-0.6627610797603994,-0.03880428378956913,0.010042679337641098,0.7477573960223526,0.06936816871166229,0.06409881263971329,0.028676200658082962,1640.0,1641.0,1640.0,1640.0
243545043,-0.6626233005866159,-0.041017072595945725,0.012438403240187622,0.7477253823431385,0.10826153308153152,0.0023842828813940287,0.022366292774677277,1641.0,1640.0,1640.0,1641.0
243645003,-0.6624535340695192,-0.043624333246561356,0.013786527895339835,0.7477045970142141,0.11558622866868973,0.06717812269926071,0.023794883862137794,1641.0,1640.0,1641.0,1640.0
243744963,-0.6623765406381471,-0.04475270812095494,0.012753901265366255,0.7477244489319544,-0.09115765988826752,0.015721520408988,0.02423791214823723,1640.0,1641.0,1640.0,1641.0
243844923,-0.6623843033271694,-0.04452180486364308,0.012838024498299308,0.747729916964973,0.0814560204744339,0.07444542646408081,0.024281134828925133,1641.0,1640.0,1640.0,1641.0
243944883,-0.662542432533506,-0.041876448008287784,0.012234978494413037,0.7477527622791073,-0.0414118766784668,-0.05693461373448372,0.024519897997379303,1640.0,1641.0,1641.0,1640.0
244044843,-0.6625325021631453,-0.04191343254468362,0.012719305429100356,0.7477514072331563,-0.02429680898785591,0.056209173053503036,0.028767768293619156,1641.0,1641.0,1640.0,1641.0
244144803,-0.6624589184890746,-0.042985888137301045,0.01316401361094809,0.7477480213821925,0.019734377041459084,-0.004152968060225248,0.024886807426810265,1640.0,1641.0,1641.0,1640.0
244244763,-0.6621762429286223,-0.047221849901670415,0.013122201500206862,0.7477436245268737,-0.009496190585196018,0.07008219510316849,0.022157292813062668,1641.0,1641.0,1641.0,1641.0
244344723,-0.6619112904052957,-0.05084735264875609,0.012923802479846518,0.7477439171882786,0.13518841564655304,0.15192252397537231,0.018999343737959862,1641.0,1640.0,1640.0,1641.0
244445516,-0.6618430687110529,-0.05170108681948315,0.01218650204091814,0.7477581421748797,0.08015064150094986,0.11577056348323822,0.02466828003525734,1641.0,1641.0,1641.0,1641.0
244545476,-0.6617313041573823,-0.053183934095888986,0.010090123587968385,0.7477842868489775,0.06514232605695724,0.08524790406227112,0.02058657631278038,1641.0,1640.0,1641.0,1641.0
244645436,-0.6618206812319408,-0.051866290915553726,0.010574966733217832,0.7477910428983114,-0.061287444084882736,-1.2406397218001075e-05,0.025790752843022346,1641.0,1641.0,1641.0,1641.0
244745396,-0.6618662927665655,-0.05099726146914511,0.010925736010972919,0.747805401233977,-0.014275508001446724,0.004132557660341263,0.0012267925776541233,1641.0,1641.0,1641.0,1641.0
244845356,-0.6620013024862713,-0.048659977787185754,0.011615145182388369,0.7478312446472287,-0.02008742466568947,-0.1071702241897583,-0.0030150748789310455,1641.0,1641.0,1641.0,1640.0
244945316,-0.6620657107581228,-0.04760695036194963,0.011664248277395973,0.7478412386514265,0.007933824323117733,0.01554932538419962,0.037210628390312195,1641.0,1641.0,1640.0,1641.0
245045276,-0.6621821523558392,-0.04595968887084518,0.01257746070975159,0.7478263913385099,0.006438146810978651,-0.03243885934352875,0.05142214521765709,1641.0,1641.0,1641.0,1641.0
245145236,-0.6623124512520993,-0.04403779075856845,0.013723158536975992,0.747806502259314,0.008696364238858223,-0.021047426387667656,0.048785462975502014,1640.0,1641.0,1641.0,1640.0
245245196,-0.6622417007150863,-0.04516901621435936,0.014287326723047403,0.7477911219741284,0.07398372143507004,-0.030390404164791107,0.035468101501464844,1641.0,1640.0,1641.0,1641.0
245345156,-0.6624453786697289,-0.04190343807819156,0.013465983609917645,0.7478160799566724,-0.038440410047769547,-0.013517623767256737,0.03119923546910286,1641.0,1641.0,1641.0,1641.0
245445116,-0.6625994057355272,-0.039247682957950225,0.01280702299955612,0.7478352940743351,-0.024562133476138115,-0.010189681313931942,0.03397427871823311,1641.0,1641.0,1641.0,1641.0
245545076,-0.662675650985301,-0.037905512134871984,0.011411969585793633,0.7478595594703418,-0.018469443544745445,0.042318329215049744,0.03608370199799538,1641.0,1641.0,1641.0,1641.0
245645036,-0.6626877876686713,-0.0377484337767451,0.009518513088718539,0.7478832460556826,-0.011251668445765972,0.038987305015325546,0.035468410700559616,1641.0,1641.0,1641.0,1641.0
245744996,-0.662706063676368,-0.03748569713529816,0.007958846236660762,0.7478984907348294,-0.00874018669128418,0.035107892006635666,0.03285334259271622,1641.0,1641.0,1641.0,1641.0
245844956,-0.6627205392929075,-0.03726878763335575,0.0067537146614351775,0.7479083577591106,-0.004997883923351765,0.027505997568368912,0.036587879061698914,1641.0,1641.0,1641.0,1641.0
245944916,-0.6627355899657809,-0.03703336906067743,0.00575904755968237,0.7479150357760762,-0.0027228975668549538,0.02710823155939579,0.03666868060827255,1641.0,1641.0,1641.0,1641.0
246044876,-0.6627403278668206,-0.036977196182971336,0.004930762159414636,0.7479195360237306,0.003549763932824135,0.0299178808927536,0.036162421107292175,1641.0,1641.0,1642.0,1641.0
246144836,-0.6623309437176865,-0.04420416246098678,0.0007311300738915734,0.7479058620334358,0.10167237371206284,0.23244744539260864,0.011994465254247189,1641.0,1641.0,1641.0,1642.0
246244796,-0.6614970024252703,-0.05545163975412535,0.0040800747278371685,0.7478838040906997,0.2392943799495697,0.12022778391838074,-0.01834244467318058,1641.0,1641.0,1642.0,1641.0
246344756,-0.6605228829052255,-0.06599916817435653,0.010151099169236462,0.7478305865264667,0.28185510635375977,0.038000836968421936,-0.010004612617194653,1642.0,1641.0,1641.0,1641.0
246444716,-0.6597497430117654,-0.07333636829476814,0.014230427902010023,0.7477630297112646,0.07488933950662613,0.13807053864002228,0.011141798458993435,1641.0,1642.0,1641.0,1642.0
246545509,-0.6591039955627244,-0.07885889579822729,0.02046838478943655,0.7476257371244306,0.22816771268844604,-0.06261439621448517,0.029147056862711906,1642.0,1641.0,1642.0,1641.0
246645469,-0.6586473608658047,-0.08266511262187637,0.023101228651563575,0.7475402774530021,0.025643544271588326,0.02535606175661087,0.04171738028526306,1641.0,1642.0,1641.0,1642.0
246745429,-0.658283937980375,-0.08559926604049169,0.025459139482520526,0.7474535804096389,0.11839117109775543,0.09891420602798462,0.043234776705503464,1642.0,1641.0,1641.0,1642.0
246845389,-0.6583693061992129,-0.08486026267280232,0.027113804872292483,0.7474044648376255,0.0743742436170578,-0.06899470835924149,0.03902312368154526,1642.0,1642.0,1642.0,1641.0
246945349,-0.6583658313362857,-0.08491492059489644,0.026562629582049663,0.7474211096155438,-0.03137180581688881,0.08929943293333054,0.035461004823446274,1642.0,1642.0,1641.0,1642.0
247045309,-0.6586112786279738,-0.08283865712663055,0.02720821531879382,0.7474146463434125,0.05716155469417572,-0.019285758957266808,0.022034361958503723,1642.0,1641.0,1642.0,1642.0
247145269,-0.6589372800148263,-0.07995928468629887,0.026173402715880627,0.7474778436779183,-0.09478393197059631,0.031244631856679916,0.006931440904736519,1641.0,1642.0,1641.0,1642.0
247245229,-0.6592575915129886,-0.07714306433965477,0.025076288325772533,0.747528966275277,-0.0527631938457489,0.06423964351415634,0.047164976596832275,1642.0,1642.0,1641.0,1642.0
247345189,-0.6596316058807176,-0.07391567516268616,0.02428088748678251,0.7475513734796588,-0.0018020758870989084,-0.08294908702373505,0.06477934122085571,1641.0,1642.0,1642.0,1641.0
247445149,-0.6600098133670294,-0.0704180522591666,0.022865448812251457,0.7475998364271215,-0.1768554151058197,-0.049188803881406784,0.029740482568740845,1641.0,1642.0,1642.0,1642.0
247545109,-0.6603093650141117,-0.06719989702624846,0.023303317927027938,0.7476179985045265,0.05018116906285286,-0.07165095955133438,-0.003140339395031333,1642.0,1641.0,1642.0,1641.0
247645069,-0.6605349042395982,-0.06478251827473244,0.01986516224865037,0.7477313962486821,-0.11128438264131546,0.006292297970503569,0.017472397536039352,1642.0,1642.0,1642.0,1642.0
247745029,-0.6607980130895329,-0.06214541973405989,0.015573340886014694,0.7478244471509682,-0.032019536942243576,0.1513325572013855,0.052299436181783676,1642.0,1642.0,1641.0,1642.0
247844989,-0.6609931258484968,-0.06019260676528377,0.012902457999648368,0.7478625971723688,-0.06963210552930832,0.046538423746824265,0.04829218238592148,1641.0,1642.0,1642.0,1642.0
247944949,-0.6611056667854278,-0.05887031195781132,0.01236435446449737,0.7478774675392095,0.018754897639155388,0.007364410907030106,0.024095050990581512,1642.0,1641.0,1642.0,1642.0
248044909,-0.6612194236779388,-0.05734902630636814,0.011253637438090644,0.7479126410063797,-0.052697908133268356,0.012993100099265575,-0.002907325979322195,1641.0,1642.0,1642.0,1642.0
248144869,-0.66127180998247,-0.05637818799508646,0.011103200447536831,0.7479423856024744,0.047307901084423065,0.03981262445449829,0.00037710112519562244,1642.0,1642.0,1642.0,1642.0
248244829,-0.6612758698912573,-0.056143200213763615,0.012979835251541895,0.747926258962848,0.036340367048978806,-0.0810771957039833,0.03357145935297012,1642.0,1642.0,1642.0,1642.0
248344789,-0.6613948532289733,-0.054530000130790644,0.015707982800362518,0.7478880841972979,0.035822127014398575,0.03272242099046707,0.03785271942615509,1642.0,1642.0,1642.0,1642.0
248444749,-0.6615028190579127,-0.05322781597549134,0.01350162071183892,0.7479294928153771,-0.164356991648674,0.028408968821167946,0.025185320526361465,1641.0,1642.0,1642.0,1642.0
248544709,-0.6616161445757675,-0.051637843440046925,0.011362587087993106,0.747976270998102,0.008159060962498188,0.02276771329343319,0.008134354837238789,1642.0,1642.0,1642.0,1642.0
248645502,-0.6616060795187549,-0.05161072883126995,0.010963991789483483,0.7479929940162329,0.00654468173161149,0.022076398134231567,0.014979417435824871,1642.0,1642.0,1642.0,1642.0
248745462,-0.6616013688259024,-0.05151832078238507,0.01063469314766778,0.7480082851767824,0.005696830805391073,0.024379251524806023,0.01411247719079256,1642.0,1642.0,1642.0,1642.0
248845422,-0.6615899724133332,-0.05154881612586164,0.010418951106688869,0.748019300162759,0.008844134397804737,0.021894263103604317,0.020410338416695595,1642.0,1642.0,1642.0,1642.0
248945382,-0.66168745372699,-0.05019617625139152,0.008822152268524484,0.7480456049596058,-0.08442547172307968,0.01834983564913273,0.02824033610522747,1642.0,1642.0,1642.0,1642.0
249045342,-0.6621704587886429,-0.0433199524065278,0.0008248100028846358,0.7480995822212398,-0.25591468811035156,0.022173834964632988,0.031242670491337776,1642.0,1642.0,1642.0,1642.0
249145302,-0.6627014216581978,-0.0342661693030951,-0.009546736912420105,0.7480384449931836,-0.24002118408679962,0.019678961485624313,0.03534919023513794,1642.0,1642.0,1642.0,1642.0
249245262,-0.6632132357956587,-0.02220699152188453,-0.02230659733602667,0.7477683258257783,-0.31466808915138245,-0.033946678042411804,0.03553139045834541,1642.0,1643.0,1643.0,1642.0
249345222,-0.6634265321387071,-0.014123081225388795,-0.029049357617891895,0.7475439183439981,-0.11484770476818085,-0.07158799469470978,0.038072820752859116,1643.0,1642.0,1642.0,1642.0
249445182,-0.6635291090091195,-0.007866307713322248,-0.03412879949892103,0.7473302267038888,-0.10361882299184799,0.046996086835861206,0.04584989696741104,1642.0,1642.0,1642.0,1643.0
249545142,-0.6635205086609978,-0.007608320296803528,-0.030935561474064212,0.7474795241909951,0.1868484616279602,-0.07302530854940414,0.0227967556566,1643.0,1642.0,1643.0,1642.0
249645102,-0.6634590412764045,-0.011251829018504168,-0.026018925558140796,0.74767540577789,0.09830238670110703,-0.004647303372621536,0.02358042635023594,1642.0,1643.0,1642.0,1643.0
249745062,-0.6633790903073754,-0.014882345393112622,-0.020378631018947227,0.7478578807075266,0.08332701027393341,0.06259334087371826,0.029315756633877754,1642.0,1643.0,1642.0,1642.0
249845022,-0.6632476673118691,-0.019774976705503978,-0.014309999565975307,0.748001808830756,0.19458913803100586,-0.058865368366241455,0.032409124076366425,1643.0,1642.0,1643.0,1642.0
249944982,-0.6631181150788985,-0.023824703814267188,-0.011738417702653615,0.7480434201917755,0.14418283104896545,0.014826646074652672,0.0326697938144207,1642.0,1642.0,1642.0,1642.0
250044942,-0.6629857370014802,-0.02725693014629839,-0.008838600982219051,0.7480834521791543,0.004715725313872099,0.10485460609197617,0.02811492420732975,1642.0,1643.0,1642.0,1643.0
250144902,-0.6629494107468772,-0.02791381164573272,-0.006336299588809347,0.7481168018546942,0.14450658857822418,-0.04870946332812309,0.03303287550806999,1643.0,1642.0,1643.0,1642.0
250244862,-0.6628447628695542,-0.030310780846757566,-0.005197903420762493,0.7481250287892345,0.062237612903118134,0.09275750070810318,0.0269838348031044,1642.0,1643.0,1642.0,1643.0
250344822,-0.662773536932516,-0.03171526473271088,-0.003314454356922587,0.7481406252284479,-0.0446150079369545,-0.0014717589365318418,0.030035115778446198,1642.0,1643.0,1643.0,1642.0
250444782,-0.6626336790333435,-0.03446418903974005,-0.001283685634269921,0.7481491691071785,0.011048991233110428,0.006481675896793604,0.026377281174063683,1642.0,1643.0,1642.0,1643.0
250544742,-0.6624868563070823,-0.03719347696458772,0.00021527062866813149,0.7481495600147077,0.08039936423301697,0.09558211266994476,0.03059125505387783,1642.0,1643.0,1642.0,1643.0
250644702,-0.6623425333347879,-0.03963437317590554,0.002608572361898674,0.7481474990594043,-0.014827192761003971,-0.07428014278411865,0.029129114001989365,1642.0,1643.0,1643.0,1642.0
250745495,-0.6622834513254622,-0.04047937990430754,0.003863474494268663,0.7481491318365806,0.012929653748869896,0.07885391265153885,0.024102402850985527,1643.0,1642.0,1642.0,1643.0
250845455,-0.6622751208737472,-0.04031876984819863,0.006406601358447256,0.7481477237341737,0.15612247586250305,-0.07944502681493759,0.022289561107754707,1643.0,1642.0,1643.0,1642.0
250945415,-0.6623154239096967,-0.03951491818181346,0.005941558731008149,0.7481587721682139,-0.06793811172246933,-0.007230088114738464,0.029860705137252808,1642.0,1643.0,1643.0,1643.0
251045375,-0.6622031704571202,-0.04123912071958725,0.009463493962328345,0.7481288246290464,0.07855868339538574,0.06259717047214508,0.03558593615889549,1643.0,1643.0,1642.0,1643.0
251145335,-0.6621842669123135,-0.041368807151339504,0.013328607059387374,0.7480795189567309,0.11582459509372711,-0.048286180943250656,0.031245606020092964,1643.0,1642.0,1643.0,1642.0
251245295,-0.6622888433079611,-0.039406626094828395,0.014574137187906825,0.7480696494143132,-0.03073596954345703,-0.07920652627944946,0.02139231190085411,1642.0,1643.0,1643.0,1643.0
251345255,-0.6622948536260979,-0.039088827108335826,0.015178014762716716,0.7480689930237338,-0.060218680649995804,0.07501465827226639,0.01591559313237667,1642.0,1643.0,1642.0,1643.0
251445215,-0.6623656989413671,-0.03751024238423002,0.016167655554770885,0.748066353671954,0.01157048624008894,-0.06736399233341217,0.01277034543454647,1643.0,1642.0,1643.0,1642.0
251545175,-0.6623939608990289,-0.037006822305475126,0.01610950669496686,0.7480676570079686,0.030846333131194115,-0.04367440193891525,0.05260606110095978,1643.0,1643.0,1643.0,1642.0
251645135,-0.6624401746586406,-0.03643261336570525,0.014395948760588723,0.748089858466787,-0.11792737245559692,0.0906507596373558,0.04908705875277519,1642.0,1643.0,1642.0,1643.0
251745095,-0.6624887490585099,-0.03527567202511016,0.016757770796920476,0.7480531140580764,0.10820741206407547,-0.03030269220471382,0.007032026071101427,1643.0,1642.0,1643.0,1643.0
251845055,-0.6624694538944221,-0.035305830350306884,0.016867487075394937,0.7480663131567035,0.03593742474913597,-0.06905210018157959,0.013738177716732025,1643.0,1643.0,1643.0,1642.0
251945015,-0.6623065644004018,-0.03830439113168359,0.016836482016016823,0.7480637146964769,0.07225403189659119,0.11779049038887024,0.04278196766972542,1643.0,1643.0,1642.0,1643.0
252044975,-0.6622482596376708,-0.039521427532455994,0.017443924762885095,0.7480381065571057,0.0038999177049845457,-0.053647730499506,0.052957043051719666,1642.0,1643.0,1643.0,1642.0
252144935,-0.6620389124366917,-0.04308280432505738,0.015170979592002998,0.7480763275023147,-0.03491098806262016,0.09924309700727463,0.020645953714847565,1642.0,1643.0,1643.0,1643.0
252244895,-0.6617730960888073,-0.046896722589869544,0.014209394001897893,0.7481010358403883,0.004307594615966082,0.0823800265789032,-0.006357705220580101,1643.0,1643.0,1643.0,1643.0
252344855,-0.6616475290477111,-0.04833363377184789,0.015585872289474337,0.7480932346549082,0.04722951352596283,-0.09906645119190216,0.010134866461157799,1643.0,1643.0,1643.0,1642.0
252444815,-0.6615991411043354,-0.0489042370715665,0.017033262791520593,0.7480673900425876,0.04589137062430382,-0.02013987861573696,0.03501644358038902,1643.0,1643.0,1643.0,1643.0
252544775,-0.6616231454789371,-0.04846496804038991,0.018952256871803325,0.7480285904956216,0.03822093456983566,-0.01347825676202774,0.032943788915872574,1643.0,1643.0,1643.0,1643.0
252644735,-0.6616361226802822,-0.04819481174087616,0.02057819466665808,0.7479916036895905,0.03606635704636574,-0.007272336632013321,0.036822039633989334,1643.0,1643.0,1643.0,1643.0
252745528,-0.6616525042102328,-0.04789868701746917,0.02173058905042362,0.747963542529883,0.026020178571343422,0.0003107602533418685,0.034293245524168015,1643.0,1643.0,1643.0,1643.0
252845488,-0.6616602324353204,-0.0477209225500901,0.02276277694522871,0.7479373679328691,0.026951657608151436,0.0029480401426553726,0.03435176610946655,1643.0,1643.0,1643.0,1643.0
252945448,-0.661667024661277,-0.04756066633675348,0.023627048671513967,0.7479147639033281,0.028499750420451164,0.006927932612597942,0.03834399953484535,1643.0,1643.0,1643.0,1643.0
253045408,-0.6616723549992993,-0.047453237342501266,0.024344324064406488,0.7478938686613528,0.022860174998641014,0.008141664788126945,0.03438431769609451,1643.0,1643.0,1643.0,1643.0
253145368,-0.6615906872103068,-0.04859510257864441,0.023802553136248048,0.7479102332941843,0.023450292646884918,0.06167576462030411,0.026473665609955788,1643.0,1643.0,1644.0,1643.0
253245328,-0.6613973108433225,-0.05133103499532467,0.019066719625238503,0.7480342119570889,-0.1150779277086258,0.16782590746879578,0.029192546382546425,1643.0,1644.0,1643.0,1644.0
253345288,-0.6612977299374496,-0.052792006009308744,0.016088379648243948,0.7480905563642567,0.04771971330046654,0.006017129402607679,0.037887897342443466,1644.0,1643.0,1644.0,1643.0
253445248,-0.6612533645582904,-0.05359267284305928,0.011921199956899626,0.7481508526156107,-0.028925156220793724,0.10411424934864044,0.0388827845454216,1643.0,1644.0,1643.0,1644.0
253545208,-0.6613737882802765,-0.052114919610265244,0.009604232997467679,0.7481821342683491,-0.08451980352401733,0.04419717937707901,0.035534895956516266,1643.0,1644.0,1644.0,1643.0
253645168,-0.6614180144833488,-0.05158536596816635,0.00816948743540896,0.7481967786684715,0.047308582812547684,-0.09303773194551468,0.03199199214577675,1644.0,1643.0,1644.0,1643.0
253745128,-0.661413382293422,-0.05164522388405307,0.006946346756671121,0.7482090996772747,0.10645198822021484,-0.0011567565379664302,0.026061439886689186,1644.0,1643.0,1643.0,1644.0
253845088,-0.6615746390465557,-0.049397318234750326,0.006050533064107758,0.7482260974941162,-0.025416240096092224,0.038599878549575806,0.029801955446600914,1643.0,1644.0,1644.0,1644.0
253945048,-0.6617140321103276,-0.04730578815919476,0.005658998926896419,0.7482410559746606,-0.013885706663131714,-0.0777871236205101,0.02835436910390854,1644.0,1643.0,1644.0,1643.0
254045008,-0.6616920050214331,-0.047537663805578105,0.005823892032377054,0.7482445745157255,0.08755584061145782,0.07987713813781738,0.028870301321148872,1644.0,1643.0,1643.0,1644.0
254144968,-0.6617978238565442,-0.04584266366701848,0.006214090456526891,0.7482536171689739,-0.045424532145261765,0.010401283390820026,0.02840125933289528,1643.0,1644.0,1644.0,1643.0
254244928,-0.6619103530627627,-0.04397616279384347,0.007043343378495382,0.7482587606759515,0.072451651096344,-0.10492021590471268,0.029129020869731903,1644.0,1643.0,1644.0,1643.0
254344888,-0.6619767816116943,-0.04275601239440227,0.008438668656443209,0.7482562748700875,-0.01858975924551487,0.0725734531879425,0.02902958355844021,1643.0,1644.0,1643.0,1644.0
254444848,-0.661930742583517,-0.04327077743256447,0.012439203313558482,0.7482115997925582,0.14348682761192322,-0.010858039371669292,0.0354125015437603,1644.0,1643.0,1644.0,1643.0
254544808,-0.6618051936372292,-0.04509967192184079,0.015152266260275986,0.7481646303418183,0.03268327936530113,-0.04459600895643234,0.032067641615867615,1643.0,1644.0,1644.0,1643.0
254644768,-0.6614408994567245,-0.05019484409405652,0.018926761825651003,0.7480763275488992,0.2321232259273529,0.11538056284189224,0.03217141702771187,1644.0,1643.0,1643.0,1644.0
254744728,-0.6611517581806807,-0.05380977057080078,0.02277981685477448,0.7479732222411278,0.0700635313987732,-0.02325664646923542,0.02362232841551304,1643.0,1644.0,1644.0,1643.0
254845521,-0.6606582434929221,-0.05963289115138222,0.02650047167063409,0.7478451234039092,0.11381804943084717,0.0730222687125206,0.036411844193935394,1644.0,1643.0,1643.0,1644.0
254945481,-0.6602377630340015,-0.06415502896433664,0.03073902705744718,0.7476799721391528,0.19603756070137024,0.11624419689178467,0.03506489470601082,1644.0,1644.0,1644.0,1644.0
255045441,-0.6599996335567238,-0.06662267826310798,0.033321710691097045,0.7475637538315109,0.03644317761063576,-0.058114755898714066,0.054397519677877426,1643.0,1644.0,1644.0,1643.0
255145401,-0.6596821724665696,-0.06980361060905516,0.03523887767827584,0.7474657910404342,0.11906455457210541,-0.03653266653418541,0.037962574511766434,1644.0,1643.0,1644.0,1644.0
255245361,-0.6597825819134897,-0.0687299235951353,0.03510029782214927,0.7474831846262313,-0.07091747969388962,0.025458568707108498,0.013508512638509274,1643.0,1644.0,1644.0,1644.0
255345321,-0.6611829792277131,-0.053429745684946406,0.01598051076541195,0.7481490182652679,-1.7220909595489502,-0.00973518006503582,0.005191103555262089,1646.0,1641.0,1644.0,1644.0
255445281,-0.6255369756586265,0.22068036822918827,-0.29186810681820974,0.6890694271148902,-13.49141788482666,0.017710745334625244,-0.0006423045415431261,1648.0,1640.0,1644.0,1644.0
255545241,-0.1019332874689727,0.6554151232217572,-0.745104038448566,0.06971795353863099,-26.232839584350586,0.01601225696504116,-0.01042979210615158,1648.0,1640.0,1644.0,1644.0
255645201,-0.6562758358720145,-0.09610459919714207,0.061331148188962,0.7458581792307898,-34.847747802734375,0.06183667480945587,-0.01724087819457054,1648.0,1642.0,1645.0,1646.0
255745161,-0.10476283567166483,-0.6549008594054005,0.7304920756381569,0.16282180456547196,-38.55892562866211,-0.08036550879478455,-0.06274430453777313,1650.0,1645.0,1649.0,1648.0
255845121,0.5731253513621605,-0.3329442752204878,0.40766519884725716,-0.6280800322194062,-37.520015716552734,0.08586003631353378,-1.4939916133880615,1622.0,1623.0,1682.0,1682.0
255945081,-0.297690497691143,-0.5876783457202985,0.7009305435927207,0.27333295193713114,-20.66720962524414,0.43318140506744385,-11.208883285522461,1556.0,1568.0,1744.0,1743.0
256045041,-0.614024853167886,-0.2427027440159174,0.6704427244559437,0.33848989787494654,1.3990784883499146,0.4566347301006317,-30.55130386352539,1509.0,1523.0,1782.0,1782.0
256145001,-0.6595763279640031,-0.31645748263080975,0.5057438895898055,-0.4572054761472867,18.874269485473633,1.4476591348648071,-50.247074127197266,1519.0,1527.0,1775.0,1774.0
256244961,-0.24889657517031819,-0.778632100304259,-0.5299767417970567,-0.22562624049174906,25.42283821105957,4.155372619628906,-63.18739318847656,1544.0,1547.0,1751.0,1749.0
256344921,0.6388895826785959,-0.512884916340763,0.042004373687387825,0.5718433319765377,24.02443504333496,7.151066303253174,-69.25733947753906,1565.0,1565.0,1729.0,1727.0
256444881,0.6815791636874953,0.43682244888899274,0.5861606150823244,-0.03243031143836168,18.98639678955078,8.830368995666504,-70.7442626953125,1578.0,1576.0,1713.0,1711.0
256544841,-0.07310982081269635,0.8369002630805652,0.24346590263485368,-0.4847445286030697,13.209074974060059,9.023697853088379,-69.7662353515625,1585.0,1583.0,1703.0,1702.0
256644801,-0.7115023114225381,0.5406633540797837,-0.07797188090046603,-0.44200450697298066,8.357237815856934,7.993685722351074,-67.72589111328125,1588.0,1587.0,1698.0,1697.0
256744761,-0.9373953560390889,0.05674058584680944,-0.1630374560761635,-0.3024718835037791,4.92383337020874,6.365155220031738,-65.42809295654297,1590.0,1589.0,1695.0,1695.0
256844721,-0.9083706854465574,-0.32902005686391556,-0.1416919228083099,-0.21571253791446884,2.853468656539917,4.789312362670898,-63.31495666503906,1590.0,1589.0,1695.0,1695.0
256945514,-0.7842885541442003,-0.58749579163497,-0.10622594798659513,-0.16868967551082947,1.642152190208435,3.1338136196136475,-61.63983917236328,1589.0,1589.0,1696.0,1696.0
257045474,-0.6365226169361737,-0.7557670216469414,-0.07984098897147716,-0.13145563357914006,0.8756351470947266,2.0284862518310547,-60.48481369018555,1587.0,1587.0,1697.0,1697.0
257145434,-0.48368736362968084,-0.8688375267965458,-0.05831023005649579,-0.08813514262647508,0.603128969669342,0.8127816915512085,-59.82358169555664,1586.0,1585.0,1699.0,1699.0
257245394,-0.3217859877660423,-0.9455536476932693,-0.03188857524034669,-0.03694856127816098,0.46720027923583984,0.23892299830913544,-59.580326080322266,1585.0,1585.0,1699.0,1700.0
257345354,-0.1479774030257795,-0.9888972154932747,0.007796916122554773,0.011144212954347756,0.3523271679878235,-0.36984163522720337,-57.884578704833984,1617.0,1617.0,1671.0,1671.0
257445314,0.016954426703496814,-0.9973386732038118,0.05603921348720092,0.04344795621145142,0.28207749128341675,-0.6871514916419983,-48.16289138793945,1677.0,1677.0,1611.0,1611.0
257545274,0.1375487430403445,-0.9832917892249022,0.09751398687271656,0.06861940611153167,0.19676034152507782,-0.8788186311721802,-29.41585350036621,1717.0,1717.0,1565.0,1564.0
257645234,0.19735667969172357,-0.9674327232647756,0.12306564897211043,0.09989551031268565,0.0950632244348526,-0.9219301342964172,-9.796500205993652,1715.0,1715.0,1567.0,1567.0
257745194,0.20523874920324275,-0.9590050291349005,0.13228923583369556,0.14382617286848087,-0.04422081634402275,-0.8728826642036438,4.0270209312438965,1695.0,1695.0,1591.0,1591.0
257845154,0.17872282377528548,-0.9560785002586243,0.12720790869803175,0.1943970204753179,-0.045119572430849075,-0.8506057858467102,11.103726387023926,1672.0,1672.0,1617.0,1617.0
257945114,0.13496884406463128,-0.9543634267520903,0.11172314432802483,0.2418507800924453,-0.14392641186714172,-0.6418214440345764,12.664328575134277,1653.0,1653.0,1637.0,1637.0
258045074,0.09596199302401957,-0.9504210106697114,0.09405222040915055,0.2804378330549055,-0.07048953324556351,-0.5686760544776917,10.840235710144043,1641.0,1641.0,1649.0,1650.0
258145034,0.06545562717121975,-0.9450135024181561,0.07850062093105323,0.3106488268647273,-0.08475349098443985,-0.35946792364120483,7.569499492645264,1635.0,1635.0,1655.0,1655.0
258244994,0.048294582420858816,-0.9387786755507097,0.06862345034825035,0.33414525838675513,0.022408409044146538,-0.40447381138801575,4.2182793617248535,1634.0,1634.0,1656.0,1656.0
258344954,0.03726871420985402,-0.9420748488927406,0.06309099939161841,0.32730039385957216,-0.16822873055934906,1.4905339479446411,1.5524811744689941,1636.0,1636.0,1657.0,1652.0
258444914,0.00986060164698221,-0.9955539635759053,0.058876653396407255,-0.0728602348905358,0.01910441182553768,13.134145736694336,-0.1731741577386856,1639.0,1639.0,1655.0,1647.0
258544874,-0.05114596102465828,-0.41959853773134503,0.01686865460629929,-0.9061107031132313,-0.17220810055732727,26.1962833404541,-1.0454556941986084,1642.0,1642.0,1652.0,1644.0
258644834,0.026620099417499734,-0.9162520402394954,0.05769216223811621,0.395531520210786,-0.16332577168941498,34.92542266845703,-1.2694388628005981,1644.0,1644.0,1649.0,1642.0
258744794,0.06385460724798442,0.08547881878736771,-0.018878529686795365,0.99411244926758,-0.22176581621170044,39.13689041137695,-1.0954393148422241,1647.0,1647.0,1649.0,1643.0
258844754,0.05326634591464101,0.9457289061949775,-0.07151239357393666,0.3124828154402728,-0.24574950337409973,38.76076126098633,-0.7493554949760437,1651.0,1650.0,1648.0,1649.0
258944714,0.04878896601638126,-0.2442399993494694,-0.03888096806829894,0.9677059108194471,-0.25105273723602295,22.05887222290039,-0.38964390754699707,1655.0,1655.0,1648.0,1657.0
259045507,0.010265454934863624,-0.6162930069243095,-0.012214171364071331,0.7873552972255045,-0.0705147385597229,-0.40229570865631104,-0.10228745639324188,1657.0,1657.0,1650.0,1661.0
259145467,0.0604528626652822,-0.06433778233883572,-0.06064264574597948,0.9942477410968661,0.1932087242603302,-17.884244918823242,0.0746760293841362,1656.0,1656.0,1651.0,1658.0
259245427,0.08012376054733032,0.8813400571705337,-0.08335665818908329,0.45811740215576063,0.06527774035930634,-25.031896591186523,0.1743268072605133,1652.0,1652.0,1650.0,1653.0
259345387,-0.009747757388222561,0.7149949372229918,-0.011578481799497414,-0.6989657786548704,-0.013186920434236526,-24.369882583618164,0.19147297739982605,1649.0,1649.0,1648.0,1649.0
259445347,-0.07463727855269116,-0.30736320237315984,0.061702736916736105,-0.9466519480432859,0.026326868683099747,-20.60419464111328,0.17253874242305756,1646.0,1646.0,1647.0,1646.0
259545307,-0.06228409546527576,-0.9267868567717018,0.07490709206683573,-0.3627337055270604,4.909198196401121e-06,-15.635891914367676,0.11609116941690445,1645.0,1645.0,1646.0,1645.0
259645267,-0.021426938885534423,-0.9606214213714009,0.050765928386656334,0.27234204891537717,0.022163135930895805,-11.461618423461914,0.06889863312244415,1645.0,1645.0,1646.0,1644.0
259745227,0.011740969642153808,-0.7427812465257584,0.019584103316854628,0.6691447020927368,-0.16327305138111115,-7.856793403625488,0.05006628483533859,1644.0,1645.0,1645.0,1644.0
259845187,0.03406503023841878,-0.5004604462222392,-0.005148323752743274,0.8650736444051627,-0.02043619193136692,-5.39711332321167,0.03025336004793644,1645.0,1644.0,1645.0,1644.0
259945147,0.0472366582433169,-0.30903492213429784,-0.022860519318335312,0.9496017647813996,0.03289729729294777,-3.527829885482788,0.015396379865705967,1645.0,1644.0,1645.0,1645.0
260045107,0.05500297511921908,-0.17326487831354906,-0.035966968397119096,0.9826801778072795,-0.0827903300523758,-2.301074743270874,0.034528698772192,1645.0,1645.0,1645.0,1645.0
260145067,0.05974758973807102,-0.08411752780279351,-0.04511577750273775,0.9936392874968063,-0.06317173689603806,-1.4810017347335815,0.06448886543512344,1645.0,1645.0,1645.0,1644.0
260245027,0.06264642990813145,-0.02904241053074972,-0.05096072894584422,0.9963106781098139,-0.047773100435733795,-0.8984676599502563,0.0649191290140152,1645.0,1645.0,1645.0,1645.0
260344987,0.0642345395891346,0.001015578882740139,-0.05439638351339642,0.9964506640993163,-0.04018261283636093,-0.36683401465415955,0.07175001502037048,1645.0,1645.0,1645.0,1645.0
260444947,0.06503090312455652,0.01606911970543,-0.0563854053911306,0.9961593502495346,-0.026474211364984512,-0.2544230818748474,0.06451082974672318,1645.0,1645.0,1645.0,1645.0
260544907,0.06481795424299623,0.012359794529933778,-0.0567719397392968,0.9962042035371906,-0.019660579040646553,0.2833518087863922,0.04952356591820717,1645.0,1645.0,1645.0,1645.0
260644867,0.06362647205963369,-0.00914795552835973,-0.05202915794451052,0.9965746101955844,0.12876863777637482,0.5453422665596008,0.04412136599421501,1645.0,1645.0,1645.0,1645.0
260744827,0.06223623968806094,-0.040905875859681126,-0.040940223100746145,0.9963820843040605,0.1180134266614914,0.6611032485961914,0.057470887899398804,1645.0,1646.0,1645.0,1645.0
260844787,0.06135575097137865,-0.07466760529208692,-0.02822721028615225,0.9949188133421464,0.2041732668876648,0.691286563873291,0.09169147163629532,1646.0,1645.0,1645.0,1645.0
260944747,0.0605867995906904,-0.10963567435702545,-0.019902829818292646,0.9919239567572012,0.11008831858634949,0.7475955486297607,0.07975997030735016,1645.0,1645.0,1645.0,1646.0
261044707,0.06013178453593147,-0.13633402635801128,-0.014273313136378423,0.9887332675083045,0.01994473859667778,0.38388681411743164,0.06222570315003395,1645.0,1646.0,1646.0,1645.0
261145500,0.06022353928448027,-0.15719404553290658,-0.007782606412807374,0.9856990354070925,0.1716427206993103,0.44450655579566956,0.04815742000937462,1646.0,1645.0,1645.0,1646.0
261245460,0.06006861576918779,-0.17182622778744086,-0.005167486620418665,0.9832806343694256,-0.023275122046470642,0.2558700144290924,0.042389165610075,1645.0,1646.0,1646.0,1645.0
261345420,0.06032172418254894,-0.18159534715239672,-0.0015771739065701309,0.9815202147723262,0.131670281291008,0.08193147927522659,0.030248090624809265,1646.0,1645.0,1646.0,1645.0
261445380,0.06089335819227102,-0.1879638012281207,0.0027921985938944086,0.9802825164119554,0.10792114585638046,0.16235296428203583,0.03452629595994949,1646.0,1646.0,1645.0,1646.0
261545340,0.061312737701243986,-0.188352100862357,0.0051478674444423705,0.9801722979951482,-0.03083384595811367,-0.06438209116458893,0.038963425904512405,1645.0,1646.0,1646.0,1645.0
261645300,0.06222336160122956,-0.18617602003236236,0.009714788464479936,0.9804959794517479,0.16617517173290253,-0.07673562318086624,0.0356881357729435,1646.0,1645.0,1645.0,1646.0
261745260,0.06277846701467951,-0.17992033057948936,0.011989850517784827,0.9816026600453033,0.011920534074306488,-0.060308340936899185,0.04381478205323219,1645.0,1646.0,1645.0,1646.0
261845220,0.06339816374286456,-0.17244148932220021,0.014734453003442031,0.9828669805670877,0.04688640311360359,-0.23702386021614075,0.04699091240763664,1646.0,1646.0,1646.0,1645.0
261945180,0.06402209525059434,-0.16490189775738218,0.017849357053395395,0.9840680545005606,0.16327054798603058,-0.1817057877779007,0.054865386337041855,1646.0,1645.0,1645.0,1646.0
262045140,0.06435892314608169,-0.1547618792709259,0.01932813108862403,0.9856637931285847,0.0023126592859625816,-0.1567734032869339,0.039445046335458755,1645.0,1646.0,1646.0,1646.0
262145100,0.06492944635097775,-0.14298840223062018,0.022652030065039668,0.9873324512837722,0.031723517924547195,-0.33377671241760254,0.04042277857661247,1646.0,1646.0,1646.0,1645.0
262245060,0.06537300960950555,-0.13096565903690122,0.025882189811843155,0.9888905288342938,0.05462759733200073,-0.19780650734901428,0.0565141960978508,1645.0,1646.0,1645.0,1646.0
262345020,0.0660239780251848,-0.11894994421553684,0.031764025567067325,0.9901933103069447,0.2272299826145172,-0.2876146733760834,0.05705616995692253,1646.0,1645.0,1646.0,1645.0
262444980,0.06645481377705123,-0.10820491365680979,0.03692574746880077,0.991217404790821,0.1615566611289978,-0.2524269223213196,0.05271259695291519,1646.0,1646.0,1646.0,1646.0
262544940,0.06681778108509986,-0.09790050792608662,0.04270705053207698,0.9920317447105856,0.09586543589830399,-0.11593551933765411,0.07120899856090546,1646.0,1646.0,1645.0,1646.0
262644900,0.06676628500194481,-0.08554802896256336,0.0460383475646041,0.9930278286539508,0.09444339573383331,-0.2634676694869995,0.04545050486922264,1646.0,1646.0,1646.0,1646.0
262744860,0.06660786982052048,-0.07508401144612498,0.04840315290871088,0.9937720652602521,0.0659041479229927,-0.1139078214764595,0.048010051250457764,1646.0,1645.0,1646.0,1646.0
262844820,0.06652049491673576,-0.0696378888317439,0.04978293402603009,0.9941062557266452,-0.03745478019118309,-0.09211945533752441,0.009495522826910019,1645.0,1646.0,1646.0,1646.0
262944780,0.06657131458929487,-0.06555886685689338,0.05239715494186949,0.9942458615474802,0.10027127712965012,-0.028990762308239937,0.0022923420183360577,1646.0,1646.0,1646.0,1645.0
263044740,0.06673303497614792,-0.06321326642691809,0.05633257285289726,0.9941717287402034,0.08616799116134644,-0.02718820609152317,0.045671578496694565,1646.0,1646.0,1645.0,1646.0
263144700,0.06662402093689804,-0.05748993621664073,0.059258579218693486,0.9943563585842795,0.06921400874853134,-0.14061909914016724,0.06251894682645798,1646.0,1646.0,1646.0,1646.0
263245493,0.06640741296445568,-0.050930273411136186,0.061732519453252775,0.9945779299761226,0.06141082942485809,-0.1096397265791893,0.05621788278222084,1646.0,1646.0,1646.0,1646.0
263345453,0.06601913193385972,-0.04593871895891681,0.059603710944824265,0.9949766358868529,-0.03164014220237732,-0.0855264663696289,0.05336553230881691,1646.0,1646.0,1646.0,1646.0
263445413,0.06570365253485554,-0.042049878224387244,0.05747086427834409,0.9952948997879942,-0.026027288287878036,-0.06251159310340881,0.04800427332520485,1646.0,1646.0,1646.0,1646.0
263545373,0.06545641697916955,-0.03885629272643028,0.055726540962338554,0.9955401541998092,-0.01455824077129364,-0.050016727298498154,0.048419300466775894,1646.0,1646.0,1646.0,1646.0
263645333,0.06527362317590452,-0.03634861622774918,0.0545278164420111,0.9957132365545234,-0.005943905096501112,-0.03998907282948494,0.043800439685583115,1646.0,1646.0,1646.0,1646.0
263745293,0.06512995289924638,-0.03437291785876582,0.053489416714768076,0.9958491221328312,-0.005748297553509474,-0.028282463550567627,0.037761032581329346,1646.0,1646.0,1646.0,1646.0
263845253,0.06502072163677157,-0.032871393700734844,0.05271521302264772,0.9959482333685731,-0.0005069547332823277,-0.019658951088786125,0.04154663905501366,1646.0,1646.0,1646.0,1646.0
263945213,0.06484546979486504,-0.0318235521786926,0.04927034559568651,0.9961700455337407,-0.14664477109909058,-0.010512047447264194,0.03918099030852318,1646.0,1646.0,1646.0,1646.0
264045173,0.06457301219806093,-0.031426123668897944,0.04211505785274541,0.9965284977103647,-0.14809836447238922,-0.005828739143908024,0.04238617792725563,1646.0,1646.0,1646.0,1646.0
264145133,0.06422836319995845,-0.0314272813729152,0.03213447826774834,0.9969224737423776,-0.168117493391037,-0.001656667678616941,0.04137951135635376,1646.0,1646.0,1646.0,1646.0
264245093,0.06387860305391893,-0.031674794683511684,0.021868109768103036,0.9972151308663579,-0.21938948333263397,0.0010270229540765285,0.06074681878089905,1646.0,1646.0,1646.0,1646.0
264345053,0.06361679168320153,-0.03181788533460596,0.015077379765878146,0.9973530962543634,-0.021115316078066826,0.009436693042516708,0.09090573340654373,1647.0,1646.0,1646.0,1646.0
264445013,0.06343094592135883,-0.03620395849852253,0.010674173900457013,0.99727220481677,-0.09466436505317688,0.09642104059457779,0.10695026069879532,1646.0,1647.0,1647.0,1646.0
264544973,0.06356755442231864,-0.044825949203739425,0.014215903346647492,0.9968689524680705,0.11823257058858871,0.26574406027793884,0.07219330966472626,1646.0,1646.0,1646.0,1647.0
264644933,0.06380385209591087,-0.04846457533280312,0.01889289882542713,0.9966058959134781,0.09328242391347885,0.08983608335256577,0.027183538302779198,1646.0,1646.0,1647.0,1646.0
264744893,0.06412774464118623,-0.04867678342392904,0.025152761233218173,0.9964364213160213,0.26643607020378113,-0.07008188217878342,0.026839720085263252,1647.0,1646.0,1647.0,1646.0
264844853,0.06430781630333353,-0.046937769608394915,0.029552620843063076,0.9963874713924258,0.026514165103435516,-0.013981529511511326,0.04549587517976761,1646.0,1647.0,1646.0,1647.0
264944813,0.06442204221541083,-0.04329204644521391,0.03406521842042367,0.9964011040165252,0.09221678227186203,-0.004836373962461948,0.05676416680216789,1647.0,1646.0,1646.0,1646.0
265044773,0.0644412634477895,-0.039617886716293536,0.03745667944175009,0.9964310030215767,0.132278174161911,-0.1290012001991272,0.06330367177724838,1647.0,1646.0,1647.0,1646.0
265144733,0.06448138261853723,-0.03787084414408054,0.04033498989086946,0.9963839817308988,0.045588694512844086,0.07678548991680145,0.06141699105501175,1646.0,1647.0,1646.0,1647.0
265245526,0.06454463968349054,-0.03470693165689907,0.045519353112384454,0.9962717535267784,0.10939371585845947,-0.1225779801607132,0.059416960924863815,1647.0,1646.0,1647.0,1646.0
265345486,0.06463929911341755,-0.034291392777049144,0.04900654846006002,0.9961145614835515,0.1216462105512619,0.0475841648876667,0.06015922129154205,1647.0,1647.0,1646.0,1647.0
265445446,0.06479199712386137,-0.03587808154334627,0.051760813424852774,0.9959094228729178,-0.02237013541162014,0.1421278864145279,0.06221461668610573,1646.0,1647.0,1646.0,1647.0
265545406,0.06491441178673507,-0.035831410770014484,0.0554592885378596,0.9957040205098538,0.10746175050735474,-0.008914677426218987,0.06347569078207016,1647.0,1646.0,1647.0,1646.0
265645366,0.06506632232220057,-0.03765725994095648,0.05758766867280975,0.9955058839052804,0.11018340289592743,0.005650673992931843,0.06222239136695862,1647.0,1646.0,1647.0,1647.0
265745326,0.06510420106647674,-0.03888722040548651,0.05754982365556425,0.9954583089661989,-0.03904850780963898,0.07163140177726746,0.06733974069356918,1646.0,1647.0,1647.0,1647.0
265845286,0.06507827042839981,-0.03861411951947008,0.057844150461055774,0.9954535763907942,-0.004176740534603596,-0.0692271813750267,0.06641148775815964,1647.0,1647.0,1647.0,1646.0
265945246,0.06509367954120654,-0.03939684270645068,0.05790109979382817,0.9954185874852927,0.1414109766483307,0.028933800756931305,0.06445806473493576,1647.0,1646.0,1646.0,1647.0
266045206,0.06485747337931072,-0.03611682337178882,0.05657040632199995,0.9956349091634679,0.04901079460978508,-0.045698631554841995,0.057429175823926926,1647.0,1646.0,1647.0,1647.0
266145166,0.0645999269007418,-0.032102927377388624,0.05519154984308916,0.9958665293723546,-0.001252859365195036,-0.08186516165733337,0.041302286088466644,1647.0,1647.0,1647.0,1647.0
266245126,0.06427639533783634,-0.02742677376313763,0.0523056602500448,0.9961829324923847,-0.04659153148531914,-0.08354102820158005,0.04916613921523094,1647.0,1647.0,1646.0,1646.0
266345086,0.06418250867198427,-0.026359704423989407,0.05157803147031553,0.9962557293350427,0.02233898639678955,0.11110807955265045,0.07602432370185852,1647.0,1647.0,1646.0,1647.0
266445046,0.06410512610350189,-0.025493758990190074,0.05185900093671728,0.996268661095816,0.024110259488224983,-0.014831367880105972,0.09446125477552414,1647.0,1647.0,1647.0,1647.0
266545006,0.06417759149708631,-0.025570373686318558,0.055502822259588046,0.9960656752746758,0.21595560014247894,0.030644109472632408,0.062173206359148026,1647.0,1646.0,1647.0,1647.0
266644966,0.06427912186410008,-0.025997610291853355,0.05822341685455228,0.9958927414542563,0.0009102427284233272,0.02884071320295334,0.02415725775063038,1646.0,1647.0,1647.0,1647.0
266744926,0.06448365740053878,-0.0272023993339941,0.06224731521695973,0.9956039167997505,0.0846545621752739,0.06533388048410416,0.023616058751940727,1647.0,1647.0,1647.0,1646.0
266844886,0.06483452538493216,-0.03164779462230595,0.06526958731342893,0.9952561390846025,0.06648360192775726,0.12691998481750488,0.053279634565114975,1647.0,1647.0,1646.0,1647.0
266944846,0.06517521109707389,-0.03609381899850182,0.06776917493770329,0.9949154572207723,0.06256245076656342,0.1368350386619568,0.06002454087138176,1647.0,1647.0,1647.0,1647.0
267044806,0.06557507598198582,-0.04127237886166481,0.07009632906161485,0.9945265229269362,0.0535832978785038,0.1202285885810852,0.05420471355319023,1647.0,1647.0,1647.0,1647.0
267144766,0.06589647695928094,-0.04535783006399946,0.0717745659993418,0.9942075906227263,0.04670749977231026,0.09769899398088455,0.05218212306499481,1647.0,1647.0,1647.0,1647.0
267244726,0.06618216764532822,-0.048800866792611836,0.0733183256943059,0.993912883105677,0.04254855588078499,0.08404704928398132,0.04734213277697563,1647.0,1647.0,1647.0,1647.0
267345519,0.06640776197183373,-0.051519839369505,0.07440231013479716,0.9936800347938154,0.03621826320886612,0.07226402312517166,0.043895237147808075,1647.0,1647.0,1647.0,1647.0
267445479,0.0665943524935725,-0.05379973584433777,0.07521912456564075,0.9934852107296916,0.02819795347750187,0.06462864577770233,0.04559791460633278,1647.0,1647.0,1647.0,1647.0
267545439,0.06658460475310486,-0.05575002183881677,0.07307486865171448,0.9935383681803028,-0.0633755773305893,0.059626854956150055,0.04689402133226395,1647.0,1647.0,1647.0,1647.0
267645399,0.0662280621013285,-0.05727400885665191,0.06608134933562651,0.9939651839827055,-0.21894113719463348,0.00843561626970768,0.07351617515087128,1647.0,1648.0,1647.0,1647.0
267745359,0.06575788753597227,-0.05552491266810158,0.06058819118089552,0.9944455517470192,-0.08788086473941803,-0.01633034087717533,0.09775829315185547,1647.0,1647.0,1647.0,1648.0
267845319,0.06510938656118372,-0.04929211379287287,0.055139466695333574,0.9951335058734637,-0.05480390042066574,-0.12797699868679047,0.07821163535118103,1647.0,1647.0,1648.0,1647.0
267945279,0.06475803417034014,-0.045105026908919654,0.05212934028118434,0.9955171849043026,-0.05276675522327423,-0.07219892740249634,0.037857990711927414,1648.0,1647.0,1647.0,1647.0
268045239,0.0645188209055026,-0.043394618995991,0.048646031428056825,0.9957850131516627,-0.03806909918785095,0.03991241008043289,0.04513132572174072,1647.0,1648.0,1647.0,1647.0
268145199,0.06452234224990194,-0.04422066064812468,0.0482578369757339,0.9957673331119341,-0.0747775211930275,-0.007903569377958775,0.05556410551071167,1647.0,1648.0,1648.0,1647.0
268245159,0.06465916595192883,-0.047316393620200854,0.0490141075864022,0.9955792125243916,0.03863885998725891,0.10921219736337662,0.05902301147580147,1648.0,1647.0,1647.0,1648.0
268345119,0.06468131756995657,-0.04896312207403409,0.04861544123729342,0.9955176938193921,0.07893189042806625,0.08825837820768356,0.06162156164646149,1647.0,1647.0,1648.0,1647.0
268445079,0.06469444956106285,-0.05115724626749867,0.04772602927955103,0.9954495419053269,-0.11190225183963776,0.0011433095205575228,0.058239392936229706,1647.0,1648.0,1648.0,1647.0
268545039,0.06480054121270838,-0.05426882377546164,0.04791160869346969,0.9952689397228127,0.03453667461872101,0.1389686018228531,0.05503642186522484,1648.0,1647.0,1647.0,1648.0
268644999,0.06477823528748597,-0.05527929037091726,0.04715689810185732,0.995250826299852,0.02955958992242813,0.08735758066177368,0.05087572708725929,1647.0,1647.0,1647.0,1647.0
268744959,0.06479060784841527,-0.05604583195094794,0.04714298538173834,0.9952078078395769,-0.046966392546892166,-0.004463594872504473,0.053567130118608475,1647.0,1648.0,1648.0,1647.0
268844919,0.06505663878818695,-0.059682139543005,0.04953593926292344,0.994862737612829,0.06648518890142441,0.12757787108421326,0.050239160656929016,1648.0,1647.0,1647.0,1648.0
268944879,0.06523985281405478,-0.06520644636874105,0.049363753170836876,0.9945124940540716,0.06831131875514984,0.2393682897090912,0.049314603209495544,1648.0,1647.0,1647.0,1648.0
269044839,0.06531445666170684,-0.07141967937668625,0.04750156306662467,0.9941714402732281,-0.07634953409433365,0.11955384910106659,0.04964009299874306,1647.0,1648.0,1647.0,1647.0
269144799,0.06554202814639842,-0.07811749602963838,0.0477102383481381,0.9936426080423887,0.09395244717597961,0.2202022224664688,0.04917634651064873,1648.0,1647.0,1647.0,1648.0
269244759,0.06561284023663673,-0.0825930414747089,0.04699340543610737,0.9933101049227056,-0.1040237694978714,0.014184100553393364,0.05029388144612312,1647.0,1648.0,1648.0,1647.0
269344719,0.06570274366170559,-0.08714528838618274,0.0465991077409735,0.9929337195126161,0.04301534220576286,0.18825794756412506,0.050024304538965225,1648.0,1647.0,1647.0,1648.0
269445512,0.0654456434397631,-0.08852062502032462,0.04355340425876234,0.9929673044356694,-0.10111168026924133,-0.018937578424811363,0.05527914687991142,1647.0,1648.0,1648.0,1647.0
269545472,0.06528927496453639,-0.0905718351259885,0.04149167612825089,0.9928809062866424,-0.034398939460515976,0.06251394003629684,0.05376444384455681,1648.0,1647.0,1647.0,1648.0
269645432,0.06476784467339132,-0.0893004893986296,0.03638121150200033,0.993230565548189,-0.055826336145401,0.05469803139567375,0.05025016516447067,1648.0,1647.0,1647.0,1648.0
269745392,0.06410229416735828,-0.08775382596169375,0.029481815816088396,0.9936402691355422,-0.17114993929862976,-0.06559674441814423,0.050715673714876175,1647.0,1648.0,1648.0,1647.0
269845352,0.06376766278074163,-0.08587005706139109,0.02610865378308944,0.9939206993927583,0.0064434693194925785,-0.030989019200205803,0.043820809572935104,1648.0,1647.0,1647.0,1648.0
269945312,0.06323352054858657,-0.08182779995592764,0.020302068510628903,0.9944312741701127,-0.1294001042842865,-0.02940450981259346,0.04201733320951462,1647.0,1648.0,1648.0,1647.0
270045272,0.06306459659253838,-0.0779723279054883,0.018576609522062294,0.9947854453681378,-0.03296055644750595,-0.17391841113567352,0.048409949988126755,1648.0,1647.0,1648.0,1647.0
270145232,0.06299375982591286,-0.07640818037735586,0.017893217270304976,0.9949238206868577,0.1033492386341095,0.04659139737486839,0.045671459287405014,1648.0,1647.0,1647.0,1648.0
270245192,0.06287502202172729,-0.07337085561717598,0.016657057181244463,0.9951813862798237,-0.07004285603761673,-0.03779228776693344,0.0471980981528759,1647.0,1648.0,1648.0,1648.0
270345152,0.06300989849031881,-0.06943836546457453,0.019022763646879357,0.9954125780585068,0.04534890502691269,-0.08880732953548431,0.04984467849135399,1648.0,1647.0,1648.0,1647.0
270445112,0.06315623246594633,-0.06712332999334923,0.021636559103373,0.9955087182850172,0.10019798576831818,-0.036109019070863724,0.04325547814369202,1648.0,1648.0,1647.0,1648.0
270545072,0.06319779605135727,-0.06342727438243405,0.02288749728783838,0.9957204336090355,-0.014186249114573002,-0.010804611258208752,0.03924837335944176,1648.0,1648.0,1648.0,1648.0
270645032,0.06347622820449073,-0.061140622015324886,0.028135138646397825,0.9957113069388429,0.11055534332990646,-0.11817008256912231,0.06511974334716797,1648.0,1648.0,1648.0,1647.0
270744992,0.06367978377124184,-0.060619976277121936,0.0322435369438456,0.9956055734779511,0.09180741012096405,0.013072608038783073,0.08285798132419586,1648.0,1647.0,1648.0,1648.0
270844952,0.06372753344653953,-0.0602509990112158,0.03347254510459707,0.9955843546998875,-0.077571801841259,0.015011194162070751,0.031191764399409294,1647.0,1648.0,1648.0,1648.0
270944912,0.06376712212602882,-0.0597274670328849,0.03406281569732806,0.9955933448975891,-0.015947651118040085,0.017085237428545952,0.004914534278213978,1648.0,1648.0,1648.0,1648.0
271044872,0.06380143455824011,-0.05841959676602929,0.03501481405948089,0.9956357217669448,0.03026357851922512,-0.08848078548908234,0.03401684761047363,1648.0,1648.0,1648.0,1647.0
271144832,0.06378610566082933,-0.056920691229784943,0.03573657569895365,0.9956978782702421,0.030733048915863037,-0.040855616331100464,0.06416899710893631,1648.0,1648.0,1648.0,1648.0
271244792,0.06380992218622634,-0.05702648076748989,0.03658555207767343,0.99565946573165,0.027375316247344017,0.02219754084944725,0.05740511044859886,1648.0,1648.0,1648.0,1648.0
271344752,0.0637010648073369,-0.05705457613174077,0.035084510683389546,0.9957188492716937,-0.016857892274856567,0.021845145151019096,0.054009370505809784,1648.0,1648.0,1648.0,1648.0
271444712,0.06354852779287336,-0.05729009814530269,0.032624353041723245,0.9957987150315414,0.0040076798759400845,0.022858066484332085,0.024487413465976715,1648.0,1647.0,1648.0,1648.0
271545505,0.06334797505733422,-0.057388262061318626,0.02887978475074426,0.9959214725401132,0.011936315335333347,0.022360211238265038,0.00605006655678153,1648.0,1648.0,1648.0,1648.0
271645465,0.0633179631788384,-0.05580766921681804,0.028643582447307192,0.9960200222786959,0.009739875793457031,-0.10331564396619797,0.025949086993932724,1648.0,1648.0,1648.0,1647.0
271745425,0.06324821509987863,-0.05387488408384951,0.02829936786553662,0.9961407058895055,0.009995141066610813,0.015600431710481644,0.05662820115685463,1648.0,1648.0,1648.0,1648.0
271845385,0.06318368458262726,-0.05231709354832269,0.02814561500933579,0.9962321858286679,0.010146059095859528,-0.008906526491045952,0.057330455631017685,1648.0,1648.0,1648.0,1648.0
271945345,0.06311510241952858,-0.05072137216297303,0.027827894008077742,0.9963279754014502,0.010378698818385601,-0.0035761508625000715,0.05445266515016556,1648.0,1648.0,1648.0,1648.0
272045305,0.06307491427046452,-0.04955221252279933,0.02785554473362495,0.9963885798479737,0.01455562561750412,-0.0017975936643779278,0.048414018005132675,1648.0,1648.0,1648.0,1648.0
272145265,0.06302925486058221,-0.048392973426465515,0.027693392645009904,0.9964529638465002,0.015738489106297493,0.005422743037343025,0.04714720696210861,1648.0,1648.0,1648.0,1648.0
272245225,0.06299891652701761,-0.047568847389492894,0.027709236122525037,0.9964941241713186,0.010750330053269863,0.0058785113506019115,0.04658898338675499,1648.0,1648.0,1648.0,1648.0
272345185,0.06296131501083813,-0.04665300664191163,0.02754133498057017,0.9965444519191624,0.015372366644442081,0.009728950448334217,0.04211771860718727,1648.0,1648.0,1648.0,1648.0
272445145,0.06293955653638489,-0.046099750806310846,0.02755853635322284,0.996571097449985,0.014953270554542542,0.009701883420348167,0.04075940325856209,1648.0,1648.0,1648.0,1648.0
272545105,0.06297030665421233,-0.048075058818710055,0.027611686365814597,0.9964743468727572,0.01491063553839922,0.16176383197307587,0.03828851878643036,1648.0,1648.0,1648.0,1648.0
272645065,0.0630961540715069,-0.053998200768743045,0.028098229933119556,0.9961493658732856,0.014952150173485279,0.12789982557296753,0.034138765186071396,1648.0,1648.0,1648.0,1648.0
272745025,0.06327703493952651,-0.06266951378568002,0.028672251532436334,0.9956136052119764,0.023771312087774277,0.24661244451999664,0.03664776310324669,1648.0,1648.0,1648.0,1648.0
272844985,0.06383055293124151,-0.0727201210741838,0.034061036952390836,0.9947247309005522,0.2008618861436844,0.24106842279434204,0.03820374235510826,1649.0,1648.0,1648.0,1648.0
272944945,0.06449801652946678,-0.08250261499530567,0.04006690342834224,0.9936941016391135,0.06522835791110992,0.20987075567245483,0.0818285271525383,1648.0,1649.0,1648.0,1649.0
273044905,0.06485608364727531,-0.08595410839323728,0.04366869608405187,0.99322637130041,0.0015271074371412396,-0.03635150566697121,0.06661918014287949,1648.0,1648.0,1649.0,1648.0
273144865,0.06484232098997025,-0.08573441001199011,0.04364895452162914,0.9932471259045749,0.022402912378311157,-0.06971684098243713,0.02003207616508007,1648.0,1648.0,1648.0,1648.0
273244825,0.0649053130374881,-0.08056390447039836,0.046090038925345536,0.9935655317833094,0.10452894121408463,-0.06375886499881744,0.022691847756505013,1648.0,1648.0,1648.0,1649.0
273344785,0.06463228610786569,-0.07132993262845286,0.04654584432535427,0.9942676665162814,-0.03690854087471962,-0.15327352285385132,0.057198747992515564,1648.0,1649.0,1648.0,1648.0
273444745,0.06440438984288477,-0.06303227800341513,0.048043776650240524,0.9947717336272919,0.07618467509746552,-0.16385044157505035,0.08407515287399292,1649.0,1648.0,1648.0,1648.0
273544705,0.06395798146213683,-0.05348525993756888,0.04701742469324867,0.9954084917017307,0.03982521593570709,-0.21016570925712585,0.05404297634959221,1648.0,1648.0,1648.0,1648.0
273645498,0.06364493191660205,-0.04447006028881982,0.04756377888618348,0.9958460841502095,0.031529951840639114,-0.1349128782749176,0.005432161036878824,1648.0,1648.0,1648.0,1648.0
273745458,0.06332571856780776,-0.03495751549660401,0.04822195414844172,0.9962140676663229,0.05776909738779068,-0.21397769451141357,-0.015798132866621017,1649.0,1648.0,1648.0,1648.0
273845418,0.06314266281811694,-0.029188935387973056,0.04975268201277086,0.996336128430406,0.09697944670915604,-0.10055429488420486,0.03979919105768204,1649.0,1648.0,1648.0,1648.0
273945378,0.06282831999090677,-0.02297457955738851,0.04930964459529175,0.9965406814832837,-0.030989553779363632,0.004534177947789431,0.06495664268732071,1648.0,1649.0,1648.0,1649.0
274045338,0.062497135287432115,-0.015878843192645296,0.05022501091755758,0.9966541118653246,0.011254443787038326,-0.0405280739068985,0.05175016447901726,1648.0,1648.0,1648.0,1648.0
274145298,0.062343094916254324,-0.013059045044241761,0.049964429344559524,0.9967177913828307,0.07434520125389099,-0.07201939076185226,0.044595662504434586,1648.0,1648.0,1649.0,1648.0
274245258,0.062282544938124976,-0.012074154313739448,0.05000494476319723,0.9967319624115945,-0.06429382413625717,0.07113172113895416,0.047413170337677,1648.0,1649.0,1648.0,1649.0
274345218,0.062217322648977794,-0.010546692864715998,0.05148444195977685,0.996678044439678,0.09352243691682816,-0.03164471685886383,0.045824963599443436,1649.0,1648.0,1649.0,1648.0
274445178,0.062317763078065185,-0.012485424034795382,0.05245328661552631,0.9965988477390725,0.00806853361427784,0.09761790931224823,0.03668848052620888,1648.0,1648.0,1648.0,1649.0
274545138,0.06238466800662822,-0.014169328429767484,0.051832655007540356,0.9966046152835243,-0.02293289266526699,0.056923702359199524,0.036276161670684814,1648.0,1648.0,1649.0,1648.0
274645098,0.062363634166482815,-0.013968073775258133,0.051472047340974214,0.9966274621899031,0.06634256988763809,-0.059862054884433746,0.034697119146585464,1649.0,1648.0,1649.0,1648.0
274745058,0.06241192392163677,-0.01573262279524591,0.04966218318018775,0.996689973810392,-0.09546244144439697,0.05346504971385002,0.03257012739777565,1648.0,1649.0,1648.0,1649.0
274845018,0.06243756922008667,-0.016288606262604303,0.04991919215856843,0.9966665969671827,0.044239334762096405,0.10411300510168076,0.03671402484178543,1649.0,1648.0,1648.0,1649.0
274944978,0.062361112624916254,-0.01564101605436876,0.0478463271467306,0.9967834164087691,-0.05725061520934105,-0.06636280566453934,0.0403425358235836,1648.0,1649.0,1649.0,1648.0
275044938,0.06239915848247665,-0.016685937444580037,0.04782283275016763,0.9967652186849337,0.05264369398355484,0.051491137593984604,0.040342096239328384,1649.0,1648.0,1648.0,1649.0
275144898,0.06248848637204654,-0.018482705527515794,0.048760809839416656,0.9966824780696799,0.14961323142051697,0.13310286402702332,0.040968380868434906,1649.0,1648.0,1649.0,1648.0
275244858,0.06259765503188414,-0.022245302944356334,0.04686040870586158,0.9966899127498696,-0.10896239429712296,0.0257156603038311,0.0393529050052166,1648.0,1649.0,1649.0,1648.0
275344818,0.06276317005,-0.02590274264030701,0.04753630017750788,0.9965591465509805,0.08562352508306503,0.16501151025295258,0.03990333527326584,1649.0,1648.0,1648.0,1649.0
275444778,0.06285421753252736,-0.028368832845564095,0.04748170473385666,0.9964888581298443,-0.06689514964818954,-0.027952173724770546,0.04558233171701431,1648.0,1649.0,1649.0,1648.0
275544738,0.06296536573605445,-0.03133163323053658,0.047391536842057276,0.9963973774115326,0.08252184838056564,0.08510690182447433,0.041520971804857254,1649.0,1648.0,1648.0,1649.0
275644698,0.06291237838610103,-0.03149818001187461,0.04598178307319483,0.9964615260646812,-0.07319413125514984,0.03583880141377449,0.041831329464912415,1649.0,1649.0,1649.0,1648.0
275745491,0.06295728301608111,-0.03390484902907436,0.0448925239164732,0.9964293768370931,0.03620745614171028,0.008779807947576046,0.04249240458011627,1649.0,1649.0,1649.0,1648.0
275845451,0.0630232264333238,-0.03736438878812659,0.04360213539496699,0.996358785362694,-0.08342279493808746,0.15239527821540833,0.046866606920957565,1648.0,1649.0,1648.0,1649.0
275945411,0.063069419354077,-0.03954737281972916,0.04311487400187952,0.9962928090100817,0.010740645229816437,0.0688195452094078,0.04030868038535118,1649.0,1649.0,1649.0,1648.0
276045371,0.06311184376347155,-0.04144548654040538,0.042719618399365,0.9962299940405414,-0.0033617736771702766,-0.028168153017759323,0.03729871287941933,1649.0,1649.0,1649.0,1648.0
276145331,0.06316950981539032,-0.0439068594827607,0.04229101861182637,0.996139182275659,-0.043785832822322845,0.14458279311656952,0.04281606525182724,1648.0,1649.0,1648.0,1649.0
276245291,0.0631922003074808,-0.0437025098239011,0.04318773373236817,0.9961082552164966,0.06590644270181656,-0.030282950028777122,0.04106893762946129,1649.0,1648.0,1649.0,1648.0
276345251,0.0631805090234855,-0.04427222473173608,0.04275308457265077,0.9961025886706447,-0.013248778879642487,0.026193372905254364,0.04653589054942131,1648.0,1649.0,1648.0,1649.0
276445211,0.06323773883285315,-0.04502304888241521,0.043733202705052716,0.9960227509639518,0.07651719450950623,0.10659987479448318,0.04283992946147919,1649.0,1648.0,1648.0,1649.0
276545171,0.06317025769610655,-0.04422735846849175,0.04314086632324967,0.9960885126124017,0.04377780109643936,0.02172550931572914,0.043391041457653046,1649.0,1649.0,1649.0,1648.0
276645131,0.06320881069911333,-0.04482492142727609,0.04371749582141996,0.996034212880334,-0.06973697245121002,-0.023534389212727547,0.03780856356024742,1648.0,1649.0,1649.0,1648.0
276745091,0.06337905221452993,-0.047920370818726216,0.045012922215665885,0.9958215556185708,-0.006608474534004927,0.15237002074718475,0.03189051151275635,1649.0,1649.0,1648.0,1649.0
276845051,0.06344574504836233,-0.04970315323624629,0.045176937919203415,0.9957224905935775,0.059308331459760666,0.06975767761468887,0.03415241092443466,1649.0,1649.0,1649.0,1649.0
276945011,0.06352193188510713,-0.052698203239896595,0.044827626146895935,0.9955794029000924,0.04363207146525383,0.09272501617670059,0.054432377219200134,1649.0,1649.0,1649.0,1649.0
277044971,0.06364762767767213,-0.05730609348252329,0.044758561400736134,0.9953198793966256,0.0502408929169178,0.16530437767505646,0.06507720053195953,1649.0,1649.0,1649.0,1649.0
277144931,0.06363086637890399,-0.06013232645818325,0.04315304784267506,0.9952251155494843,-0.08089383691549301,0.09684225916862488,0.029482897371053696,1648.0,1649.0,1649.0,1649.0
277244891,0.06373562010978444,-0.06105349216672224,0.044081547426327035,0.995121630254297,0.015139847062528133,-0.03264336660504341,0.010031226091086864,1649.0,1649.0,1649.0,1649.0
277344851,0.06366155321431725,-0.06129982934571878,0.04277683342518175,0.9951681667369795,0.000755643006414175,0.09776079654693604,0.046364281326532364,1649.0,1649.0,1648.0,1649.0
277444811,0.06354322771649172,-0.06001755940645204,0.042060034222351265,0.9952844338657557,-0.01757356896996498,-0.07250913977622986,0.07884655147790909,1649.0,1649.0,1649.0,1648.0
277544771,0.06351227238765102,-0.05748223981430033,0.043400929019670915,0.9953784921939582,0.16010220348834991,-0.048329856246709824,0.051843173801898956,1649.0,1648.0,1649.0,1649.0
277644731,0.06343424561417421,-0.05441741317875731,0.043734914392124305,0.9955411085883931,0.009507969953119755,-0.03672906011343002,0.010202327743172646,1648.0,1649.0,1649.0,1649.0
277745524,0.0635468816214207,-0.05420055325625721,0.045401072285097425,0.9954711630671539,0.08979326486587524,0.09216079115867615,0.0003109336830675602,1649.0,1649.0,1648.0,1649.0
277845484,0.06374811941184137,-0.05450686073268837,0.048740085259002926,0.9952836698617467,0.07357355207204819,-0.04361477121710777,0.041420694440603256,1649.0,1649.0,1649.0,1648.0
277945444,0.06388608933730226,-0.054800528642474644,0.051310759260357816,0.9951294768188796,0.06249062344431877,0.057525716722011566,0.05651290342211723,1649.0,1649.0,1649.0,1649.0
278045404,0.06406932127323675,-0.05637447324957325,0.053703240587402466,0.9949035143107253,0.056162748485803604,0.0501217246055603,0.054727956652641296,1649.0,1649.0,1649.0,1649.0
278145364,0.0642121137325664,-0.0575551202995408,0.05551950339958598,0.994726996376174,0.04400381073355675,0.046295166015625,0.0519556850194931,1649.0,1649.0,1649.0,1649.0
278245324,0.06428567609408241,-0.05860142194113274,0.05622079764624165,0.9946217608255032,-0.004920323844999075,0.03974009305238724,0.04799667000770569,1649.0,1649.0,1649.0,1649.0
278345284,0.06425492658074897,-0.05933157803467222,0.05540424751400512,0.9946262803764161,-0.001228606910444796,0.03470972552895546,0.04721434786915779,1649.0,1649.0,1649.0,1649.0
278445244,0.06412487887702936,-0.06000465569993718,0.053059734602945524,0.9947221249008205,-0.1411644071340561,0.029514258727431297,0.04500212520360947,1649.0,1649.0,1649.0,1649.0
278545204,0.0637058091369985,-0.060755618397504554,0.04614177120430125,0.9950483715204337,-0.1130245104432106,0.029993973672389984,0.0448850654065609,1650.0,1649.0,1649.0,1649.0
278645164,0.06286111579457218,-0.05869089305707018,0.03363609645229649,0.9957271072983184,-0.2687576115131378,-0.05799432098865509,0.04802269861102104,1649.0,1649.0,1649.0,1649.0
278745124,0.06220236863689173,-0.05850237041556126,0.02275516533970142,0.996087616850086,-0.23294751346111298,0.10537860542535782,0.0348939411342144,1649.0,1650.0,1649.0,1650.0
278845084,0.061846757676954654,-0.0582421976290449,0.01678315620371593,0.996243519752088,-0.11941392719745636,-0.041405510157346725,0.02790692448616028,1649.0,1649.0,1650.0,1649.0
278945044,0.06197519371626307,-0.062004588083709795,0.018357673053240348,0.9959806736380338,0.1643734872341156,0.11913105845451355,0.02077561989426613,1650.0,1649.0,1649.0,1649.0
279045004,0.062128443567383826,-0.06597472747768603,0.020336860470752973,0.9956775602273723,0.0415787473320961,0.11087438464164734,0.05077067390084267,1649.0,1650.0,1649.0,1649.0
279144964,0.06239199176102476,-0.06959550063420734,0.024147857936789432,0.9953293859886941,0.0019658138044178486,0.09295736253261566,0.08245880156755447,1649.0,1650.0,1649.0,1649.0
279244924,0.06266729552056086,-0.07208214194861087,0.02808803255541884,0.9950316765366843,0.004166922066360712,0.14296843111515045,0.061541855335235596,1649.0,1649.0,1649.0,1650.0
279344884,0.06268117501887929,-0.07336765067546519,0.028061468521451124,0.9949375920715003,0.013845672830939293,0.043774064630270004,0.02162661962211132,1649.0,1649.0,1650.0,1649.0
279444844,0.06307667594979678,-0.07525077087865917,0.032537112799840825,0.9946356070058734,0.11132454127073288,0.018624885007739067,-0.00850506592541933,1649.0,1649.0,1649.0,1649.0
279544804,0.0636372052177317,-0.07482845117448009,0.03960142155152571,0.9943755509957006,0.19748465716838837,0.010624691843986511,0.012870730832219124,1649.0,1649.0,1649.0,1649.0
279644764,0.06402137781094955,-0.07427040098266527,0.044954466184243945,0.9941651103771202,0.019897140562534332,0.01472504623234272,0.056697502732276917,1649.0,1650.0,1649.0,1649.0
279744724,0.06430165233047691,-0.07332181758001811,0.0496085173527507,0.9939960782520195,0.13910537958145142,-0.02416391484439373,0.0951511338353157,1650.0,1649.0,1650.0,1649.0
279845517,0.06412999187717602,-0.07165459199829066,0.048746996639063095,0.9941713604334331,-0.020045297220349312,0.05699217692017555,0.07158355414867401,1649.0,1649.0,1649.0,1650.0
279945477,0.06393605478740642,-0.06803564246506535,0.047943480145847664,0.9944771264157323,0.0662713572382927,-0.10325316339731216,0.021991513669490814,1649.0,1649.0,1650.0,1649.0
280045437,0.06394507290207267,-0.06471139681379398,0.04950375012475337,0.9946219590867388,0.10021352022886276,-0.1171761304140091,0.004974245093762875,1650.0,1649.0,1649.0,1649.0
280145397,0.06384029550049748,-0.062102503214212484,0.049213627423400456,0.9948093860839717,0.009919288568198681,-0.040664371103048325,0.03287927433848381,1649.0,1650.0,1649.0,1649.0
280245357,0.06382574134752661,-0.05937092733719698,0.05101420789532601,0.9948863846296081,0.033280014991760254,0.05097684636712074,0.06146469712257385,1650.0,1649.0,1649.0,1650.0
280345317,0.06371383094556503,-0.05640400476466846,0.05152432339247689,0.9950398886937623,0.08638779073953629,-0.06815531849861145,0.05620252713561058,1650.0,1649.0,1650.0,1649.0
280445277,0.06347746183105468,-0.054668633952393915,0.048943296764828274,0.9952821238237208,-0.10634738951921463,-0.13598281145095825,0.045473795384168625,1649.0,1650.0,1650.0,1649.0
280545237,0.0633671723890412,-0.05312243753331743,0.048191738164558386,0.9954095460998026,0.04722541943192482,0.07533931732177734,0.042673058807849884,1650.0,1649.0,1649.0,1650.0
280645197,0.06323557617249997,-0.05149926073843523,0.04703761924779229,0.9955584113576794,0.06383638828992844,0.004513967782258987,0.041883599013090134,1650.0,1649.0,1649.0,1649.0
280745157,0.06312152831356839,-0.05080190654896679,0.04555623112590734,0.995670361495185,0.010255969129502773,-0.05298047885298729,0.040640491992235184,1649.0,1650.0,1650.0,1649.0
280845117,0.06318375286620198,-0.05212881099495917,0.045977377126946994,0.9955784656321777,-0.011773097328841686,0.07830696552991867,0.04129428043961525,1650.0,1649.0,1649.0,1650.0
280945077,0.0629902676859948,-0.05033984817947889,0.04370917361713082,0.9957849336095728,-0.002982351230457425,-0.06823445111513138,0.04112756997346878,1649.0,1650.0,1650.0,1649.0
281045037,0.06286267628508789,-0.04746857529383503,0.043349748704474445,0.9959497063492257,-0.08119487017393112,-0.11314832419157028,0.04172000661492348,1649.0,1650.0,1649.0,1649.0
281144997,0.06273663669303144,-0.04311543436991074,0.04412192907243236,0.9961216939262331,0.11182486265897751,0.023615524172782898,0.04265850409865379,1650.0,1649.0,1649.0,1650.0
281244957,0.06242522862696528,-0.03642752973873546,0.04265050056734904,0.9964723080494305,-0.0044365543872118,-0.13376009464263916,0.040734004229307175,1649.0,1650.0,1650.0,1649.0
281344917,0.06225702881908486,-0.031102157169524292,0.04355338616408063,0.9966242123968615,-0.025106320157647133,-0.16160953044891357,0.03846384957432747,1649.0,1650.0,1650.0,1649.0
281444877,0.062065346500048996,-0.025461394812144395,0.04459266458633285,0.9967502718349968,0.10224881768226624,-0.03217172250151634,0.03447951376438141,1650.0,1649.0,1649.0,1650.0
281544837,0.06179362994279344,-0.019671106520543973,0.042983538651221675,0.9969689113867942,-0.0841028094291687,-0.14449135959148407,0.03579643368721008,1649.0,1650.0,1650.0,1649.0
281644797,0.06173832170976523,-0.017930566548049677,0.04386364630941563,0.9969668274060929,0.06960070133209229,0.02637355960905552,0.037399325519800186,1650.0,1649.0,1649.0,1650.0
281744757,0.061573305778575935,-0.014672910935097544,0.04227170381579297,0.9970990606538042,-0.07975763827562332,-0.10839658975601196,0.0393977016210556,1649.0,1650.0,1650.0,1649.0
281844717,0.06161240184695831,-0.015293637452852811,0.0436689127342966,0.9970271022658883,0.09956574440002441,0.11693058907985687,0.04404647275805473,1650.0,1649.0,1649.0,1650.0
281945510,0.06161309522326686,-0.015309252737456116,0.0440963469187496,0.997008006721135,0.06100913882255554,0.07374276220798492,0.03933508321642876,1650.0,1650.0,1650.0,1649.0
282045470,0.06170237220118429,-0.01755142937214766,0.0443623938077731,0.9969537314275849,-0.0576433390378952,0.008246439509093761,0.04146691784262657,1650.0,1650.0,1650.0,1650.0
282145430,0.0618835698900538,-0.021632413852133187,0.045319760295070684,0.9968192322459425,0.1192750632762909,0.15773151814937592,0.04109073430299759,1650.0,1649.0,1649.0,1650.0
282245390,0.062001576845695,-0.024705826221772073,0.045234336777055455,0.9967443410402123,-0.04160386696457863,0.12267807126045227,0.03567458316683769,1649.0,1650.0,1650.0,1650.0
282345350,0.06203572704682216,-0.02498979392881737,0.045777103309044734,0.9967103569150872,0.05980093032121658,-0.04758971557021141,0.020485350862145424,1650.0,1649.0,1650.0,1649.0
282445310,0.062005852215637994,-0.025285342742521144,0.04424283111846538,0.9967740454225464,-0.02487524040043354,0.03979146480560303,0.0408504381775856,1650.0,1650.0,1649.0,1650.0
282545270,0.06188639941668287,-0.02425889208924248,0.042325689234730055,0.9968902225183305,-0.048429735004901886,0.06681700050830841,0.07634910196065903,1649.0,1650.0,1650.0,1650.0
282645230,0.06186161719729402,-0.02397561593406385,0.042872579543596995,0.9968752439907391,0.05768778920173645,-0.02153167687356472,0.053770873695611954,1650.0,1649.0,1650.0,1650.0
282745190,0.06185535507164188,-0.023468438429704305,0.04329166204960673,0.9968695899883872,0.08713505417108536,0.07399333268404007,0.018207883462309837,1650.0,1649.0,1649.0,1650.0
282845150,0.0618741896097918,-0.023541940765438786,0.04352829370564854,0.9968563835037638,0.0896822065114975,0.004186252132058144,0.021550139412283897,1650.0,1650.0,1650.0,1650.0
282945110,0.06193045836197493,-0.023333628780215034,0.04639701111448646,0.9967283870015267,0.06489399820566177,-0.05435928329825401,0.05829843506217003,1650.0,1650.0,1650.0,1649.0
283045070,0.06193409314828649,-0.023798084258640773,0.04725173501393026,0.9966770253345321,0.0701819509267807,0.10284663736820221,0.07205381244421005,1650.0,1649.0,1649.0,1650.0
283145030,0.06179481396827297,-0.022476095402455838,0.044933820538632964,0.996823544000586,-0.022166911512613297,-0.04104650020599365,0.04844890534877777,1649.0,1650.0,1650.0,1650.0
283244990,0.06172888963850679,-0.020629037736547635,0.044860433553970305,0.9968708685117702,-0.04628453403711319,0.01620626449584961,0.0033513414673507214,1650.0,1650.0,1650.0,1650.0
283344950,0.06194756470357857,-0.023967316117525044,0.04689896300383925,0.9966887950883081,0.093257836997509,0.07498113065958023,0.0016721555730327964,1650.0,1650.0,1650.0,1649.0
283444910,0.062317405917921787,-0.029839155998969774,0.05067039075246858,0.9963225768745393,0.0039968341588974,0.09495893120765686,0.042607422918081284,1650.0,1650.0,1649.0,1650.0
283544870,0.06250087418573631,-0.03476883489713762,0.050477507376366075,0.9961610261875252,0.007529229391366243,0.14054350554943085,0.07800889015197754,1650.0,1649.0,1650.0,1650.0
283644830,0.06251637661533749,-0.037959023969391215,0.047999215654903525,0.9961660958146963,-0.13179506361484528,0.04838848486542702,0.03653239831328392,1649.0,1650.0,1650.0,1650.0
283744790,0.06248637627900952,-0.03953963767528282,0.04541376401861169,0.9962277148672825,0.023225603625178337,0.04408510774374008,9.086018690140918e-05,1650.0,1649.0,1650.0,1650.0
283844750,0.06233915014226682,-0.03955058149993627,0.04106447056884541,0.9964252561629785,-0.10833482444286346,-0.059968963265419006,-0.008885595016181469,1650.0,1650.0,1650.0,1649.0
283944710,0.062324256025174204,-0.040587894883104714,0.03967132451014873,0.9964409144106223,-1.8169368559028953e-05,0.004946990869939327,0.03702901303768158,1650.0,1650.0,1650.0,1650.0
284045503,0.062282974542695574,-0.04060551904457925,0.03926008838225613,0.9964590650726459,0.0037733057979494333,-0.00963499490171671,0.06672654300928116,1650.0,1650.0,1650.0,1650.0
284145463,0.062217391023017765,-0.04007743171054949,0.038743202618770914,0.9965047716757889,0.0036550848744809628,0.006014795042574406,0.05989129841327667,1650.0,1649.0,1650.0,1650.0
284245423,0.06199913135577881,-0.04012905783362268,0.0336344552350917,0.9967018058825585,-0.05948036536574364,0.00784984789788723,0.019172513857483864,1650.0,1650.0,1650.0,1650.0
284345383,0.06181180557638332,-0.04007025533230324,0.028864499290951105,0.9968653449737703,-0.05856083706021309,0.012482703663408756,0.017154045403003693,1650.0,1650.0,1650.0,1650.0
284445343,0.06170064862201325,-0.0400537203756524,0.02593912947256085,0.9969533043256829,-0.041711948812007904,0.012986402958631516,0.020277056843042374,1650.0,1650.0,1650.0,1650.0
284545303,0.06160650630819205,-0.03993332060276562,0.02347494279454242,0.9970250224276864,-0.032548144459724426,0.014638468623161316,0.02159244194626808,1650.0,1650.0,1650.0,1650.0
284645263,0.06153316637022117,-0.03986731363341115,0.021611318320504638,0.9970743290550408,-0.025251755490899086,0.013619222678244114,0.023131288588047028,1650.0,1650.0,1650.0,1650.0
284745223,0.06146605513000543,-0.03951864953377339,0.01994097904682853,0.9971271522531295,-0.017383016645908356,0.011114264838397503,0.025227289646863937,1650.0,1650.0,1650.0,1650.0
284845183,0.06146318569112324,-0.03928671374119128,0.019873135307771364,0.9971378487557051,0.09208647161722183,0.014270652085542679,0.03290368616580963,1650.0,1650.0,1650.0,1650.0
284945143,0.06175825919305012,-0.03855817718077267,0.02782147075377118,0.9969579480394534,0.20042456686496735,0.01617291383445263,0.05698235705494881,1650.0,1651.0,1650.0,1650.0
285045103,0.062012536946983055,-0.03975926799890409,0.03436228537536172,0.996690964749542,0.026820644736289978,0.15333640575408936,0.08787526190280914,1650.0,1651.0,1650.0,1650.0
285145063,0.062481140031161876,-0.048336154160115045,0.04022569522789795,0.9960630586387833,0.14816217124462128,0.2576977014541626,0.08407112956047058,1651.0,1650.0,1650.0,1651.0
285245023,0.06270841142869783,-0.0558035686881735,0.04068426744049744,0.995639697501352,0.009327823296189308,0.14194411039352417,0.04441990703344345,1650.0,1650.0,1651.0,1650.0
285344983,0.06286367561042129,-0.059348128175267766,0.04135403504226917,0.9953973084937304,-0.0170302614569664,-0.003556500654667616,0.024547765031456947,1650.0,1650.0,1651.0,1650.0
285444943,0.06304542538549689,-0.06188035490354634,0.04291188707638596,0.9951656474992073,0.08562956750392914,-0.037361837923526764,0.029867762699723244,1651.0,1650.0,1650.0,1650.0
285544903,0.0631068215698045,-0.06438467636089025,0.04283945810283699,0.9950059916154854,0.0025399497244507074,0.05595688149333,0.0626305490732193,1650.0,1651.0,1650.0,1650.0
285644863,0.06307128404854274,-0.06416879434348755,0.04297201950782337,0.9950164744869255,-0.010049582459032536,-0.004029931500554085,0.07106635719537735,1650.0,1650.0,1650.0,1651.0
285744823,0.0627730536265491,-0.06129927291036355,0.03990613877028039,0.9953438817652451,-0.036838117986917496,0.00716834980994463,0.0319959782063961,1650.0,1650.0,1650.0,1650.0
285844783,0.06258560750966426,-0.05713141443474557,0.03847030405655056,0.9956601221918693,0.03977857902646065,-0.1783142387866974,0.0068284813314676285,1650.0,1650.0,1651.0,1650.0
285944743,0.0625132208267114,-0.05320565562448048,0.03883626525310965,0.9958679631018513,0.02487984299659729,-0.08182504773139954,0.015183789655566216,1651.0,1650.0,1650.0,1650.0
286044703,0.062463542597453146,-0.0499304780664713,0.03968880739315642,0.9960070540784031,0.10478584468364716,0.027413323521614075,0.03278602659702301,1651.0,1650.0,1650.0,1651.0
286145496,0.06235075452987278,-0.04769868193956639,0.03907765636499053,0.9961476576912699,-0.033952269703149796,-0.0016932465368881822,0.06057845056056976,1650.0,1651.0,1650.0,1650.0
286245456,0.062301463468989154,-0.04501539420343964,0.04063019856752955,0.9962134956417196,0.05991426855325699,-0.0483354851603508,0.08193697035312653,1651.0,1650.0,1651.0,1650.0
286345416,0.062178664891475055,-0.04211423092114183,0.04059321934927699,0.9963495349168865,0.07264409959316254,-0.0787457674741745,0.04840366542339325,1650.0,1650.0,1651.0,1650.0
286445376,0.06227260360015479,-0.04133629093919528,0.043130774796734175,0.9962696272383705,0.07590480893850327,0.08113499730825424,0.005772029981017113,1651.0,1650.0,1650.0,1651.0
286545336,0.06219512724222409,-0.03984043843635768,0.04214738970841838,0.9963774902883391,0.0027213366702198982,-0.0643845647573471,0.01612210087478161,1650.0,1651.0,1651.0,1650.0
286645296,0.062178924079595375,-0.040004370862037605,0.04146058436852619,0.996400748522429,-0.041011761873960495,0.06750334054231644,0.02615671418607235,1650.0,1650.0,1650.0,1651.0
286745256,0.06217835227884985,-0.040769254434545876,0.04077699010532156,0.9963979915067518,0.03526686504483223,0.08676902204751968,0.02838534489274025,1650.0,1650.0,1650.0,1650.0
286845216,0.06212377024492787,-0.04121429676833926,0.03933216736431919,0.9964411671156868,-0.1110987588763237,-0.08391045778989792,0.04380444064736366,1650.0,1651.0,1651.0,1650.0
286945176,0.0620898479163032,-0.040719167778183706,0.039166169708254414,0.9964701758264353,0.0189194492995739,0.024379944428801537,0.048856768757104874,1651.0,1650.0,1650.0,1651.0
287045136,0.06205100397016513,-0.039782916537265796,0.03924944665229105,0.9965071366505974,0.06265631318092346,0.008984086103737354,0.047029104083776474,1651.0,1650.0,1651.0,1650.0
287145096,0.06204776260748663,-0.04012708422019351,0.039212289434059536,0.9964950018061958,-0.054836876690387726,-0.0011696164729073644,0.04837094247341156,1650.0,1651.0,1650.0,1651.0
287245056,0.06207417053442969,-0.038932620421480185,0.041094476416594056,0.9964648977398177,0.02053317427635193,0.07023332267999649,0.044592395424842834,1651.0,1650.0,1650.0,1651.0
287345016,0.06198704879423629,-0.036942250746970745,0.04069714557748604,0.9965624005717725,0.10627659410238266,-0.09785379469394684,0.034753188490867615,1651.0,1650.0,1651.0,1650.0
287444976,0.0619578237725843,-0.0386465548944317,0.03867230769352891,0.9965802147774228,-0.08503708988428116,0.08541375398635864,0.03731288015842438,1650.0,1651.0,1650.0,1651.0
287544936,0.061968547252717616,-0.038329399476046314,0.03930221569818891,0.9965671538478511,-0.04287022724747658,0.019705401733517647,0.0392681285738945,1650.0,1651.0,1651.0,1650.0
287644896,0.06209432565203547,-0.039489779778195996,0.04154982025820084,0.9964228341680051,0.13139839470386505,-0.045489322394132614,0.03367627412080765,1651.0,1650.0,1651.0,1650.0
287744856,0.06216645101084777,-0.041944569280118076,0.041412142332827,0.9963237525744465,-0.03981977328658104,0.148659348487854,0.04199081286787987,1650.0,1651.0,1650.0,1651.0
287844816,0.06220620613097182,-0.041819392163184574,0.04261016813212933,0.9962760159361684,-0.08078183233737946,-0.07082974910736084,0.04504202678799629,1650.0,1651.0,1651.0,1650.0
287944776,0.06230822876912656,-0.043724165659666525,0.04349448535517561,0.996149643230729,0.08626293390989304,0.13131912052631378,0.040551070123910904,1651.0,1650.0,1650.0,1651.0
288044736,0.062315038349165464,-0.04540684857461344,0.04242525015840447,0.996120049114092,-0.11715716123580933,-0.028524108231067657,0.033234432339668274,1650.0,1651.0,1651.0,1650.0
288145529,0.06250984927633917,-0.05063618599497498,0.04277125106567299,0.9958409087266946,0.03833368793129921,0.20026090741157532,0.034750040620565414,1651.0,1650.0,1650.0,1651.0
288245489,0.06262166327526605,-0.05554970105853033,0.04199420924550025,0.9956049640247845,0.013421454466879368,0.04452618584036827,0.04047571122646332,1651.0,1651.0,1651.0,1650.0
288345449,0.06269146154056865,-0.06196115091034873,0.04008462357260807,0.9953008687732643,-0.09890419989824295,0.11618507653474808,0.045680928975343704,1650.0,1651.0,1651.0,1651.0
288445409,0.06280012671193477,-0.06818338278212308,0.03927368167544556,0.9949194682611288,-0.005686479154974222,0.18280160427093506,0.0449124276638031,1651.0,1650.0,1650.0,1651.0
288545369,0.06292862536724944,-0.07357311815096068,0.039151176841461174,0.9945321361056474,0.04641454666852951,0.14290951192378998,0.028684550896286964,1651.0,1651.0,1650.0,1651.0
288645329,0.06297555213042605,-0.07600488278277967,0.0388892051903641,0.9943565594628044,-0.04516182094812393,-0.031032763421535492,0.029373960569500923,1651.0,1651.0,1651.0,1650.0
288745289,0.06311526990762677,-0.07861426639579405,0.039972926790249136,0.9941018181994036,0.03612150624394417,0.07945174723863602,0.06415166705846786,1651.0,1651.0,1650.0,1651.0
288845249,0.06330019465515378,-0.08003053479794654,0.04210856495349628,0.9938888607958798,0.07358039915561676,0.08284083753824234,0.05827970802783966,1651.0,1650.0,1651.0,1651.0
288945209,0.06353753119288584,-0.07761906834892393,0.04593655694598917,0.99389541456559,0.1905488669872284,0.015503354370594025,0.023079514503479004,1651.0,1650.0,1651.0,1651.0
289045169,0.06368354245063285,-0.07633755249800371,0.04802015339635192,0.9938868393169032,-0.009197782725095749,-0.03849190101027489,0.007006412837654352,1650.0,1651.0,1651.0,1650.0
289145129,0.06389626386536797,-0.07464412872434917,0.0513751451977877,0.993834048504546,0.09132704138755798,-0.052297193557024,0.03766671568155289,1651.0,1651.0,1651.0,1651.0
289245089,0.06403904092434975,-0.07234761639032408,0.05475014780940769,0.9938144922242662,0.07715362310409546,-0.030487574636936188,0.07610920816659927,1651.0,1651.0,1651.0,1651.0
289345049,0.06398912879167755,-0.06868572968791802,0.05680416563942595,0.9939622471199443,0.10176391899585724,-0.09014767408370972,0.08898525685071945,1651.0,1650.0,1651.0,1651.0
289445009,0.06374852523157078,-0.0657009745802349,0.055548976442421405,0.9942503802796389,0.043643467128276825,-0.03411130979657173,0.04165726900100708,1651.0,1650.0,1651.0,1651.0
289544969,0.06349295417163485,-0.06359869391202987,0.05288259364015926,0.9945487832143441,-0.08264005184173584,-0.0350591316819191,0.014332630671560764,1650.0,1651.0,1651.0,1650.0
289644929,0.06348113060090306,-0.06156328682753978,0.05395158492452672,0.9946201959827444,0.028339548036456108,-0.1311347484588623,0.049165498465299606,1651.0,1651.0,1651.0,1650.0
289744889,0.06339758516314237,-0.059787033005214436,0.05427211928442279,0.9947164389655441,0.02317853830754757,0.003660007379949093,0.07745855301618576,1651.0,1651.0,1651.0,1651.0
289844849,0.06310758888793097,-0.05671770016718687,0.05235319515510891,0.9950174258120046,-0.13185527920722961,-0.05869533494114876,0.07527166604995728,1650.0,1651.0,1651.0,1651.0
289944809,0.06287119759688937,-0.053714546742480274,0.05057344946273882,0.9952910560185009,0.07118449360132217,-0.04064371809363365,0.02665327675640583,1651.0,1650.0,1651.0,1651.0
290044769,0.06269430017648907,-0.05128018441766404,0.04878104080332288,0.9955200537757215,0.0523671917617321,-0.030967943370342255,0.006602657958865166,1651.0,1651.0,1651.0,1651.0
290144729,0.06277703972821824,-0.05122462393238597,0.04999131287045861,0.9954576584784686,0.03838261961936951,0.07027933746576309,0.023254605010151863,1651.0,1651.0,1650.0,1651.0
290245522,0.06283129636704592,-0.05124066396562742,0.05114692374143184,0.9953947029922283,0.03243373706936836,-0.08636072278022766,0.056297365576028824,1651.0,1651.0,1651.0,1650.0
290345482,0.06285455014314509,-0.05166110136263052,0.05180117913787063,0.9953376683177569,0.027004139497876167,0.05729306489229202,0.07348689436912537,1651.0,1651.0,1651.0,1651.0
290445442,0.06278626379407831,-0.051540483973168266,0.05113420051865299,0.995382718921677,0.02681337296962738,-0.050952326506376266,0.0552920326590538,1651.0,1650.0,1651.0,1651.0
290545402,0.0626232339934539,-0.048836401991815166,0.05032248771195829,0.9955706823903439,0.03747817873954773,-0.034196313470602036,0.04267841950058937,1651.0,1651.0,1651.0,1651.0
290645362,0.06249695882976738,-0.04512946155657564,0.05107236986235289,0.9957153583596504,0.029114000499248505,-0.06929674744606018,0.043981172144412994,1651.0,1651.0,1651.0,1651.0
290745322,0.06234857875243766,-0.04127931233305824,0.05158705423227043,0.9958651760838401,0.03023156337440014,-0.05815274640917778,0.03788904473185539,1651.0,1651.0,1651.0,1651.0
290845282,0.06213287167800315,-0.03623258788272412,0.05199659548532924,0.9960537434748692,0.026268426328897476,-0.13903070986270905,0.045361846685409546,1651.0,1651.0,1651.0,1651.0
290945242,0.06182022989112237,-0.029508086947248723,0.05204391405483935,0.9962926091218257,0.025435009971261024,-0.1091468557715416,0.04250641167163849,1651.0,1651.0,1651.0,1651.0
291045202,0.06143864606268242,-0.021442813038449336,0.05207296159225274,0.9965209005384655,0.02529853954911232,-0.17719607055187225,0.03352237865328789,1651.0,1651.0,1651.0,1652.0
291145162,0.060769080144212645,-0.008243518730657465,0.04999730070687833,0.9968648018760566,-0.11011561006307602,-0.25505563616752625,0.0347411148250103,1651.0,1651.0,1651.0,1651.0
291245122,0.06033166346028611,0.00073481866875049,0.04332598403280088,0.997237388756172,-0.09140458703041077,-0.04131415858864784,0.0004987104912288487,1651.0,1651.0,1651.0,1652.0
291345082,0.060194298094224837,0.004866005237087233,0.038480122841748274,0.9974328291248791,0.0013894631993025541,-0.0456722192466259,0.006620067171752453,1651.0,1651.0,1652.0,1651.0
291445042,0.060237768242394796,0.004335800872029432,0.03576496397755659,0.9975336984080577,-0.11746405065059662,-0.024927575141191483,0.019365692511200905,1651.0,1652.0,1652.0,1651.0
291545002,0.06034448411706796,0.001233083930114738,0.03665282539960803,0.9975036807605735,0.11383000761270523,0.17296001315116882,0.04810522124171257,1652.0,1651.0,1651.0,1652.0
291644962,0.06044754219621614,-0.0017763592997174801,0.038427975479962864,0.9974298120121468,0.05917934328317642,0.06258010864257812,0.04915982857346535,1651.0,1652.0,1652.0,1651.0
291744922,0.060617324340586316,-0.006078865834861675,0.04076324057994689,0.9973098543568951,-0.011284379288554192,0.02070990577340126,0.04753636568784714,1651.0,1652.0,1652.0,1651.0
291844882,0.06082599644313969,-0.010618823973070981,0.04382512486991832,0.9971292780599034,0.08487851917743683,0.1537845879793167,0.041583068668842316,1652.0,1651.0,1651.0,1652.0
291944842,0.06101417980248557,-0.014464237946969265,0.045822497216421454,0.9969796158560588,0.11275702714920044,0.1511223018169403,0.03924240916967392,1651.0,1651.0,1651.0,1651.0
292044802,0.061093229462942836,-0.01607565413652559,0.04680686244783215,0.9969043626575524,-0.07157541811466217,-0.0576460063457489,0.04348110035061836,1651.0,1652.0,1652.0,1651.0
292144762,0.0613180044507116,-0.02001973567073314,0.04932219106289299,0.9966978649433398,0.10737395286560059,0.1726265400648117,0.03735670447349548,1652.0,1651.0,1651.0,1652.0
292244722,0.06146687691222289,-0.023009945537713163,0.05000497119436566,0.9965901205133733,0.019930891692638397,0.11595278233289719,0.03890419378876686,1651.0,1652.0,1651.0,1651.0
292345515,0.06156377341113487,-0.02560557005191681,0.04948699427246603,0.996546684297116,-0.08271569758653641,-0.0026464047841727734,0.042200736701488495,1651.0,1652.0,1652.0,1651.0
292445475,0.06176585836658783,-0.029705129576063964,0.050272961856679184,0.9963810582920898,0.08190605044364929,0.16949425637722015,0.04186369478702545,1652.0,1651.0,1651.0,1652.0
292545435,0.061722530470660175,-0.030578892984052974,0.0479487615683757,0.996471864530167,0.029839787632226944,0.08204329758882523,0.03898372873663902,1652.0,1652.0,1651.0,1652.0
292645395,0.06162443588346006,-0.029773180185135226,0.04606623549294438,0.9965911341122885,-0.09877985715866089,-0.09627460688352585,0.036005325615406036,1651.0,1652.0,1652.0,1651.0
292745355,0.06164927981668778,-0.03025595395477906,0.0462660864632124,0.9965657995294384,0.05938158184289932,0.06937027722597122,0.038138773292303085,1652.0,1651.0,1651.0,1652.0
292845315,0.061673421347732585,-0.03135568767601968,0.0457703231777294,0.9965532035299647,0.03341152146458626,0.1148601621389389,0.036091409623622894,1652.0,1652.0,1651.0,1652.0
292945275,0.061871095892360055,-0.03467596875174503,0.047642182557743815,0.9963431974602632,0.006068355869501829,0.01993081159889698,0.04055575281381607,1652.0,1652.0,1652.0,1651.0
293045235,0.06214888808153219,-0.04063829487712006,0.04867461368787272,0.9960506145181809,0.003444656264036894,0.12072627991437912,0.04658498242497444,1652.0,1652.0,1651.0,1652.0
293145195,0.062150479256667446,-0.042022410234811715,0.04758500229922501,0.996045733148035,-0.08109136670827866,0.08505241572856903,0.04099224507808685,1651.0,1652.0,1652.0,1652.0
293245155,0.06208262010889236,-0.04083821469987381,0.047155058159271006,0.9961196659992904,-0.08271694928407669,-0.07679850608110428,0.03190610557794571,1651.0,1652.0,1652.0,1651.0
293345115,0.062059755054638,-0.04038018150012932,0.04703231302272522,0.9961455663086131,-0.0342339463531971,0.03434893861413002,0.037391096353530884,1652.0,1652.0,1651.0,1652.0
293445075,0.06205048533921612,-0.0406721382394483,0.04688305832245578,0.9961413018656199,0.009305091574788094,0.10141469538211823,0.06180538982152939,1652.0,1652.0,1652.0,1652.0
293545035,0.061984714435048056,-0.040567507514594404,0.04637642022806322,0.9961733785628328,-0.006449019070714712,-0.0036548981443047523,0.08496816456317902,1651.0,1652.0,1652.0,1652.0
293644995,0.06186961108228615,-0.038755767837887006,0.045683888577796455,0.9962846601289382,-0.05756912752985954,-0.01896744780242443,0.03580823913216591,1651.0,1652.0,1652.0,1652.0
293744955,0.06187608396882896,-0.03722015558670356,0.0467176171021296,0.996294873269497,0.07222900539636612,-0.009768210351467133,-0.006748079787939787,1652.0,1651.0,1652.0,1652.0
293844915,0.0619663482574237,-0.03812953318380929,0.04716235313475009,0.9962339197345258,0.007629427593201399,0.14816877245903015,0.005028046201914549,1652.0,1652.0,1651.0,1652.0
293944875,0.06206044786539321,-0.04053852210176629,0.04704499009523815,0.9961384933549603,0.008577996864914894,0.0386824794113636,0.046616531908512115,1652.0,1652.0,1652.0,1651.0
294044835,0.06212023171259671,-0.04261284514353751,0.0470463255557452,0.9960481240845992,0.011509348638355732,0.068262480199337,0.05923287943005562,1652.0,1652.0,1652.0,1652.0
294144795,0.06218532383655868,-0.044776628321010536,0.047082503899638965,0.9959474267661346,0.012135724537074566,0.05703234300017357,0.060360100120306015,1652.0,1652.0,1652.0,1652.0
294244755,0.06216972105677384,-0.046717354098825395,0.045541435119233024,0.9959309174320319,-0.09899407625198364,0.05066703259944916,0.03782985359430313,1651.0,1652.0,1652.0,1652.0
294344715,0.06218433870790358,-0.04812799462015059,0.04465858204443286,0.9959028141355382,0.022688472643494606,0.04610881581902504,0.022200435400009155,1652.0,1652.0,1652.0,1652.0
294445508,0.062254585651573546,-0.04918184928269145,0.045134680807370015,0.99582547308999,0.017645232379436493,0.036586254835128784,0.027236470952630043,1652.0,1652.0,1651.0,1652.0
294545468,0.06221397376155496,-0.0477858780452518,0.045381354267354755,0.9958847644246306,0.02103065885603428,-0.006348914001137018,0.04073471203446388,1652.0,1652.0,1652.0,1652.0
294645428,0.06217541176388068,-0.04665529533648988,0.04555009570308533,0.9959330752467742,0.016213400289416313,-0.0007684762822464108,0.042586494237184525,1652.0,1652.0,1652.0,1652.0
294745388,0.06214673253690857,-0.04575407937785557,0.04573162192534401,0.9959683562299297,0.019715607166290283,-0.00021499086869880557,0.04064243659377098,1652.0,1652.0,1652.0,1652.0
294845348,0.062124478081983465,-0.045075435080971865,0.0459017905339313,0.995992861420744,0.015357359312474728,0.004222177434712648,0.03947298228740692,1652.0,1652.0,1652.0,1652.0
294945308,0.062094373969276015,-0.04434355460871052,0.04591447212764829,0.9960270072318659,0.01579478569328785,0.0026884530670940876,0.03785684332251549,1652.0,1652.0,1652.0,1652.0
295045268,0.06207738332270098,-0.043837948016032274,0.046033677362727295,0.9960449454427318,0.01574097014963627,0.009087832644581795,0.040229011327028275,1652.0,1652.0,1652.0,1652.0
295145228,0.06204264997160103,-0.0447747739114593,0.04458867096042848,0.9960711719689823,-0.12006675451993942,0.12308315187692642,0.03872392699122429,1652.0,1652.0,1652.0,1652.0
295245188,0.06198739232842388,-0.05022501827611235,0.03994222466603386,0.996011862088105,-0.05356211215257645,0.07842070609331131,0.04164674133062363,1653.0,1652.0,1652.0,1653.0
295345148,0.061790300013969804,-0.05182122577015084,0.03553081616772917,0.9961094721396427,-0.0791371688246727,-0.0412619449198246,0.04609004780650139,1652.0,1653.0,1653.0,1652.0
295445108,0.06179053981301002,-0.054035297277136386,0.03470285954664121,0.9960209974579223,-0.07676537334918976,-0.0016382047906517982,0.04542160779237747,1652.0,1652.0,1652.0,1652.0
295545068,0.06186699951573515,-0.055994726221081946,0.03536957396225997,0.9958845607017283,0.028804853558540344,0.09441332519054413,0.046386413276195526,1653.0,1652.0,1652.0,1653.0
295645028,0.061728235333474,-0.05472140059302137,0.03356770389539387,0.9960263061460498,0.019377805292606354,0.0029636616818606853,0.03435799852013588,1652.0,1652.0,1653.0,1652.0
295744988,0.06163705743026424,-0.054158876536167765,0.032109766501881,0.9961107629871656,-0.09762980043888092,-0.05698050186038017,0.030392980203032494,1652.0,1653.0,1652.0,1652.0
295844948,0.061645326954855834,-0.052471066706153736,0.033023628340936674,0.9961707086611948,0.04751674458384514,0.05569208040833473,0.03736468032002449,1653.0,1652.0,1652.0,1653.0
295944908,0.06155080001988213,-0.049329738784965806,0.03271985791651309,0.9963470714496243,0.08322852104902267,-0.0566415935754776,0.04139970988035202,1653.0,1652.0,1653.0,1652.0
296044868,0.06142083806601868,-0.046656779065927315,0.03146876620519328,0.996524130351084,-0.13419735431671143,-0.15143124759197235,0.03904255852103233,1652.0,1653.0,1653.0,1652.0
296144828,0.06142150352600322,-0.04525319888345367,0.03228818071599061,0.9965626022892247,0.10680896788835526,0.09287901222705841,0.04372022673487663,1653.0,1652.0,1652.0,1653.0
296244788,0.06131020348936861,-0.04315785380282474,0.03107368907946719,0.9967010005263458,-0.013684550300240517,-0.028768088668584824,0.04282308369874954,1652.0,1653.0,1653.0,1652.0
296344748,0.06135550425387036,-0.04316920315336475,0.03222475540190165,0.9966611696740997,0.03415222465991974,0.015325689688324928,0.04200694337487221,1653.0,1652.0,1652.0,1653.0
296444708,0.06142283974645968,-0.04275519434724079,0.03402543494053149,0.9966150199003214,0.13007356226444244,0.04999274015426636,0.03335016965866089,1653.0,1652.0,1652.0,1653.0
296545501,0.06144022512626268,-0.040287806825658606,0.03605998193974662,0.9966452072127362,-0.03898018226027489,-0.10751098394393921,0.04448844864964485,1652.0,1653.0,1653.0,1652.0
296645461,0.06146886900244065,-0.03980288604968672,0.03726306134940835,0.9966186696347539,-0.011766761541366577,0.08582804352045059,0.042293183505535126,1653.0,1652.0,1652.0,1653.0
296745421,0.06141935878544239,-0.0376521580456145,0.03775179047657096,0.9966869015276093,0.08485057950019836,0.027766238898038864,0.03825347125530243,1653.0,1652.0,1653.0,1653.0
296845381,0.06136284490075444,-0.03654218735731147,0.037342241256601426,0.9967471228083695,-0.0828050747513771,-0.06021154299378395,0.03902284428477287,1652.0,1653.0,1653.0,1652.0
296945341,0.061454458824115314,-0.03736865182455426,0.03904818643438897,0.9966454597737531,-0.0065123713575303555,0.07409234344959259,0.030383801087737083,1653.0,1653.0,1652.0,1653.0
297045301,0.06142809230773027,-0.03660224617655043,0.03889028900486944,0.9966816996771747,0.05538565292954445,-0.028351180255413055,0.0305324774235487,1653.0,1653.0,1653.0,1652.0
297145261,0.0613861585236298,-0.03633744819781771,0.038365275321857156,0.9967143196772388,0.016480498015880585,0.022785697132349014,0.06428772211074829,1653.0,1653.0,1652.0,1653.0
297245221,0.06134720958419583,-0.03611542870507551,0.03819270191281202,0.996731414778465,0.043185096234083176,0.060650236904621124,0.05750568211078644,1653.0,1652.0,1653.0,1653.0
297345181,0.06135849401329519,-0.03702193762109006,0.03789627752411982,0.9967087756697116,-0.023971468210220337,0.065350741147995,0.027912020683288574,1652.0,1653.0,1653.0,1653.0
297445141,0.06149655793277341,-0.03909593174606358,0.03920499153109088,0.9965704441344703,0.00470466585829854,0.054943133145570755,-0.0005034595960751176,1653.0,1653.0,1653.0,1653.0
297545101,0.06147064013170694,-0.03992933910499881,0.03718990737818356,0.9966162346006804,-0.07951594889163971,0.0809285044670105,0.007468704599887133,1653.0,1653.0,1652.0,1653.0
297645061,0.061253574925047176,-0.03803287646882708,0.033211328071743575,0.9968442744752661,-0.057406481355428696,0.0024619095493108034,0.04852032661437988,1653.0,1653.0,1653.0,1653.0
297745021,0.06123486122445396,-0.03891709848671759,0.03269905809303558,0.9968282313498276,0.14568163454532623,0.06840933114290237,0.05817737430334091,1653.0,1653.0,1653.0,1653.0
297844981,0.06148566903088777,-0.04050427037978673,0.03815554555738362,0.9965556035305023,0.07125260680913925,0.049564093351364136,0.05582329258322716,1653.0,1653.0,1653.0,1653.0
297944941,0.061702018152199924,-0.041652551621159314,0.04228730717496241,0.9963281134000399,0.06789887696504593,0.043705444782972336,0.02468927763402462,1653.0,1653.0,1653.0,1653.0
298044901,0.06184177870622579,-0.04275503733257983,0.044367012096506515,0.9961822972863794,0.04743005707859993,0.0365629605948925,0.024924959987401962,1653.0,1653.0,1653.0,1653.0
298144861,0.06195369874321976,-0.04362736701817068,0.04597165030493637,0.9960647566435311,0.04232945293188095,0.033606741577386856,0.028103305026888847,1653.0,1653.0,1653.0,1653.0
298244821,0.06205414300956386,-0.0444245205231566,0.04738023666891515,0.9959572573583837,0.038233768194913864,0.032617565244436264,0.02905913069844246,1653.0,1653.0,1653.0,1653.0
298344781,0.061991411437550825,-0.0417481272274215,0.048289726699085024,0.9960332630370891,0.034770864993333817,-0.056810762733221054,0.03415463864803314,1653.0,1653.0,1653.0,1653.0
298444741,0.06188357972683875,-0.03832186193170338,0.04905954588047407,0.9961400596383428,0.0305388942360878,-0.045761797577142715,0.035873834043741226,1653.0,1653.0,1653.0,1653.0
298544701,0.061781736486516435,-0.03536518835127904,0.04963481054580556,0.9962272361623483,0.02470649965107441,-0.032805610448122025,0.0373440720140934,1653.0,1653.0,1653.0,1653.0
298645494,0.061694197028391316,-0.03281815613977899,0.050220503630225045,0.9962904675323024,0.023814227432012558,-0.027344433590769768,0.033435922116041183,1653.0,1653.0,1653.0,1653.0
298745454,0.06161536140529671,-0.03074674021682075,0.05058192615141783,0.9963431406657781,0.02363448031246662,-0.018556863069534302,0.03404255583882332,1653.0,1653.0,1653.0,1653.0
298845414,0.06165055430480001,-0.03227423285541401,0.049640828675046864,0.9963399877431198,-0.11159154772758484,0.07612648606300354,0.03446369245648384,1653.0,1653.0,1653.0,1653.0
298945374,0.06188534726165733,-0.043603081633491414,0.04420013026017867,0.9961502514938951,-0.10182327777147293,0.33792737126350403,0.025040699169039726,1653.0,1653.0,1653.0,1653.0
299045334,0.06200761452649141,-0.05795191101324109,0.037997865970293164,0.9956670095631125,-0.14882007241249084,0.2727533280849457,0.054067812860012054,1654.0,1653.0,1653.0,1653.0
299145294,0.06190932928825418,-0.07026100213679738,0.03255418292009739,0.995073289612487,-0.00041802891064435244,0.27736082673072815,0.07998531311750412,1654.0,1653.0,1653.0,1653.0
299245254,0.06181170460747461,-0.08353549908563657,0.029093355714810178,0.9941603040854545,-0.11943762749433517,0.2692378759384155,0.10011471807956696,1653.0,1654.0,1654.0,1653.0
299345214,0.06200222326986294,-0.09394954261236509,0.03008588209223178,0.9931888276915191,0.072605200111866,0.11468695104122162,0.06454198807477951,1653.0,1653.0,1654.0,1653.0
299445174,0.06237230779477477,-0.10012267616222875,0.03297363818765999,0.9924705961000239,0.058223892003297806,0.1238986924290657,0.020396197214722633,1653.0,1653.0,1653.0,1654.0
299545134,0.0625002254451837,-0.09977767751590597,0.034023293950218046,0.9924618644349062,0.006263790186494589,0.0422561913728714,0.0083293616771698,1654.0,1653.0,1653.0,1653.0
299645094,0.06242215547972465,-0.09509815722210653,0.03384671043223561,0.9929321302038427,0.09486022591590881,-0.19625096023082733,0.021174466237425804,1654.0,1653.0,1654.0,1653.0
299745054,0.062312288173135694,-0.09019125328897641,0.033532951983221045,0.9934073976491633,0.06356875598430634,-0.10151557624340057,0.0376601405441761,1663.0,1663.0,1663.0,1663.0
299845014,0.06230046414447231,-0.08311240963679961,0.03497647527962518,0.9939756665576688,0.034626495093107224,-0.16863827407360077,0.042776498943567276,1677.0,1677.0,1677.0,1677.0
299944974,0.06225069154249805,-0.0747561285634618,0.03670217628244584,0.9945799731046349,0.09207313507795334,-0.1151992455124855,0.04587783291935921,1685.0,1685.0,1684.0,1685.0
300044934,0.06213552835702181,-0.06698694297728125,0.037903014029514265,0.9950956170709581,0.021038822829723358,-0.160469651222229,0.048954710364341736,1689.0,1689.0,1689.0,1689.0
300144894,0.061965414548356655,-0.06031703016690636,0.03817396526917436,0.9955224214689103,-0.023882489651441574,-0.0875641405582428,0.04754944145679474,1693.0,1693.0,1693.0,1693.0
300244854,0.06174205766316232,-0.05376885100019923,0.03767656205825986,0.995930371888069,0.07521636039018631,-0.24013294279575348,0.05374695733189583,1696.0,1696.0,1696.0,1696.0
300344814,0.0616050838403643,-0.047490326700002715,0.0386190543967092,0.9962218885130223,0.13224981725215912,-0.15017496049404144,0.03790437430143356,1698.0,1698.0,1698.0,1698.0
300444774,0.061455097744296645,-0.04484919646452754,0.03722866119865815,0.9964064669215474,0.001793404808267951,-0.05447905510663986,0.04051448032259941,1700.0,1700.0,1700.0,1700.0
300544734,0.06134919668801144,-0.04237362775355752,0.03651712729785954,0.996547666271238,-0.02780512534081936,-0.0004764323530253023,0.04142410680651665,1701.0,1701.0,1701.0,1701.0
300645527,0.06129346187567479,-0.037965360667734066,0.03847329572682912,0.9966551803089071,0.07115013152360916,-0.09890477359294891,0.04223504662513733,1695.0,1695.0,1695.0,1695.0
300745487,0.06126008709480706,-0.03295629171734737,0.04204428683104294,0.9966912072002275,0.08530828356742859,-0.01763450726866722,0.038175832480192184,1687.0,1687.0,1687.0,1687.0
300845447,0.061216066830332136,-0.03028544473144893,0.04366355779540948,0.9967090240987536,0.017223147675395012,-0.033217743039131165,0.035333048552274704,1681.0,1681.0,1681.0,1681.0
300945407,0.06113453602226818,-0.02784782072803621,0.0440460154629255,0.9967682859661421,0.03140256553888321,-0.04868774861097336,0.03972476348280907,1675.0,1675.0,1675.0,1675.0
301045367,0.060977264955939116,-0.02324692792005549,0.04509740781431954,0.9968488236985595,-0.044216588139534,-0.040608715265989304,0.04202840477228165,1670.0,1671.0,1670.0,1671.0
301145327,0.06084447110265035,-0.01902201659887744,0.0471238451098662,0.9968527757110436,-0.012542241252958775,0.02625103108584881,0.03778447210788727,1667.0,1667.0,1667.0,1667.0
301245287,0.06070509727183926,-0.015835140595425103,0.04733780331281658,0.9969068521507196,0.07853465527296066,-0.1689387708902359,0.0441126674413681,1664.0,1664.0,1664.0,1664.0
301345247,0.06063096483295767,-0.012993582788222838,0.0511529929482044,0.9967639761860333,-0.0029013361781835556,0.07162392139434814,0.04718765243887901,1662.0,1662.0,1662.0,1662.0
301445207,0.06051179317082895,-0.010914436904896874,0.05027306826565486,0.996840918382395,-0.00027504851459525526,-0.07009796053171158,0.043601710349321365,1661.0,1661.0,1661.0,1661.0
301545167,0.060581655859063256,-0.012641027532105442,0.04957187375717307,0.9968513914965006,0.0032688856590539217,0.06973651796579361,0.03929566219449043,1660.0,1660.0,1660.0,1660.0
301645127,0.060684928588037375,-0.014598946771140464,0.0503709371506427,0.9967782997668059,0.0759989470243454,0.03220623359084129,0.033998504281044006,1659.0,1659.0,1660.0,1659.0
301745087,0.06090829473801318,-0.01665068545441345,0.056543637327837966,0.9964014007335315,0.23140405118465424,0.12247240543365479,0.03382458910346031,1660.0,1659.0,1659.0,1660.0
301845047,0.061017464451512717,-0.01720683763816796,0.06038322699000612,0.9961599568687127,0.05113447457551956,-0.010392972268164158,0.03750060498714447,1660.0,1660.0,1660.0,1660.0
301945007,0.06098399186347034,-0.016114319676497322,0.06176233897778467,0.996095725782293,0.042636092752218246,-0.003895822213962674,0.0337202288210392,1660.0,1660.0,1660.0,1660.0
302044967,0.06122538671348482,-0.02009339516496328,0.062124740247220464,0.9959860561984513,-0.06169885769486427,0.13536342978477478,0.03423185274004936,1661.0,1661.0,1661.0,1661.0
302144927,0.06131164149429885,-0.02302218036057881,0.059043445361250085,0.9961047803261426,-0.04312324896454811,0.06633644551038742,0.03952907770872116,1661.0,1661.0,1661.0,1661.0
302244887,0.06136244901170296,-0.023324467548346512,0.06073487530514306,0.9959929186427688,0.04766364395618439,-0.04340246319770813,0.05194462463259697,1662.0,1662.0,1662.0,1662.0
302344847,0.06134690372021457,-0.022898662650835053,0.06141827373743293,0.9959618488194514,-0.006189378444105387,0.08902403712272644,0.04730140417814255,1663.0,1663.0,1663.0,1663.0
302444807,0.061295113289050254,-0.022796499793707205,0.06044628288597558,0.9960268448035459,-0.006441775243729353,-0.03536151349544525,0.05913202464580536,1663.0,1663.0,1663.0,1663.0
302544767,0.061334511699865056,-0.024248956438287766,0.059254386534123786,0.9960617367727053,-0.00975148193538189,0.0899626612663269,0.03672288358211517,1664.0,1664.0,1664.0,1664.0
302644727,0.061506068463789414,-0.026669533088927243,0.060834392373666925,0.9958940286252715,0.035118136554956436,0.04549471288919449,0.04212656244635582,1664.0,1663.0,1664.0,1664.0
302745520,0.061538813213194224,-0.03053567455228482,0.0553863760593586,0.9960988386676093,-0.057750195264816284,0.05076631158590317,0.031012725085020065,1655.0,1655.0,1655.0,1655.0
302845480,0.06153953626409469,-0.033116576628812115,0.05172017213771144,0.996213431761906,-0.09914812445640564,0.07420752197504044,0.031167885288596153,1640.0,1641.0,1640.0,1641.0
302945440,0.06146380830960895,-0.03399728904387769,0.04845900678601843,0.9963524021484865,-0.07844769209623337,0.05491170287132263,0.035701021552085876,1632.0,1633.0,1632.0,1632.0
303045400,0.061409883442759404,-0.03418574075543735,0.0467337058203213,0.9964316946408562,-0.0396805964410305,0.014313781633973122,0.033063583076000214,1627.0,1627.0,1627.0,1627.0
303145360,0.061373733903330306,-0.034207116591193,0.04573106794359207,0.996479707463237,-0.01746775396168232,0.010591167956590652,0.038186945021152496,1623.0,1623.0,1623.0,1623.0
303245320,0.06133474460086033,-0.033982177155089395,0.044934322068954174,0.9965260495545266,-0.04465853422880173,-0.011555265635251999,0.038185544312000275,1620.0,1620.0,1620.0,1620.0
303345280,0.061307705394697896,-0.03431668601261096,0.043772640752141455,0.9965679536498917,-0.08178748190402985,0.00954369455575943,0.03275623917579651,1618.0,1618.0,1618.0,1618.0
303445240,0.06125025092768809,-0.03654837771893475,0.04017944102828037,0.9966434845851672,-0.05484236031770706,-0.013705774210393429,0.039027243852615356,1616.0,1616.0,1617.0,1616.0
303545200,0.061194073703171925,-0.03374627634912538,0.041354575710236235,0.9966976839764431,0.08619193732738495,-0.03929746523499489,0.0438532680273056,1615.0,1615.0,1615.0,1615.0
303645160,0.061157475600716715,-0.03253292984792813,0.041775921428882715,0.9967227016790705,-0.008186408318579197,0.014326907694339752,0.042776498943567276,1623.0,1623.0,1623.0,1623.0
303745120,0.06114836631379805,-0.032252163298094105,0.04198289601645043,0.9967236887431836,-0.014848844148218632,0.014513137750327587,0.042875561863183975,1631.0,1631.0,1631.0,1631.0
303845080,0.06114393756580304,-0.03251813246988805,0.04177595504353288,0.9967240137268795,0.053381793200969696,0.01641838625073433,0.04425044357776642,1638.0,1638.0,1638.0,1638.0
303945040,0.06121067921135238,-0.03173306029345838,0.04475613661780078,0.9966158507017363,0.07494491338729858,0.019855892285704613,0.03809371218085289,1644.0,1644.0,1644.0,1644.0
304045000,0.061210030956644436,-0.031138488207346212,0.0455333088651835,0.9965994403200493,0.014487683773040771,-0.005426238290965557,0.04242691770195961,1649.0,1649.0,1649.0,1649.0
304144960,0.06116617611262388,-0.0302357752212318,0.04528959320781026,0.9966410334436375,-0.00637934310361743,-0.0009948062943294644,0.03543233871459961,1653.0,1653.0,1653.0,1653.0
304244920,0.06113922261535964,-0.028700238876557455,0.04642391853006827,0.996635897173452,-0.002034916076809168,-0.06429249793291092,0.034469202160835266,1656.0,1656.0,1656.0,1655.0
304344880,0.06112021894109283,-0.028681366100442904,0.045832470928101846,0.9966649801632592,-0.06206764653325081,-0.07705062627792358,0.038918402045965195,1657.0,1658.0,1658.0,1657.0
304444840,0.061152743903697064,-0.029454490838661467,0.04589971483243049,0.996637341795292,-0.028137603774666786,-0.07487080991268158,0.03493107855319977,1659.0,1659.0,1659.0,1659.0
304544800,0.061013363911668124,-0.02557768914842804,0.046381493333562965,0.9967306097026204,0.001815069350413978,-0.046868596225976944,0.03271380439400673,1659.0,1660.0,1660.0,1659.0
304644760,0.06090513764544983,-0.024677343236416516,0.04415212953106121,0.9968611650561242,-0.058987513184547424,0.022119060158729553,0.06003129109740257,1660.0,1660.0,1660.0,1659.0
304744720,0.06092897916346781,-0.027656612338037925,0.042121048838817225,0.9968693939211892,0.037786100059747696,-0.018472205847501755,0.07525201886892319,1660.0,1659.0,1660.0,1659.0
304845513,0.06096984907883511,-0.030425949643562124,0.040910827672092406,0.9968366181430014,0.06405945867300034,0.11321056634187698,0.046876437962055206,1659.0,1659.0,1659.0,1660.0
304945473,0.06120173081886926,-0.034719804480485165,0.04309433794149795,0.9965900668574795,0.04332490265369415,0.13291005790233612,0.03428901359438896,1659.0,1659.0,1659.0,1659.0
305045433,0.06122726247153176,-0.03639210916086702,0.042062510487695645,0.9965729185225426,-0.06343618035316467,-0.08897235989570618,0.03072572499513626,1658.0,1658.0,1659.0,1658.0
305145393,0.06106758801188687,-0.03704961332833446,0.0371931784158851,0.9967520972267656,-0.08089403808116913,0.01988406665623188,0.025847462937235832,1658.0,1658.0,1658.0,1658.0
305245353,0.060904122466245623,-0.034186948300199194,0.034740407829700955,0.9969528797773555,-0.02240402065217495,-0.1270558089017868,0.013204502873122692,1657.0,1657.0,1657.0,1657.0
305345313,0.06071318192098651,-0.028894670656165387,0.03288478484074784,0.9971948648457225,-0.01979512721300125,-0.05721810460090637,0.014523983001708984,1657.0,1657.0,1657.0,1656.0
305445273,0.060645215435076685,-0.027593471311841363,0.03161411214970089,0.9972769455365856,-0.016184933483600616,-0.054286472499370575,0.025204597041010857,1656.0,1656.0,1656.0,1656.0
305545233,0.060558476561942985,-0.025142713121363756,0.030453503435016918,0.9973831254948756,-0.00763537734746933,-0.03228370100259781,0.025681789964437485,1656.0,1656.0,1656.0,1656.0
305645193,0.06056899685580726,-0.026403499598095747,0.029785370169162488,0.997370083546093,0.0680287629365921,0.030067557469010353,0.04922905191779137,1656.0,1655.0,1655.0,1655.0
305745153,0.06051548861971909,-0.025994985217589833,0.02868395909578009,0.9974163458011132,0.04984050244092941,-0.040438972413539886,0.054750338196754456,1655.0,1655.0,1655.0,1655.0
305845113,0.06048120885121896,-0.023554394875064815,0.03016085958379157,0.9974354798216933,0.037936948239803314,-0.032657600939273834,0.04835905879735947,1655.0,1655.0,1655.0,1655.0
305945073,0.060440606452000126,-0.021484006975682424,0.03107878081922465,0.9974565052766833,0.0315718799829483,-0.025345776230096817,0.04210185632109642,1655.0,1655.0,1655.0,1655.0
306045033,0.0605096366058549,-0.023364305685985923,0.03213294926315674,0.9973766423319179,0.026715029031038284,0.1178932711482048,0.0435003936290741,1655.0,1655.0,1655.0,1655.0
306144993,0.06063838624597459,-0.03328688732096807,0.02831045197463465,0.9972028317022356,-0.14502067863941193,0.22543399035930634,0.037168487906455994,1654.0,1655.0,1655.0,1655.0
306244953,0.06069964220719091,-0.042190149772461445,0.02498991981678857,0.9969508757233962,0.0015358052914962173,0.22529861330986023,0.012251610867679119,1655.0,1654.0,1654.0,1655.0
306344913,0.0606293435064421,-0.046515893829272424,0.02181172932726109,0.9968373000600429,-0.0285186804831028,0.05691086873412132,0.041123807430267334,1655.0,1655.0,1655.0,1654.0
306444873,0.06060690582556053,-0.05167873323963646,0.020473711583690022,0.9966127325250195,-0.023587949573993683,0.13057754933834076,0.059870846569538116,1655.0,1655.0,1654.0,1655.0
306544833,0.06062908160665203,-0.054394783825745315,0.02075037837538609,0.9964611100054849,0.05292537063360214,0.08322491496801376,0.06100144237279892,1655.0,1655.0,1655.0,1655.0
306644793,0.06084717738812373,-0.05722619632994163,0.024046542622149145,0.9962151109300775,0.1558040827512741,0.07192572951316833,0.02700035087764263,1655.0,1655.0,1655.0,1655.0
306744753,0.06129923788786477,-0.059143608731047924,0.030940613817267225,0.9958850914624872,0.13690683245658875,0.05749154090881348,0.025391560047864914,1655.0,1655.0,1655.0,1655.0
306844713,0.06169181955599736,-0.060726805229511925,0.03658280831403277,0.9955742426671885,0.11251199245452881,0.04799456149339676,0.02450869232416153,1655.0,1655.0,1655.0,1655.0
306945506,0.06200831961450491,-0.06185484140394596,0.04095272986243041,0.995314935490417,0.0874469056725502,0.03844110295176506,0.02758263610303402,1655.0,1655.0,1655.0,1656.0
307045466,0.06167099943790334,-0.054572486247774915,0.038931646362706365,0.9958427880366236,-0.0983443632721901,-0.13514532148838043,0.05257072299718857,1655.0,1656.0,1655.0,1655.0
307145426,0.0613177570573435,-0.04682529974334822,0.03687007592997709,0.9963373532465397,0.004931422881782055,-0.18683269619941711,0.061000801622867584,1656.0,1655.0,1656.0,1655.0
307245386,0.06103756293017601,-0.04121531410909084,0.03451415225048009,0.9966867547473803,0.02037765458226204,-0.15743963420391083,0.04978882148861885,1655.0,1655.0,1655.0,1656.0
307345346,0.060892721654239985,-0.03705468479106297,0.03393789560098414,0.9968787519185827,0.04271842911839485,-0.0021678644698113203,0.0440463125705719,1656.0,1655.0,1656.0,1656.0
307445306,0.06081302850417335,-0.03454644323575044,0.03365527336142194,0.9969832703706104,-0.07565274834632874,-0.11607038974761963,0.0354328453540802,1655.0,1656.0,1656.0,1655.0
307545266,0.06086213972899758,-0.03487084862535673,0.03472118936831138,0.9969324264325067,0.014174109324812889,0.05635884776711464,0.03272467479109764,1656.0,1655.0,1655.0,1656.0
307645226,0.06077319144879775,-0.03308006431012759,0.033584178831947566,0.9970378285093046,-0.04164973273873329,-0.0692250058054924,0.035014376044273376,1656.0,1656.0,1656.0,1655.0
307745186,0.060717084507075386,-0.033002376723216695,0.03198770327566137,0.9970963171222367,-0.0792519748210907,-0.003933094907552004,0.03302617743611336,1655.0,1656.0,1656.0,1656.0
307845146,0.060720976266622186,-0.03296291901731363,0.03201840065437834,0.9970964000690316,0.006899718195199966,0.07839125394821167,0.0340641513466835,1656.0,1656.0,1656.0,1656.0
307945106,0.06075428939924922,-0.031927167233015676,0.034220949799201573,0.997054912683804,0.048029620200395584,-0.08154433965682983,0.06030883267521858,1656.0,1656.0,1656.0,1655.0
308045066,0.060770736445507255,-0.03241312524016963,0.03520731535031631,0.9970038875801133,0.06979425996541977,-0.014029821380972862,0.06903456896543503,1656.0,1655.0,1656.0,1656.0
308145026,0.06080724696882807,-0.035968155112022525,0.03361941936031174,0.9969345541086361,-0.10113819688558578,0.0748080164194107,0.026001207530498505,1655.0,1656.0,1656.0,1656.0
308244986,0.060909302298254545,-0.038591660908051606,0.03370342954941002,0.9968273769507465,-0.029631853103637695,0.04909414425492287,-0.014051659032702446,1656.0,1656.0,1656.0,1656.0
308344946,0.06098352850290891,-0.03708153008631654,0.03565299647615243,0.9968123360091729,0.09066472947597504,-0.09164860844612122,0.002944131614640355,1656.0,1656.0,1656.0,1655.0
308444906,0.06110618706485763,-0.036210054267042754,0.03939953955090806,0.996695812249429,0.07422515749931335,0.06615398079156876,0.042259737849235535,1656.0,1656.0,1655.0,1656.0
308544866,0.061124410887397625,-0.03424769380094639,0.04226669266678097,0.9966465916030602,0.05954238399863243,-0.01421781163662672,0.06496025621891022,1656.0,1656.0,1656.0,1656.0
308644826,0.060846720307387865,-0.03074806432082491,0.03820918750049999,0.9969414682712865,-0.1056518405675888,-0.05961679667234421,0.038053784519433975,1656.0,1656.0,1656.0,1656.0
308744786,0.060559429504928916,-0.028920292195201272,0.030362224162170277,0.9972834639866982,-0.18446220457553864,-0.0008508387254551053,0.012029976584017277,1656.0,1656.0,1656.0,1656.0
308844746,0.06031163431323074,-0.029609550353130967,0.021520063482768796,0.9975082296212148,-0.1587802916765213,0.05321888253092766,0.03834696114063263,1656.0,1656.0,1655.0,1656.0
308944706,0.0600793131800902,-0.03008393101621244,0.01420729194072946,0.9976390058924778,-0.13045300543308258,0.04146292805671692,0.05614204332232475,1656.0,1656.0,1656.0,1656.0
309045499,0.05990564120465711,-0.02953616746066417,0.009164153478336809,0.9977248855544398,-0.010022315196692944,-0.005992076825350523,0.049344565719366074,1656.0,1656.0,1656.0,1656.0
309145459,0.05993250026621491,-0.02870243170494394,0.010520368563257833,0.997734226971971,0.029504254460334778,-0.007231568917632103,0.042197078466415405,1656.0,1656.0,1656.0,1656.0
309245419,0.05995500699005798,-0.027994491391941427,0.011651714576202466,0.9977404187141882,0.023684747517108917,-0.002098602242767811,0.03904741629958153,1656.0,1656.0,1656.0,1656.0
309345379,0.059971094125281635,-0.027291273327302825,0.012517856759909208,0.997748444013685,0.020792774856090546,-0.00400096969678998,0.03657094016671181,1656.0,1656.0,1656.0,1656.0
309445339,0.059985712967725986,-0.02668510385789109,0.013253163985098423,0.9977544653451726,0.016155771911144257,-0.005425384268164635,0.031019795686006546,1656.0,1656.0,1656.0,1656.0
309545299,0.05999685043364401,-0.02614680678620541,0.013710417612976105,0.9977618688253252,0.013198352418839931,-0.0031447417568415403,0.02822486124932766,1656.0,1656.0,1656.0,1656.0
309645259,0.06000840343576632,-0.02564443589776002,0.014180486382094118,0.9977676424050558,0.014096522703766823,-0.0005432934849523008,0.027663078159093857,1656.0,1656.0,1656.0,1656.0
309745219,0.06015049862541721,-0.027577691051653485,0.018398380872640386,0.9976386560537029,0.13312451541423798,0.15945729613304138,0.02391805313527584,1656.0,1656.0,1656.0,1656.0
309845179,0.06043875652793739,-0.032967659158349455,0.024394026088147978,0.9973290438216398,0.11862290650606155,0.02347637340426445,0.017826445400714874,1657.0,1656.0,1657.0,1656.0
309945139,0.06057267799421399,-0.0374111564430738,0.02587383621612725,0.9971268227530851,0.06234113499522209,0.09415911138057709,0.053285956382751465,1656.0,1657.0,1656.0,1656.0
310045099,0.06051429294002067,-0.03661248712907226,0.025421060472040534,0.997171658151529,-0.11461859941482544,-0.08831299096345901,0.061054084450006485,1656.0,1657.0,1657.0,1656.0
310145059,0.06044546597450978,-0.03372858129964879,0.02546412263807027,0.9972764445753799,0.029867641627788544,-0.11222930997610092,0.04428587853908539,1657.0,1656.0,1656.0,1656.0
310245019,0.060270529631813556,-0.027791663141693755,0.023529512130441882,0.9975176433410202,-0.022950422018766403,-0.09914488345384598,0.03067024238407612,1656.0,1656.0,1656.0,1656.0
310344979,0.0601059169867101,-0.0214348969055723,0.021493198150842843,0.9977303575471095,-0.05611632391810417,-0.19206567108631134,0.03107515722513199,1656.0,1656.0,1657.0,1656.0
310444939,0.060012243461728156,-0.017688947666225814,0.019904125293025092,0.997842401164368,0.04270588979125023,-0.00991564616560936,0.025753507390618324,1657.0,1656.0,1656.0,1657.0
310544899,0.05993520718973302,-0.01496203926175032,0.017742488573218043,0.9979324187636571,-0.07352160662412643,0.05937085673213005,0.027882911264896393,1656.0,1657.0,1656.0,1657.0
310644859,0.059896770278566276,-0.012412424502575728,0.017437556755339777,0.9979750699504316,-0.11635573208332062,-0.10334167629480362,0.0291120782494545,1656.0,1657.0,1657.0,1656.0
310744819,0.059864897134566566,-0.010690772992540466,0.01703045875710764,0.9980039403421272,0.09523505717515945,0.0572112612426281,0.03808510676026344,1657.0,1656.0,1656.0,1657.0
310844779,0.05980341685287134,-0.007869049813262663,0.015326486631689883,0.9980614851777855,-0.12055924534797668,-0.14656616747379303,0.03607415035367012,1656.0,1657.0,1657.0,1656.0
310944739,0.059786411313304005,-0.006751344314144742,0.014990998135448016,0.9980757858735636,0.02340569719672203,-0.036296743899583817,0.027361776679754257,1657.0,1656.0,1656.0,1657.0
311044699,0.05977485189563682,-0.007099857600612816,0.012917873921834274,0.9981030445982245,-0.0737631544470787,0.14167475700378418,0.030408000573515892,1656.0,1657.0,1656.0,1657.0
311145492,0.05980052111531568,-0.00789391852749367,0.014527495493146065,0.9980734119288595,-0.011398624628782272,-0.04040955752134323,0.029818469658493996,1657.0,1657.0,1657.0,1656.0
311245452,0.05983966253654456,-0.009890437407454584,0.016041514828895053,0.9980300916492428,0.06432332843542099,0.09911166876554489,0.034052200615406036,1657.0,1657.0,1656.0,1657.0
311345412,0.05983371288506102,-0.009314591882210422,0.01636354496316329,0.9980307608369066,-0.04398249462246895,-0.07491116225719452,0.03395732492208481,1656.0,1657.0,1657.0,1656.0
311445372,0.05986167741698292,-0.010331069177773907,0.017400795138149273,0.9980015335233856,0.08612475544214249,0.028987053781747818,0.026228738948702812,1657.0,1656.0,1656.0,1657.0
311545332,0.059893039185381934,-0.012289957045745278,0.017586525528522814,0.997974195524507,-0.027869170531630516,0.059964895248413086,0.03742467239499092,1656.0,1657.0,1657.0,1656.0
311645292,0.05996877343544564,-0.01579889060090053,0.019059586941602563,0.9978932174406461,0.0023881648667156696,0.01570521853864193,0.03214138746261597,1657.0,1657.0,1657.0,1657.0
311745252,0.059999282767016056,-0.018646997703659372,0.018181041183044915,0.9978586198884007,-0.00976564921438694,0.08028168976306915,0.03019866533577442,1657.0,1657.0,1657.0,1657.0
311845212,0.060009957067135744,-0.019229558883349207,0.01883395275008368,0.9978348116505859,0.0030139009468257427,-0.10298721492290497,0.05050833895802498,1657.0,1657.0,1657.0,1656.0
311945172,0.059994980074321955,-0.019977090458792368,0.01831217698030671,0.9978307383504104,0.06807014346122742,-0.027567602694034576,0.045831434428691864,1657.0,1656.0,1657.0,1657.0
312045132,0.059972373887084665,-0.01885423827781535,0.0176469320405529,0.9978659318059051,-0.05887648090720177,-0.016970297321677208,0.010571944527328014,1656.0,1657.0,1657.0,1657.0
312145092,0.06000730287077247,-0.01780756570983174,0.018618242384543588,0.9978654093895508,0.04860372841358185,-0.02962961234152317,-0.009194287471473217,1657.0,1657.0,1657.0,1656.0
312245052,0.059999525168499816,-0.019387459273680525,0.016154995317223052,0.9978793511886929,-0.06204510107636452,0.053964175283908844,0.022204997017979622,1657.0,1657.0,1657.0,1657.0
312345012,0.0600533882489652,-0.023818442350449647,0.01602427091064695,0.9977822884304971,0.039748337119817734,0.1681884080171585,0.03856215253472328,1657.0,1657.0,1656.0,1657.0
312444972,0.060113570347039166,-0.02643336241943415,0.01788085499622765,0.997681267257203,0.0283484049141407,0.10280813276767731,0.05761110782623291,1657.0,1657.0,1657.0,1657.0
312544932,0.0601941178082469,-0.030434872381753127,0.019425083076375194,0.9975334845867928,0.026307111606001854,0.07969626784324646,0.05062597244977951,1657.0,1657.0,1657.0,1657.0
312644892,0.06023414212554616,-0.03181132946117437,0.020540798168215836,0.9974657703655423,0.01839577965438366,0.04619264602661133,0.051405761390924454,1657.0,1657.0,1657.0,1657.0
312744852,0.06025788799045337,-0.03262853959337958,0.021353291055044726,0.9974208752076787,0.015194022096693516,0.02066182717680931,0.04814605414867401,1657.0,1657.0,1657.0,1657.0
312844812,0.060278985489233536,-0.03321896874759192,0.022046176530972933,0.9973850360438041,0.011563509702682495,0.012538625858724117,0.043957989662885666,1657.0,1657.0,1657.0,1657.0
312944772,0.06016692685635423,-0.02710967571479712,0.022206584464616742,0.9975729918164968,0.010572758503258228,-0.17695355415344238,0.05148816481232643,1657.0,1657.0,1657.0,1657.0
313044732,0.060021264987473885,-0.019884951858231963,0.02226101954339412,0.9977507120758111,0.009453408420085907,-0.13362175226211548,0.04670890048146248,1657.0,1657.0,1657.0,1657.0
313145525,0.05985158980634843,-0.014138217528023203,0.018954069516717006,0.9979271723184706,-0.0798417329788208,-0.10859803110361099,0.03676862642168999,1657.0,1657.0,1657.0,1657.0
313245485,0.059717956510871764,-0.00960091668402192,0.014064708981017752,0.9980700236107041,-0.171774759888649,-0.08882369846105576,0.03058667853474617,1656.0,1657.0,1657.0,1657.0
313345445,0.05963720840683844,-0.005960612437241634,0.00774440418089964,0.9981722790564238,-0.1376991868019104,-0.07266747206449509,0.019372375681996346,1657.0,1657.0,1657.0,1657.0
313445405,0.059603833927469214,-0.00294719882276838,0.0015005077688776546,0.9982166325385895,-0.11677975207567215,-0.06275895237922668,0.020344998687505722,1657.0,1657.0,1657.0,1657.0
313545365,0.05960781050437799,-0.0004803370450955253,-0.003739494953563805,0.9982147536380584,-0.09589627385139465,-0.05198406055569649,0.018700135871767998,1657.0,1657.0,1657.0,1657.0
313645325,0.05963279716854745,0.0015936408364351298,-0.00799561473016046,0.9981870866505067,-0.08004316687583923,-0.042638733983039856,0.016749903559684753,1657.0,1657.0,1657.0,1657.0
313745285,0.05967070711479622,0.003253838056901493,-0.01154658029248984,0.998146029263188,-0.06648284196853638,-0.033089421689510345,0.01641836017370224,1657.0,1657.0,1657.0,1657.0
313845245,0.0596789360913019,0.0033716890587351077,-0.010625284240701863,0.9981553785031195,0.07832134515047073,0.04110879823565483,0.013166775926947594,1658.0,1657.0,1657.0,1658.0
313945205,0.059663145743997996,0.0016811953136023309,-0.008322560276393751,0.9981824570752051,0.03275337070226669,-0.02257290668785572,0.027604475617408752,1657.0,1658.0,1658.0,1657.0
314045165,0.059644129555901426,-0.00012004277102764496,-0.0054977542563831965,0.9982045572413444,0.003603618359193206,0.12255143374204636,0.034334439784288406,1657.0,1657.0,1657.0,1658.0
314145125,0.059637807756662095,-0.0007504455939448862,-0.004419644473300122,0.9982100157081774,0.10037250816822052,0.006659167353063822,0.03447633981704712,1658.0,1657.0,1657.0,1657.0
314245085,0.05962184855331295,-0.0030227421152151626,-0.00448892331695057,0.9982063653236466,-0.06317857652902603,-0.0036713331937789917,0.03745362162590027,1657.0,1658.0,1658.0,1657.0
314345045,0.059607872273297155,-0.006608983180435906,-0.0034767489366239533,0.9981939366281498,-0.01657785475254059,0.11593741178512573,0.022509487345814705,1657.0,1657.0,1657.0,1658.0
314445005,0.05960541212085909,-0.007747802084737147,-0.003565771560526177,0.998185579780602,-0.009270860813558102,0.0383688248693943,0.019818540662527084,1657.0,1657.0,1658.0,1657.0
314544965,0.05961698435835131,-0.01148905386967701,-0.0017326434318748073,0.9981537029756158,0.013259957544505596,0.018851641565561295,0.014365647919476032,1657.0,1657.0,1657.0,1657.0
314644925,0.05964067904726688,-0.013240763758112414,-3.4441604939767405e-05,0.9981320906531653,0.1008225753903389,0.09271308779716492,0.02429032512009144,1658.0,1657.0,1657.0,1658.0
314744885,0.05963317318030036,-0.01324403457890048,-0.00040351999672708723,0.9981324147507351,-0.01477233786135912,-0.06103547289967537,0.03311862424015999,1657.0,1658.0,1658.0,1657.0
314844845,0.05964281290432724,-0.014483607682820589,0.0011985241088927504,0.9981139832290249,0.003811672329902649,0.0793648213148117,0.03942795842885971,1657.0,1657.0,1657.0,1658.0
314944805,0.05965519770089633,-0.013575742816906123,0.002395842809885217,0.9981238482931197,0.04840592294931412,-0.06849055737257004,0.029898883774876595,1657.0,1657.0,1658.0,1657.0
315044765,0.05967330383056125,-0.015490970041885745,0.003656834660438243,0.9980910550733201,-0.008358976803719997,0.05878148600459099,0.027880510315299034,1657.0,1657.0,1657.0,1658.0
315144725,0.05970572670289243,-0.01558339465491581,0.005579020287234559,0.9980787837353038,0.11464536190032959,0.07573051750659943,0.026229098439216614,1658.0,1657.0,1657.0,1658.0
315245518,0.059691963448937055,-0.01480955865522673,0.004770712175002447,0.9980955799808912,-0.08945553004741669,-0.07144461572170258,0.027342233806848526,1657.0,1658.0,1658.0,1657.0
315345478,0.059709774887196136,-0.014674135347887208,0.005854283134646069,0.9980907473289649,0.025487544015049934,-0.07064907252788544,0.026468101888895035,1658.0,1657.0,1658.0,1657.0
315445438,0.05970887553863074,-0.01463912083400903,0.0058817521277852785,0.9980911538106261,-0.00041504070395603776,0.003962470218539238,0.029128914698958397,1657.0,1658.0,1657.0,1657.0
315545398,0.0596975559822015,-0.013543454709477803,0.005429346396717874,0.9981098631122672,-0.12778303027153015,-0.10771133005619049,0.028227169066667557,1657.0,1658.0,1658.0,1657.0
315645358,0.05971758696875523,-0.013373592791703436,0.007111841686738547,0.9981003849965662,0.10779894888401031,-0.03451986610889435,0.029806222766637802,1658.0,1657.0,1657.0,1658.0
315745318,0.05973046037161663,-0.01086068970666339,0.009488014195873452,0.9981103621892268,0.04062676429748535,-0.025192631408572197,0.029695633798837662,1657.0,1658.0,1658.0,1657.0
315845278,0.05971059861099948,-0.007522249169612454,0.010208704818005355,0.9981351824912722,-0.06913330405950546,-0.13844189047813416,0.026702729985117912,1658.0,1658.0,1658.0,1657.0
315945238,0.05967787524022599,-0.00429164318911247,0.009442658297318756,0.9981637987874683,0.11214257776737213,0.0125347301363945,0.02523893490433693,1658.0,1657.0,1657.0,1658.0
316045198,0.059640710955814476,1.7364885671850385e-05,0.01090617103276284,0.9981603281680503,0.012793290428817272,-0.1277865320444107,0.02606392093002796,1657.0,1658.0,1658.0,1657.0
316145158,0.05962068778684847,0.0017366026731579132,0.012293249813459872,0.9981438943398906,-0.04304241016507149,-0.08007960021495819,0.024950413033366203,1658.0,1658.0,1658.0,1658.0
316245118,0.05960095383827094,0.0033902415965727717,0.012201429351542468,0.998141952672697,0.06120990961790085,0.01581813022494316,0.027675844728946686,1658.0,1657.0,1657.0,1658.0
316345078,0.059550767446307926,0.008095538252868505,0.01061244892768968,0.9981360349595186,0.0316944494843483,0.030847426503896713,0.02706059440970421,1658.0,1658.0,1657.0,1658.0
316445038,0.05952164394554464,0.01091417725657499,0.00991008772677288,0.9981181517225702,-0.08992114663124084,-0.12503118813037872,0.02894025668501854,1657.0,1658.0,1658.0,1657.0
316544998,0.059544361977116815,0.0088997573136166,0.009374828727978759,0.9981419617783925,0.013028585352003574,0.11227533966302872,0.03360917046666145,1658.0,1657.0,1657.0,1658.0
316644958,0.05959820811115892,0.005068376013819758,0.005254393679617837,0.998195750592829,-0.11656038463115692,0.18899476528167725,0.03016166016459465,1657.0,1658.0,1657.0,1658.0
316744918,0.059604304223985334,0.004061117393323536,0.0036912067553621984,0.9982069971885498,-0.030234191566705704,-0.02656353823840618,0.031750719994306564,1658.0,1657.0,1658.0,1657.0
316844878,0.05960683199458026,0.003664726251615767,0.002570945170998204,0.9982118941397153,-0.00147590774577111,-0.01677730493247509,0.024669094011187553,1658.0,1658.0,1658.0,1658.0
316944838,0.0596074449416825,0.0030218519151120732,0.004265226492640955,0.9982082091234743,0.01819399558007717,0.06625901907682419,0.021131189540028572,1658.0,1658.0,1658.0,1658.0
317044798,0.0595929380390762,0.0029016805921658153,0.00755031376236674,0.998189989304492,0.04253958910703659,-0.05413861200213432,0.04695085063576698,1658.0,1658.0,1658.0,1657.0
317144758,0.05961409171177803,-0.001654562478312858,0.009279487798018918,0.9981769951259103,0.08095457404851913,0.11857999861240387,0.0419180691242218,1658.0,1658.0,1657.0,1658.0
317244718,0.059609137561874366,-0.001276928843564891,0.006447345309274585,0.9982001562363738,-0.1610342562198639,-0.0160576943308115,0.006402795203030109,1657.0,1658.0,1658.0,1658.0
317345511,0.0596372298064211,-0.0006880741140306279,0.004862186524863374,0.9982080376941608,0.044045060873031616,-0.016718901693820953,-0.026270132511854172,1658.0,1657.0,1658.0,1658.0
317445471,0.059678280387863075,-0.002183954049391538,0.005586655699460025,0.998199640589373,0.02785775251686573,0.13194672763347626,0.009474165737628937,1658.0,1658.0,1657.0,1658.0
317545431,0.05969283463346752,-0.0046592558770818995,0.00712374324221033,0.9981804992636916,0.02175118960440159,0.17526230216026306,0.046174824237823486,1658.0,1658.0,1657.0,1658.0
317645391,0.059675234174318297,-0.00597192275624416,0.008275035135253779,0.9981656808157372,0.012560796923935413,-0.013472387567162514,0.07103807479143143,1658.0,1658.0,1658.0,1657.0
317745351,0.0596558777025227,-0.008529934123189347,0.007834589872749383,0.9981518099372068,-0.0528763085603714,0.04753723368048668,0.04490184783935547,1658.0,1657.0,1658.0,1658.0
317845311,0.059649285548125666,-0.010775902353689455,0.005389082519276525,0.9981466828335714,-0.016856824979186058,0.03368889167904854,0.005317701958119869,1658.0,1658.0,1657.0,1658.0
317945271,0.059649115971241756,-0.011578076010037908,0.003402026294726692,0.9981464608647597,-0.0635300949215889,0.03529532253742218,-0.00025898689636960626,1658.0,1658.0,1658.0,1658.0
318045231,0.05963071577687207,-0.009618331894462234,0.0006539506159105591,0.9981739516617821,-0.05783507600426674,-0.04670210927724838,0.0183553583920002,1658.0,1658.0,1658.0,1658.0
318145191,0.05960954127790984,-0.005984977724392499,-0.0017717405165690104,0.998202255840878,-0.043801307678222656,-0.07625818997621536,0.043734047561883926,1658.0,1658.0,1658.0,1657.0
318245151,0.059567787635661784,-0.008056107616347157,-0.003627525649534247,0.9981851626145966,-0.043959442526102066,0.04846806079149246,0.04761055111885071,1658.0,1658.0,1658.0,1658.0
318345111,0.05954920638130465,-0.010271831776426928,-0.0029834572689100107,0.9981680622390391,0.014206445775926113,0.037051960825920105,0.03568613529205322,1657.0,1658.0,1658.0,1658.0
318445071,0.05961836399383258,-0.011682626460758955,0.0030585497112283876,0.9981481914963034,0.18969443440437317,0.028391333296895027,0.005003727041184902,1658.0,1657.0,1658.0,1658.0
318545031,0.059651944280030296,-0.009745965420365453,0.004724800560554818,0.9981604770583237,0.023958515375852585,-0.1195756047964096,0.006373526528477669,1658.0,1658.0,1658.0,1658.0
318644991,0.05965851225889388,-0.0048241441408116165,0.005683238826200784,0.9981910089480913,0.016812937334179878,-0.09302690625190735,0.004232849460095167,1658.0,1658.0,1658.0,1658.0
318744951,0.05965573941252131,-0.0007224296704771099,0.006387322092844435,0.9981983134462805,0.01132552046328783,-0.07510188966989517,0.004641780164092779,1658.0,1658.0,1658.0,1658.0
318844911,0.05964891378980476,0.0027241410587896175,0.00699705822457427,0.9981911777387086,0.006993152666836977,-0.065432608127594,0.005157352890819311,1658.0,1658.0,1658.0,1658.0
318944871,0.05964286152123053,0.005492748034236027,0.00736242793097336,0.9981775159978074,0.004038028884679079,-0.05263102054595947,0.0058370367623865604,1658.0,1658.0,1658.0,1658.0
319044831,0.05963672907947174,0.007884265589874971,0.007711186438335505,0.9981592240241651,0.00200399337336421,-0.04815543070435524,0.004272149875760078,1658.0,1658.0,1658.0,1658.0
319144791,0.05963381078439425,0.009872163784157001,0.007923646566473881,0.9981400527073541,0.0008678608573973179,-0.04048686474561691,0.005378453526645899,1658.0,1658.0,1658.0,1658.0
319244751,0.059632119907269264,0.011501793414463753,0.008081587499375079,0.9981214389878148,-0.0034868379589170218,-0.03208556026220322,0.0051391832530498505,1658.0,1658.0,1658.0,1658.0
319344711,0.05963401671979915,0.012889304626616284,0.008128209951322312,0.9981039936194486,-0.0021884352900087833,-0.027785060927271843,0.0036435588262975216,1658.0,1658.0,1658.0,1658.0
319445504,0.05963018937838281,0.014042639505275099,0.008127828037008192,0.9980886650001712,-0.03464113175868988,-0.02700883522629738,0.032192520797252655,1658.0,1659.0,1658.0,1658.0
319545464,0.059589230685854415,0.014221951417806328,0.009203243944991658,0.9980792353240432,-0.018719680607318878,0.05254584178328514,0.0634734258055687,1658.0,1658.0,1658.0,1658.0
319645424,0.05965477325661201,0.004167345098472839,0.009849804779739438,0.9981617717626404,0.0524175651371479,0.2327490597963333,0.07696115225553513,1659.0,1658.0,1658.0,1658.0
319745384,0.05969342999508178,-0.007616793770985707,0.007950602467663772,0.9981560332876187,-0.10655400156974792,0.23188485205173492,0.09505525976419449,1658.0,1659.0,1659.0,1658.0
319845344,0.05969769922639253,-0.019225544932139002,0.0074107391448204,0.9980038296892777,-0.08002825826406479,0.25059404969215393,0.06518851965665817,1658.0,1658.0,1658.0,1659.0
319945304,0.05963908205995217,-0.02528234680226096,0.004482126650406368,0.9978897200452094,-0.0680294781923294,0.02940967306494713,0.008472875691950321,1658.0,1658.0,1659.0,1658.0
320045264,0.05963737684666287,-0.02927275257245924,0.0035239425753208794,0.9977845814946263,-0.09390813112258911,-0.01882103830575943,-0.013360876590013504,1658.0,1659.0,1658.0,1658.0
320145224,0.059696490235924556,-0.02899607995964014,0.004969156657141557,0.9977829743399129,0.08039478957653046,-0.07007882744073868,0.018884912133216858,1659.0,1658.0,1658.0,1658.0
320245184,0.05966642142156001,-0.024822809640034527,0.004043053097438157,0.9979014981439656,0.054099176079034805,-0.07723654806613922,0.0374426431953907,1659.0,1658.0,1658.0,1659.0
320345144,0.0596250164923777,-0.01681666626118747,0.002672908514518436,0.9980756047034797,-0.05338422209024429,-0.19953016936779022,0.040354035794734955,1658.0,1659.0,1659.0,1658.0
320445104,0.05961797010360426,-0.0114089585826799,0.00295487119538909,0.9981516929009354,-0.03696620836853981,-0.17822308838367462,0.027198798954486847,1658.0,1658.0,1659.0,1658.0
320545064,0.059633395614710434,-0.010922239087848843,0.004524786062218943,0.9981503339336508,0.10101542621850967,0.04853091761469841,0.02301666885614395,1659.0,1658.0,1658.0,1659.0
320645024,0.05963029743026965,-0.010728252125914111,0.003968254242063642,0.9981549905665807,-0.0573536679148674,0.027907056733965874,0.01739734411239624,1658.0,1659.0,1658.0,1658.0
320744984,0.059603788573936924,-0.005394429900299688,0.0009357103736016135,0.9982070992333109,-0.09933778643608093,-0.17227913439273834,0.01949194446206093,1658.0,1658.0,1659.0,1658.0
320844944,0.0596005498471076,-0.0028534460853677844,-0.00040569851544071205,0.9982181463548311,0.03371874615550041,-0.025424417108297348,0.022855892777442932,1659.0,1658.0,1658.0,1659.0
320944904,0.05960588193736275,0.0014045918776188534,-0.0034996363168302127,0.9982148659010126,-0.07909248024225235,-0.07663382589817047,0.024057498201727867,1658.0,1659.0,1659.0,1658.0
321044864,0.0596052261928045,0.0020060157653410695,-0.0036053583575211233,0.998213501362493,-0.09472955763339996,-0.09271804988384247,0.02415509521961212,1658.0,1659.0,1658.0,1658.0
321144824,0.05961596808146899,0.005312613525696279,-0.004020626421096402,0.9981991519984466,0.08512072265148163,-0.01657073199748993,0.0209434125572443,1659.0,1658.0,1659.0,1658.0
321244784,0.05964425078520867,0.007249247225246081,-0.006801690295923038,0.9981702003025621,-0.10661403089761734,-0.10988534241914749,0.025106092914938927,1658.0,1659.0,1659.0,1658.0
321344744,0.05962095860373736,0.004693936707884793,-0.004964907509218966,0.9981977048394666,0.017582613974809647,0.13798026740550995,0.025183439254760742,1659.0,1658.0,1658.0,1659.0
321444704,0.05959990554007809,0.0007343725247635949,-0.001293540961723657,0.9982212373559225,0.14603303372859955,0.0929863229393959,0.021399114280939102,1659.0,1658.0,1659.0,1658.0
321545497,0.05959797711210684,-0.0017306739654024607,4.611073510744922e-05,0.9982209593900393,-0.05929521843791008,-0.028917711228132248,0.025764591991901398,1658.0,1659.0,1659.0,1658.0
321645457,0.05960623059940967,-0.004094203349633353,0.0024118511411212215,0.9982106580009728,0.09578664600849152,0.1039610207080841,0.019707174971699715,1659.0,1658.0,1658.0,1659.0
321745417,0.05960791220390357,-0.00426606693900849,0.002791731893404545,0.9982088477410922,0.028740713372826576,-0.06583406776189804,0.02344798482954502,1659.0,1659.0,1659.0,1658.0
321845377,0.05961368151454261,-0.006172866434762034,0.00403386760219448,0.9981942860026947,0.005599874537438154,0.0947796180844307,0.02854704111814499,1659.0,1658.0,1658.0,1659.0
321945337,0.05959842177054969,-0.0029429326346829122,0.003890418449463822,0.9982105148285383,0.0295806135982275,-0.10577626526355743,0.025773610919713974,1659.0,1659.0,1659.0,1658.0
322045297,0.05958396126612948,0.0012521149882347388,0.0016509029380375455,0.9982211469846659,-0.15757222473621368,-0.21717286109924316,0.02061508409678936,1658.0,1659.0,1659.0,1658.0
322145257,0.05958435477810604,0.004113817649939672,-0.00014505959438360902,0.9982147865703723,-0.009373793378472328,-0.015393777750432491,0.01991899125277996,1659.0,1658.0,1658.0,1659.0
322245217,0.05958509183981663,0.003009063322587419,0.0005953432017829938,0.9982185171268031,0.08784892410039902,0.08445627242326736,0.0206872820854187,1659.0,1658.0,1659.0,1659.0
322345177,0.0595885153584723,0.0019697363776737956,0.000618173955526328,0.9982208908037019,-0.01563558354973793,-0.016631722450256348,0.019450269639492035,1658.0,1659.0,1659.0,1658.0
322445137,0.05958225977372674,-0.0010978398832186223,0.0018769538632341363,0.9982210306901185,-0.012562397867441177,0.047845419496297836,0.043682847172021866,1659.0,1659.0,1658.0,1659.0
322545097,0.05955554997828774,-0.0020983070265551476,0.001153780371681131,0.9982221207553257,0.05162518098950386,0.06143554672598839,0.041532162576913834,1659.0,1658.0,1659.0,1659.0
322645057,0.05954915077763422,-0.0006497532553256211,-0.0014275318714965836,0.998224142472584,-0.04198252782225609,-0.04911242052912712,0.009086445905268192,1658.0,1659.0,1659.0,1659.0
322745017,0.05957593457014317,0.00045458135027046114,-0.0005393962228185673,0.9982235272861509,-0.033558957278728485,-0.07054388523101807,-0.01293018739670515,1659.0,1659.0,1659.0,1658.0
322844977,0.05959325971819488,2.1469352797061317e-05,-0.00038922516793138076,0.9982226662618894,-0.05949070304632187,-0.03424014896154404,0.01333775743842125,1659.0,1659.0,1659.0,1659.0
322944937,0.0595764861035574,-0.0009295176736352266,-0.0015994697384380157,0.9982220294087898,-0.042825859040021896,0.0584154836833477,0.047264426946640015,1659.0,1659.0,1658.0,1659.0
323044897,0.059559483274365124,-0.0006960210611813597,-0.0011528512181827413,0.9982238498657712,0.02316746674478054,-0.023057570680975914,0.03099384903907776,1659.0,1659.0,1659.0,1659.0
323144857,0.05957648420143394,0.0016862522596396924,-0.003291463891369172,0.9982168929390872,-0.21061807870864868,-0.11354229599237442,-0.008682424202561378,1658.0,1659.0,1659.0,1658.0
323244817,0.059595258150269,0.0005771635345802203,-0.005640151580157173,0.99820652210773,-0.03744634985923767,0.08644132316112518,0.0010843191994354129,1659.0,1659.0,1658.0,1659.0
323344777,0.05961073738870617,0.0010811997121272976,-0.009555764664562955,0.9981753745493989,-0.02610109932720661,-0.022915923967957497,0.014555612578988075,1659.0,1659.0,1659.0,1658.0
323444737,0.05958844729775139,0.00020035868337114438,-0.009783195871830793,0.9981750677529342,-0.015824560075998306,0.0438418872654438,0.0455758236348629,1659.0,1659.0,1658.0,1659.0
323545530,0.05957376246372151,0.0008471891899047505,-0.013013773987843447,0.9981387131972118,0.018610289320349693,-0.009245060384273529,0.04009142145514488,1659.0,1658.0,1659.0,1659.0
323645490,0.05957058442823408,0.00011206809171251421,-0.016147779530256968,0.9980934736425561,0.04418214410543442,0.004855570383369923,-0.0016045341035351157,1659.0,1658.0,1659.0,1659.0
323745450,0.05958937536772868,-0.0005755016534661238,-0.019975422944017503,0.9980229243956967,-0.09574161469936371,0.002750725019723177,-0.014467940665781498,1659.0,1659.0,1659.0,1659.0
323845410,0.059589620473696495,-0.0016508119062502262,-0.023561267865517516,0.9979434946971799,-0.08043552935123444,0.08623086661100388,0.007214146666228771,1659.0,1659.0,1658.0,1659.0
323945370,0.05958232676765967,-0.0015928905052857675,-0.02654822644391754,0.9978690298378202,-0.06477558612823486,-0.05838640034198761,0.03931814059615135,1659.0,1659.0,1659.0,1658.0
324045330,0.059575358384980806,-0.0011558744202441792,-0.028786285500174136,0.997807992749471,-0.04087471961975098,-0.04807092249393463,0.03619319573044777,1658.0,1659.0,1659.0,1659.0
324145290,0.059617102812323894,0.000997353536051073,-0.02374448332274884,0.9979383777818772,0.11485707014799118,-0.042462244629859924,0.017313942313194275,1659.0,1659.0,1659.0,1659.0
324245250,0.059617710861444365,0.001815613380394644,-0.01515219682690836,0.9981046252928661,0.23587048053741455,0.059910308569669724,-0.0021697054617106915,1659.0,1659.0,1659.0,1659.0
324345210,0.0596080744975364,0.0001257735737271517,-0.005401599037904602,0.9982072351789173,0.19507256150245667,-0.01213350985199213,-0.006926625035703182,1659.0,1659.0,1659.0,1658.0
324445170,0.05961900122315766,-0.0020555890720423274,0.0038664059724784422,0.9982116008901,0.15447160601615906,0.015026548877358437,0.02233458310365677,1659.0,1659.0,1659.0,1659.0
324545130,0.059644089402998125,-0.006013335353437737,0.005867594593650172,0.9981843485703926,-0.05294201895594597,0.06623420864343643,0.013076289556920528,1659.0,1659.0,1659.0,1659.0
324645090,0.059650340975993206,-0.009434922997082337,0.004391808197222226,0.9981650820732239,-0.042779553681612015,0.05795329809188843,0.011945359408855438,1659.0,1659.0,1659.0,1659.0
324745050,0.059641964973212384,-0.010122865056642519,0.002997950906125868,0.9981640025103808,-0.04053522273898125,0.0024326143320649862,0.011587868444621563,1659.0,1659.0,1659.0,1659.0
324845010,0.05963799119021072,-0.010640981297366353,0.0018385312601789268,0.9981616599161836,-0.034056656062603,0.0003242738894186914,0.007474868092685938,1659.0,1659.0,1659.0,1659.0
324944970,0.05963541310005501,-0.011031671389082929,0.0009450037379529769,0.9981588183744531,-0.027520911768078804,-0.0027355439960956573,0.007410594727844,1659.0,1659.0,1659.0,1659.0
325044930,0.059637571242872355,-0.01125071586801389,0.00016044580083133912,0.9981566789566925,-0.02571462094783783,-0.0050873165018856525,0.003875038353726268,1660.0,1659.0,1659.0,1659.0
325144890,0.05958909273897394,-0.00887158751531907,-0.007098826826232137,0.9981583249260586,-0.14686472713947296,-0.15367329120635986,0.003595134010538459,1659.0,1659.0,1659.0,1659.0
325244850,0.05965198189566858,-0.0013095516438756212,-0.014881857848293205,0.9981074373219518,-0.15959309041500092,-0.21246236562728882,0.01907951943576336,1660.0,1659.0,1659.0,1659.0
325344810,0.05980439945603201,0.007278830814344585,-0.02112295033677623,0.997960056012639,-0.015822453424334526,-0.17592228949069977,0.04805152490735054,1660.0,1659.0,1659.0,1659.0
325444770,0.05998308071875683,0.01583319127104393,-0.02474548241174571,0.997767007463101,-0.08729696273803711,-0.1867273449897766,0.07505369186401367,1659.0,1660.0,1659.0,1659.0
325544730,0.06008691359700314,0.02425605654841663,-0.023859616400475556,0.9976131140077945,0.11069978028535843,-0.13755662739276886,0.06190549582242966,1660.0,1659.0,1659.0,1659.0
325645523,0.06015067568161813,0.029340535584699092,-0.02341768877358576,0.9974831532608214,0.04529298469424248,-0.10407373309135437,0.015432490967214108,1659.0,1659.0,1660.0,1659.0
325745483,0.060007411149474,0.027153017924321274,-0.019109000728182318,0.9976455634722734,0.11500997096300125,0.11804226040840149,-0.010807572863996029,1659.0,1659.0,1659.0,1660.0
325845443,0.05986160642049663,0.023089941971415794,-0.014703438497261133,0.9978312740904003,-0.0067536961287260056,0.05342216044664383,-0.0009377636015415192,1659.0,1660.0,1660.0,1659.0
325945403,0.05970084374404093,0.016418631341912213,-0.009057312509295956,0.9980401810003527,0.15304863452911377,0.10671881586313248,0.00987925473600626,1660.0,1659.0,1659.0,1659.0
326045363,0.059639753732363604,0.011948150296713063,-0.00676155035125895,0.9981255546854202,0.0776287242770195,0.023992879316210747,0.02437555603682995,1656.0,1656.0,1656.0,1656.0
326145323,0.05960108278611371,0.010572945915980514,-0.004482884328038435,0.9981562139732849,0.009865247644484043,-0.01158058550208807,0.023039694875478745,1643.0,1643.0,1643.0,1643.0
326245283,0.05958622234139635,0.009627560509555193,-0.0037493729007688297,0.9981696921809274,0.03403216227889061,0.10630481690168381,0.018130255863070488,1630.0,1630.0,1630.0,1630.0
326345243,0.05956513986733057,0.0045034596119832,-0.0023210683898871464,0.9982115635503518,-0.010671690106391907,0.0615127868950367,0.015770666301250458,1624.0,1624.0,1624.0,1624.0
326445203,0.05955661002792712,0.000540798489152283,-0.0012890173378109395,0.9982239509114568,0.015278038568794727,0.040711235255002975,0.01628855988383293,1620.0,1620.0,1620.0,1619.0
326545163,0.05955027654166078,-0.003993077229369703,-0.0004916915143750042,0.9982171998806205,0.00538885872811079,-0.015273035503923893,0.015957161784172058,1616.0,1616.0,1616.0,1616.0
326645123,0.05954470474661522,-0.005670656780962231,-0.0007988059068145714,0.9982092133903765,-0.021879296749830246,-0.05899506062269211,0.01563398167490959,1614.0,1614.0,1614.0,1613.0
326745083,0.05954125304662158,-0.004808751646382223,-0.001482202506831001,0.9982131626907003,-0.07349635660648346,-0.09605537354946136,0.014727327972650528,1612.0,1612.0,1612.0,1611.0
326845043,0.059550562048479964,-0.004181685341583829,-0.0002700635638741808,0.9982164951217175,-0.006073025055229664,0.046824466437101364,0.01231186930090189,1610.0,1610.0,1610.0,1610.0
326945003,0.05955216114217215,-0.002510653991702519,-0.0011300784488454656,0.9982213981089216,-0.026341836899518967,0.01962222531437874,0.013631269335746765,1613.0,1613.0,1613.0,1613.0
327044963,0.059553871118535745,-0.005509944061919183,-0.00036280800071202137,0.9982098202890943,0.020036092028021812,0.08829659968614578,0.014859636314213276,1622.0,1622.0,1621.0,1622.0
327144923,0.0595555785448577,-0.004921157648818083,-0.0003865014169229266,0.9982127858769579,0.016032667830586433,-0.05965369567275047,0.011400732211768627,1629.0,1629.0,1629.0,1629.0
327244883,0.05955962269645813,-0.0017949202745696532,-0.00021017934921535152,0.9982231140532184,0.018567761406302452,-0.04830729588866234,0.015295247547328472,1636.0,1636.0,1636.0,1636.0
327344843,0.059558434599274665,0.000949980148863765,-0.00023866336945801292,0.998224340239005,-0.008838397450745106,-0.07971752434968948,0.012921116314828396,1641.0,1641.0,1641.0,1641.0
327444803,0.05955690094673554,0.0029477973752387856,-0.00010845509178725147,0.9982205539247068,0.008745416067540646,-0.061295367777347565,0.013943803496658802,1645.0,1645.0,1645.0,1645.0
327544763,0.05957659805848668,0.005290696572096854,-0.004535637324072486,0.9981994116846714,-0.17115452885627747,-0.004567582160234451,0.01364284846931696,1648.0,1649.0,1648.0,1649.0
327644723,0.059627329711219736,0.008609057687127181,-0.00882833368102481,0.9981445417381521,-0.043578166514635086,-0.13823305070400238,0.008991836570203304,1651.0,1651.0,1651.0,1650.0
327745516,0.05969594933747165,0.010086283088826087,-0.014504796763326479,0.9980602543919905,-0.1791432946920395,-0.03585690259933472,0.016134079545736313,1652.0,1652.0,1652.0,1653.0
327845476,0.059779481943760496,0.01425701683064439,-0.016599510876024934,0.9979717467184646,-0.08090205490589142,-0.07377924770116806,0.014273974113166332,1653.0,1654.0,1653.0,1654.0
327945436,0.059829651187865485,0.019251811262460637,-0.015711792048592865,0.9978992535283684,0.024392232298851013,-0.10509157925844193,0.01147983968257904,1654.0,1654.0,1654.0,1654.0
328045396,0.05985060686596664,0.023507051511458477,-0.01439257349026182,0.9978267270500127,0.01597861386835575,-0.08591125905513763,0.010063055902719498,1654.0,1654.0,1654.0,1654.0
328145356,0.05995129632396204,0.026733551312257988,-0.01690000300063204,0.9977001298997059,-0.0514250248670578,-0.07409235090017319,0.01706717349588871,1655.0,1654.0,1654.0,1654.0
328245316,0.0601261654800829,0.029218539400425094,-0.022030212233476343,0.9975198198175891,-0.10671249777078629,-0.06285945326089859,0.022886496037244797,1654.0,1654.0,1654.0,1654.0
328345276,0.060173861754836,0.026408182502340182,-0.02584241097912049,0.9975038265857527,-0.08458378911018372,0.09913170337677002,0.02070331573486328,1653.0,1653.0,1653.0,1653.0
328445236,0.06007227121866391,0.019047915355650723,-0.028765057066208546,0.997597649678072,-0.0739080086350441,0.14610019326210022,0.011938262730836868,1653.0,1653.0,1653.0,1653.0
328545196,0.05992692684694068,0.012672612495961242,-0.030003984713448055,0.9976712530851652,0.035887304693460464,0.0556398369371891,0.009720265865325928,1653.0,1652.0,1652.0,1652.0
328645156,0.059909741621404305,0.012251578825791963,-0.02928687775829231,0.9976988525934581,0.031625375151634216,-0.030955256894230843,0.004442931152880192,1652.0,1652.0,1652.0,1652.0
328745116,0.059876403060923476,0.011847376005752473,-0.027476407134422922,0.997757236550679,-0.052506156265735626,-0.03755048289895058,0.00795898400247097,1651.0,1652.0,1651.0,1651.0
328845076,0.05974627288759796,0.008098345694529,-0.0234977481739927,0.9979041314193485,0.05046316981315613,0.10453104972839355,0.00992677267640829,1651.0,1651.0,1651.0,1651.0
328945036,0.05962692145806253,0.0032547586573751287,-0.02014935814224935,0.9980120440906372,0.04238836467266083,0.08172225207090378,0.007010281551629305,1651.0,1651.0,1651.0,1651.0
329044996,0.059627591492793,0.004298797198842325,-0.017289017140203755,0.9980617017808758,0.07412189990282059,-0.0007031625718809664,0.019216682761907578,1654.0,1654.0,1654.0,1654.0
329144956,0.0596206550609829,0.005642986469633333,-0.01409924056265825,0.9981055783880577,0.08631045371294022,-0.07738609611988068,0.01715695485472679,1667.0,1666.0,1667.0,1666.0
329244916,0.059610619604063955,0.0064579231384879554,-0.011863912440454491,0.9981303105510634,0.057048406451940536,-0.06201217696070671,0.011849790811538696,1679.0,1678.0,1678.0,1678.0
329344876,0.05961799477353854,0.009697924573729788,-0.009501405572348092,0.9981289336805614,0.04889337345957756,-0.05544513836503029,0.011609773151576519,1684.0,1684.0,1684.0,1684.0
329444836,0.059603802858416016,0.010641540548997207,-0.007519746594426375,0.9981370635893223,0.10790417343378067,0.07833541184663773,0.012441989034414291,1689.0,1688.0,1688.0,1689.0
329544796,0.059634296228600954,0.01292396174407141,-0.008734301551887551,0.9980984089269745,-0.08788514882326126,-0.10773922502994537,0.005406227894127369,1692.0,1691.0,1692.0,1691.0
329644756,0.05961934054762835,0.010714425959025461,-0.008380905239328764,0.9981284966057246,-0.009578085504472256,0.061907071620225906,0.006148717366158962,1694.0,1694.0,1694.0,1694.0
329744716,0.05964416053954633,0.01241390985302181,-0.009487454614422021,0.9980974186724627,0.05463564023375511,-0.0901334285736084,0.009726349264383316,1696.0,1696.0,1696.0,1696.0
329845509,0.05962179552885943,0.012936865336188414,-0.0076490771778832106,0.9981078952856325,0.00821837130934,-0.03387993574142456,0.01232278160750866,1697.0,1698.0,1698.0,1698.0
329945469,0.05959839936860103,0.01077239706303443,-0.006572018255906703,0.9981426725825628,-0.05465175583958626,0.02004849910736084,0.00902910903096199,1695.0,1695.0,1695.0,1695.0
330045429,0.05963198919146753,0.011007970634855738,-0.009068167105846587,0.9981185394495543,-0.055799052119255066,-0.005695070140063763,0.0034647199790924788,1687.0,1687.0,1687.0,1687.0
330145389,0.05962620765485466,0.010293468140477055,-0.008927332349919848,0.9981277786994285,-0.004873419646173716,0.02943088300526142,0.01022231113165617,1680.0,1680.0,1680.0,1680.0
330245349,0.05962340199999136,0.009749505080393881,-0.009406531620586195,0.9981290068160056,-0.01062761340290308,-0.008320904336869717,0.01367857400327921,1674.0,1674.0,1674.0,1674.0
330345309,0.05962154183444477,0.008982412645073918,-0.010193986861157037,0.9981285842236118,-0.009819196537137032,-0.004865735769271851,0.011900083161890507,1669.0,1668.0,1669.0,1668.0
330445269,0.059620454397418095,0.007925565807831133,-0.011308167949693061,0.9981255993920268,0.03713584318757057,-0.013699517585337162,0.00909637100994587,1664.0,1664.0,1664.0,1664.0
330545229,0.059638802621564485,0.008829019803218832,-0.012824475874366418,0.9980985895440031,-0.004918136168271303,-0.06205455958843231,0.015242713503539562,1661.0,1661.0,1661.0,1661.0
330645189,0.05965029289952546,0.009967680601718027,-0.01281046472951119,0.9980873608526646,0.06600398570299149,-0.01085506472736597,0.005995064973831177,1659.0,1659.0,1659.0,1659.0
330745149,0.05962877417781895,0.008805581294881926,-0.01191856903282174,0.9981106245002704,0.05745117366313934,-0.01830262504518032,0.008041907101869583,1657.0,1657.0,1657.0,1657.0
330845109,0.05962565797469659,0.007465561929960167,-0.012981206324032326,0.9981084783622106,-0.08956371992826462,0.02948269620537758,0.009177852421998978,1656.0,1656.0,1656.0,1656.0
330945069,0.05963789054061061,0.006861778355453587,-0.015462303865872048,0.9980767280970068,-0.10380265861749649,-0.051403362303972244,0.0067531089298427105,1655.0,1656.0,1656.0,1655.0
331045029,0.05962534913867128,0.006929832807743602,-0.013283189752736516,0.9981083869136363,0.05828952416777611,-0.06495979428291321,-0.0028305528685450554,1655.0,1655.0,1655.0,1655.0
331144989,0.05962210507107748,0.006555941254328411,-0.011227116762108372,0.9981363514422131,0.0026296761352568865,0.05037541687488556,-0.00980689749121666,1656.0,1655.0,1655.0,1656.0
331244949,0.059641323881595716,0.007240875775540735,-0.011575450375512181,0.9981264905573131,-0.01696658879518509,0.0918521136045456,0.004022687673568726,1656.0,1656.0,1655.0,1656.0
331344909,0.05966542542255232,0.010009985571073172,-0.011039667943855901,0.9981071901001927,0.0004844898357987404,-0.06504572927951813,0.005765639711171389,1656.0,1656.0,1656.0,1656.0
331444869,0.059632070187945814,0.010181051331476959,-0.008627424414026752,0.9981312188018497,0.03926440700888634,-0.003383184550330043,0.026372773572802544,1657.0,1657.0,1657.0,1657.0
331544829,0.059619438548098265,0.011366470558153242,-0.00802613631865739,0.9981241941913114,-0.10276590287685394,-0.11437737941741943,0.021608849987387657,1658.0,1658.0,1658.0,1657.0
331644789,0.059669220071447614,0.01618660008957782,-0.009998002835404638,0.9980368821305696,-0.005501716863363981,-0.13443975150585175,0.014758650213479996,1658.0,1658.0,1658.0,1658.0
331744749,0.059701141335888885,0.020296681709652886,-0.010357674760616078,0.9979561799038686,0.04395250603556633,-0.11486618965864182,0.007837427780032158,1659.0,1658.0,1659.0,1658.0
331844709,0.059762077846617016,0.016084647667159318,-0.015631218605204972,0.99796064209256,-0.08357565850019455,0.06094382703304291,0.0030574966222047806,1659.0,1659.0,1659.0,1659.0
331945502,0.059762954709234574,0.012907204854107584,-0.018407549371691118,0.9979593956837146,-0.12385968118906021,0.050065819174051285,0.006235829088836908,1659.0,1660.0,1659.0,1660.0
332045462,0.05974724299565382,0.012340465455944099,-0.0179585166087633,0.9979756868521206,0.02346823550760746,0.04625876247882843,0.009029509499669075,1660.0,1660.0,1660.0,1660.0
332145422,0.05968564488726507,0.00993469707459469,-0.01617071508805921,0.9980367896836109,0.016065752133727074,0.0326782651245594,0.012760473415255547,1660.0,1660.0,1660.0,1660.0
332245382,0.05966368591398629,0.008803308829713181,-0.015593896825680818,0.9980579024879248,-0.05800109729170799,-0.052882563322782516,0.007555869873613119,1660.0,1661.0,1661.0,1660.0
332345342,0.05967344760307623,0.010031398673897277,-0.014933599660223335,0.9980558292465389,0.05031122267246246,-0.004759227391332388,0.007513474673032761,1661.0,1660.0,1660.0,1661.0
332445302,0.059692493874955586,0.010567569198403801,-0.01594845407123029,0.9980334560870008,-0.03883809596300125,-0.023864533752202988,0.009645160287618637,1661.0,1661.0,1661.0,1661.0
332545262,0.0597212165257709,0.012285680928259697,-0.016444302938768758,0.9980040196520599,-0.06700673699378967,-0.09679775685071945,0.012547456659376621,1660.0,1661.0,1661.0,1660.0
332645222,0.05964423123434431,0.010768209582117964,-0.01297337985604919,0.9980773029971027,0.05081711336970329,0.0019322497537359595,0.038108184933662415,1661.0,1661.0,1661.0,1661.0
332745182,0.05959861425406816,0.009717438799232639,-0.012782101786744422,0.9980932794263727,0.03472190350294113,0.07916057854890823,0.04080125316977501,1661.0,1660.0,1660.0,1661.0
332845142,0.059597790200725406,0.009186483117899678,-0.014187079808481733,0.9980793749485172,-0.07136702537536621,0.026476025581359863,0.0012110244715586305,1660.0,1661.0,1661.0,1661.0
332945102,0.0595970094335383,0.007442213719811661,-0.0136566115124796,0.9981013510077645,-0.04266217350959778,0.020701341331005096,-0.03969337418675423,1661.0,1661.0,1661.0,1661.0
333045062,0.05963665591730551,0.007769611806802151,-0.013050405406939759,0.9981045983874071,0.07083521783351898,-0.06233035400509834,-0.029277391731739044,1661.0,1661.0,1661.0,1660.0
333145022,0.05965777453764381,0.007702260645129663,-0.014696644957665508,0.9980809755451501,-0.04355863481760025,-0.06130382418632507,0.014376293867826462,1661.0,1661.0,1660.0,1660.0
333244982,0.059627997286519026,0.007301408610183961,-0.015038560212859098,0.9980806746343857,0.04935115575790405,0.06485392153263092,0.041790831834077835,1661.0,1660.0,1660.0,1661.0
333344942,0.05961537922368422,0.007886228170104948,-0.0152281426465081,0.9980741042812418,-0.08018628507852554,-0.08016755431890488,0.02689349465072155,1660.0,1661.0,1661.0,1660.0
333444902,0.0595819256663037,0.007478974292110997,-0.012734361518936893,0.9981141693785025,0.14826840162277222,-0.06274145096540451,0.011248706839978695,1661.0,1660.0,1661.0,1661.0
333544862,0.0595588747175598,0.00702201476283107,-0.010097880388159404,0.998149019216427,0.0012313283514231443,0.07710933685302734,0.0022001212928444147,1660.0,1661.0,1660.0,1661.0
333644822,0.05957348946641965,0.009913974306807807,-0.008676438763692767,0.9981369805175131,-0.04702140763401985,-0.099790059030056,0.0016679534455761313,1661.0,1661.0,1661.0,1660.0
333744782,0.05958056978634461,0.01045870000427275,-0.008547593743463255,0.9981321104640166,0.05548114329576492,-0.11814142763614655,-0.0010021434864029288,1661.0,1660.0,1661.0,1660.0
333844742,0.05961092000408194,0.011054786734663244,-0.0102897375573925,0.9981074347020555,-0.061950452625751495,0.03930853679776192,-0.00201509241014719,1660.0,1661.0,1660.0,1661.0
333944702,0.059673380167169346,0.012630014990411944,-0.013695626595054342,0.9980440873192603,-0.13855957984924316,-0.11538542062044144,-0.0017647233325988054,1661.0,1661.0,1661.0,1660.0
334045495,0.05970304808716635,0.011930244464256685,-0.0162898846562483,0.9980119513182248,0.020112745463848114,0.030490148812532425,0.003743450390174985,1661.0,1660.0,1660.0,1661.0
334145455,0.05974105222095358,0.011221983905395359,-0.02028497287774672,0.997944684655472,-0.1511990875005722,0.04967164248228073,0.008195692673325539,1660.0,1661.0,1660.0,1661.0
334245415,0.05978424802636163,0.011810456368616353,-0.023046592462213057,0.9978753486203416,-0.02452995628118515,-0.09163306653499603,0.010734202340245247,1661.0,1660.0,1661.0,1660.0
334345375,0.059777245130633545,0.011060519789196439,-0.0241616900370973,0.9978579851868382,0.02226622961461544,0.050028759986162186,0.00613801833242178,1661.0,1661.0,1660.0,1661.0
334445335,0.05983897906093569,0.011921547463659601,-0.02726336783997468,0.9977644421731208,-0.0801619365811348,-0.05173812061548233,0.0009749560849741101,1661.0,1661.0,1661.0,1660.0
334545295,0.05979998418228655,0.010667691818840657,-0.026484847500071042,0.9978019418180918,0.06324853748083115,0.021892063319683075,0.0031760376878082752,1661.0,1661.0,1660.0,1661.0
334645255,0.059813007312540516,0.011415383199180337,-0.026199124312151777,0.9978004304809266,-0.059909332543611526,-0.02981800213456154,0.008059436455368996,1660.0,1661.0,1661.0,1660.0
334745215,0.05978919601674466,0.011293501731518097,-0.024712366945987902,0.9978411736234571,0.06880513578653336,-0.0761726126074791,0.008119226433336735,1661.0,1660.0,1661.0,1660.0
334845175,0.059746908744780905,0.009763259350907064,-0.024728926666361638,0.9978594419296836,-0.06926031410694122,0.051585853099823,0.017005115747451782,1660.0,1661.0,1660.0,1661.0
334945135,0.059719281976733804,0.009535611900370526,-0.023179386450311205,0.9979004937916686,0.0468493327498436,0.0380568765103817,0.007135199382901192,1661.0,1660.0,1661.0,1661.0
335045095,0.0597276649756162,0.009764349860223433,-0.02318505765356498,0.9978976483637831,0.0037556167226284742,-0.0743129625916481,-2.8041125915478915e-05,1661.0,1661.0,1661.0,1660.0
335145055,0.05968472885884126,0.008572166163654128,-0.02217951833448943,0.9979340259129155,0.012384545989334583,0.0835091695189476,0.030304240062832832,1661.0,1660.0,1660.0,1661.0
335245015,0.059670004621482337,0.008446275785487904,-0.022858996169349922,0.9979206467790701,-0.03342275694012642,0.03834886848926544,0.01815704256296158,1660.0,1661.0,1661.0,1661.0
335344975,0.05962852467848478,0.006133122591647846,-0.02314055229480512,0.9979335342052769,-0.11346916854381561,0.04468483105301857,-0.020467020571231842,1660.0,1661.0,1661.0,1661.0
335444935,0.05966709210202586,0.006514499715936365,-0.023792861292268645,0.997913472784623,-0.03008231334388256,-0.0529143400490284,-0.023151298984885216,1661.0,1661.0,1661.0,1661.0
335544895,0.05968224013018056,0.006474341653979259,-0.024076433677203746,0.9979060268655453,-0.083773173391819,0.02336978353559971,-0.0031212095636874437,1661.0,1661.0,1660.0,1661.0
335644855,0.05970841744093631,0.006845276589039287,-0.026953136960155638,0.9978284298831767,-0.06437216699123383,-0.002673778682947159,0.022079065442085266,1661.0,1661.0,1661.0,1661.0
335744815,0.05968228156500665,0.0061791405405189105,-0.02912951723879408,0.9977731779892717,-0.0570996031165123,0.011831301264464855,0.03654729947447777,1661.0,1661.0,1661.0,1661.0
335844775,0.05964443878392929,0.005362461116777264,-0.0284574853812245,0.9977995572552127,0.059202343225479126,0.0041338116861879826,-0.00036880350671708584,1661.0,1660.0,1661.0,1661.0
335944735,0.059641304168095224,0.004965494224788279,-0.02667159481818248,0.9978511335535413,0.08112537860870361,-0.006257039960473776,-0.024928707629442215,1661.0,1661.0,1660.0,1661.0
336045528,0.05973580007239857,0.0099861000911057,-0.022639474580489698,0.997907493801605,0.06614643335342407,-0.07294508069753647,-0.005509294103831053,1661.0,1661.0,1661.0,1661.0
336145488,0.059763066333746326,0.013193575177870173,-0.01935763302097717,0.9979376671517312,0.05012926459312439,-0.0715378001332283,-0.00836100522428751,1661.0,1661.0,1661.0,1661.0
336245448,0.05977581943424129,0.015839224592373715,-0.01675385608266639,0.9979455289151,0.03621075302362442,-0.05855339393019676,-0.010439637117087841,1661.0,1661.0,1661.0,1661.0
336345408,0.05977452729017506,0.018006149314852622,-0.014543009598335382,0.9979435281346887,0.02754489704966545,-0.049613986164331436,-0.008596379309892654,1661.0,1661.0,1661.0,1661.0
336445368,0.059772999245279596,0.019793145296303483,-0.01283205649612317,0.9979332434018738,0.018678218126296997,-0.041046418249607086,-0.012715877033770084,1661.0,1661.0,1661.0,1661.0
336545328,0.05976867034399296,0.0213147648287168,-0.011401084737730958,0.9979195368928352,0.011276775039732456,-0.03704771772027016,-0.015424953773617744,1661.0,1661.0,1661.0,1661.0
336645288,0.059795113318216825,0.02248434711736747,-0.011608613539942567,0.9978898930491519,-0.11269234865903854,-0.03362765908241272,-0.0064299823716282845,1661.0,1661.0,1661.0,1661.0
336745248,0.05994668425856292,0.023091712260485578,-0.017695011564005783,0.9977775575933912,-0.05890130624175072,-0.02954859659075737,0.012249276973307133,1662.0,1661.0,1661.0,1661.0
336845208,0.06000034366469303,0.020916442205189095,-0.02261801744205231,0.9977228505414651,-0.08278384804725647,0.16417919099330902,0.04032047092914581,1661.0,1662.0,1661.0,1661.0
336945168,0.05982720744537924,0.013058751812742075,-0.02460465766920238,0.9978200163713705,-0.13989675045013428,0.13274189829826355,0.07003352791070938,1661.0,1662.0,1661.0,1662.0
337045128,0.05961870608092628,0.005891393608554648,-0.02414874742315418,0.9979116891611592,-0.024948811158537865,0.05208403244614601,0.03385978192090988,1661.0,1661.0,1662.0,1661.0
337145088,0.059504049244935825,0.0011901630221812596,-0.023114447751844378,0.9979597055696008,0.004409500397741795,-0.012862245552241802,-0.00922388955950737,1661.0,1661.0,1662.0,1661.0
337245048,0.05943786740916921,-0.0024254426153197542,-0.022935417836171812,0.9979655423683976,-0.0835181325674057,0.12073881924152374,-0.01631806790828705,1661.0,1662.0,1661.0,1662.0
337345008,0.05941608195588538,-0.0040130457917625225,-0.021809326572045564,0.9979869628121194,0.05421307682991028,0.005026672035455704,-0.009188871830701828,1662.0,1661.0,1661.0,1661.0
337444968,0.05941463180846894,-0.004138405284777204,-0.021848796524981794,0.9979856738546766,-0.017689121887087822,-0.09530594944953918,0.009347673505544662,1661.0,1662.0,1661.0,1661.0
337544928,0.0594951934182183,-2.5225228414597596e-05,-0.019790818131973514,0.998032386669633,0.00422305753454566,-0.0004336903220973909,0.01367801334708929,1662.0,1661.0,1661.0,1662.0
337644888,0.05955398106011156,0.0032727734900245098,-0.01938782593034528,0.9980314246050921,0.0208393856883049,0.013098247349262238,0.0026433898601680994,1661.0,1661.0,1661.0,1662.0
337744848,0.059651458412753634,0.008842684691169741,-0.0187444580151525,0.9980040860289111,-0.0670250803232193,-0.19962963461875916,0.00029681972227990627,1661.0,1662.0,1662.0,1661.0
337844808,0.059655361923143524,0.009902553901497546,-0.017125559599011343,0.9980229919337869,0.09387456625699997,-0.04174882173538208,-0.0019618116784840822,1662.0,1661.0,1661.0,1662.0
337944768,0.05965713413488012,0.010063997894818901,-0.016881973150700363,0.9980254211570591,-0.07606111466884613,0.03127743676304817,-0.0006526032229885459,1661.0,1662.0,1661.0,1661.0
338044728,0.05965909934454979,0.011198282504142313,-0.015417112346048457,0.9980369246582332,0.02532116323709488,-0.12905974686145782,-0.0009061739547178149,1662.0,1661.0,1662.0,1661.0
338145521,0.05965418805582775,0.011329743104076159,-0.014703597179148023,0.9980465014209453,0.06493294984102249,0.024894116446375847,-0.00022939829796086997,1662.0,1661.0,1661.0,1662.0
338245481,0.05965926156442473,0.01057127344472734,-0.016024932450494772,0.9980341788873273,-0.0841951072216034,0.040701281279325485,0.0028455473948270082,1661.0,1662.0,1661.0,1662.0
338345441,0.05966969678444478,0.012247250373023788,-0.015270154382936548,0.9980262293793055,-0.061086006462574005,-0.13288673758506775,0.008507106453180313,1661.0,1662.0,1662.0,1661.0
338445401,0.05965511613526497,0.012071991861130437,-0.014467478610392727,0.9980411946378018,0.04635830596089363,-0.04000430926680565,0.003444602945819497,1662.0,1661.0,1662.0,1662.0
338545361,0.05968268605014861,0.012497280096257576,-0.01638101333265782,0.9980047381541985,-0.06857800483703613,0.015319953672587872,0.0066138640977442265,1661.0,1662.0,1661.0,1662.0
338645321,0.0597533123279884,0.01548961859506808,-0.018309735048077827,0.9979250307433332,-0.07031729072332382,-0.026612509042024612,0.003318324452266097,1662.0,1662.0,1661.0,1662.0
338745281,0.059771776065458124,0.01613544665823942,-0.018903234041098917,0.9979026254549626,0.006385399494320154,0.0054579079151153564,-0.0077497828751802444,1662.0,1662.0,1662.0,1662.0
338845241,0.05979785376011724,0.015678783938691224,-0.020318236463476462,0.9978805347770352,-0.0921032577753067,0.1102391928434372,-0.006986482534557581,1661.0,1662.0,1661.0,1662.0
338945201,0.05982223960939898,0.016976166913544297,-0.02051093963272986,0.997853902512999,-0.08487416803836823,-0.12277983129024506,0.011378801427781582,1662.0,1662.0,1662.0,1661.0
339045161,0.05979749827186116,0.017978944956929657,-0.019412046423753316,0.997859804377501,0.007297816686332226,-0.17211566865444183,0.03788511082530022,1662.0,1662.0,1662.0,1661.0
339145121,0.059747420296017886,0.016287455598896657,-0.01982940823363769,0.997883640073926,0.05593281611800194,0.05092313885688782,0.02159617654979229,1662.0,1661.0,1662.0,1662.0
339245081,0.05972350538465259,0.013480095215975877,-0.02095553147866257,0.9979039310665053,0.03652534261345863,0.039007287472486496,-0.026385139673948288,1662.0,1662.0,1662.0,1662.0
339345041,0.0597189052040205,0.012428589125627072,-0.02002827050976283,0.997936897260527,0.06730734556913376,0.06522224843502045,-0.02346155233681202,1662.0,1662.0,1661.0,1662.0
339445001,0.05972240640284067,0.015400016416407362,-0.01689892539158388,0.9979531552074166,0.04795457050204277,-0.06399323791265488,0.003965511452406645,1662.0,1662.0,1662.0,1661.0
339544961,0.059757165995372376,0.016398894708327585,-0.019053242183817858,0.9978963529980613,-0.09506003558635712,-0.08940787613391876,0.02605186030268669,1662.0,1662.0,1662.0,1661.0
339644921,0.059801210447116344,0.015707849835661383,-0.023448310273014104,0.9978112323620839,-0.13187465071678162,-0.0019589033909142017,0.018071746453642845,1661.0,1662.0,1662.0,1662.0
339744881,0.05983609296229187,0.015045212901022967,-0.026001044297346797,0.9977560970714328,-0.10622221231460571,-0.0014633146347478032,-0.019244883209466934,1662.0,1662.0,1662.0,1662.0
339844841,0.05981606889606689,0.014777081556660772,-0.023892497131888627,0.9978140229237569,0.02444647252559662,-0.003940245136618614,-0.02124837040901184,1662.0,1662.0,1662.0,1662.0
339944801,0.05980265468602361,0.014500066843197552,-0.022255505751265857,0.9978567447373408,0.01457452867180109,-0.004705839790403843,-0.022576255723834038,1662.0,1662.0,1662.0,1662.0
340044761,0.059796810671498495,0.014342646316107635,-0.02084192749235896,0.9978898957242585,0.010882251895964146,-0.007788549643009901,-0.02296416275203228,1662.0,1662.0,1662.0,1662.0
340144721,0.059793807266996415,0.014218781471238675,-0.019680592204968848,0.9979154278577179,0.0067954775877296925,-0.011037131771445274,-0.019487008452415466,1662.0,1662.0,1662.0,1662.0
340245514,0.05979869179026954,0.014190458255023705,-0.01878398598971647,0.9979328179917839,0.0024543856270611286,-0.012209802865982056,-0.02122960053384304,1662.0,1662.0,1662.0,1662.0
340345474,0.0598040544325013,0.014086578297564708,-0.01809522016966085,0.9979466951657852,-0.00538597721606493,-0.009558169171214104,-0.022066738456487656,1662.0,1662.0,1662.0,1662.0
340445434,0.059820252843784144,0.014097261332698863,-0.018145099639016917,0.9979446677705701,-0.04859520494937897,-0.014473703689873219,-0.018809432163834572,1662.0,1662.0,1662.0,1662.0
340545394,0.05989725806691067,0.013706610261386133,-0.023221264292358375,0.9978402778981579,-0.2053396850824356,-0.013338558375835419,0.0015417017275467515,1662.0,1663.0,1662.0,1662.0
340645354,0.05992981583230425,0.013489539549475672,-0.027273451516374177,0.997738747538369,-0.06054799631237984,-0.011950255371630192,0.04324590042233467,1663.0,1662.0,1662.0,1662.0
340745314,0.059786456572243,0.0091289488358148,-0.029140454458979243,0.9977439931252969,0.03591492027044296,0.11981650441884995,0.069612056016922,1663.0,1662.0,1662.0,1663.0
340845274,0.05959995354270867,0.004064600815935172,-0.02956043163779988,0.9977762802548983,-0.046908989548683167,0.12072715908288956,0.045937929302453995,1662.0,1663.0,1662.0,1662.0
340945234,0.05949362859918138,0.0011145240190614007,-0.028690028597728862,0.997815688517361,-0.005388618912547827,-0.03638576343655586,-0.0007743192836642265,1662.0,1662.0,1663.0,1662.0
341045194,0.05948021709243002,0.00016255600176916612,-0.027223016709293637,0.9978581986993088,-0.005819587502628565,0.03410649299621582,-0.02247852459549904,1662.0,1663.0,1662.0,1663.0
341145154,0.059539790892459456,0.0022320434367529038,-0.02383911804935614,0.9979387394691157,0.08364393562078476,-0.08527494966983795,-0.01846877671778202,1663.0,1662.0,1663.0,1662.0
341245114,0.059593740801202034,0.004753453019288828,-0.02229342459517685,0.9979624211169135,0.02240333892405033,0.06810664385557175,6.744811253156513e-05,1662.0,1663.0,1662.0,1663.0
341345074,0.05957767320138069,0.004663155894778778,-0.020044135621116368,0.9980115171981798,-0.05502991005778313,0.0737537145614624,-0.001068844459950924,1662.0,1663.0,1662.0,1663.0
341445034,0.059580887848207656,0.005376677182414025,-0.018737318244589636,0.9980331267301183,0.0790499895811081,-0.08449394255876541,0.0015848972834646702,1663.0,1662.0,1663.0,1662.0
341544994,0.05959567092311652,0.006091904120663429,-0.019695942078711018,0.9980096765948917,-0.10451172292232513,-0.1480463445186615,0.007072953972965479,1662.0,1663.0,1663.0,1662.0
341644954,0.059578330192394176,0.005446440386159611,-0.019399515761249656,0.9980202491166376,-0.04546350985765457,-0.057325709611177444,0.004804184194654226,1663.0,1662.0,1663.0,1662.0
341744914,0.05963992491032971,0.00928497265765989,-0.019217527044806507,0.9979917611351905,0.08295600116252899,-0.12596695125102997,-0.0008587094489485025,1663.0,1662.0,1662.0,1663.0
341844874,0.059784607697514654,0.016601726483148033,-0.02038837292691869,0.9978649696274672,-0.0601920522749424,-0.17986927926540375,-0.005414578597992659,1662.0,1663.0,1662.0,1663.0
341944834,0.0598716561589339,0.024156696601261653,-0.018777574645091104,0.9977370602962231,0.04153643175959587,-0.09859857708215714,-0.005256657488644123,1663.0,1662.0,1662.0,1663.0
342044794,0.05996329321394196,0.03319015809673159,-0.0177882772288382,0.997490047101064,0.033595725893974304,-0.21632905304431915,-0.007675597909837961,1663.0,1663.0,1663.0,1662.0
342144754,0.05999714030396874,0.03911957019099597,-0.016960529112449215,0.9972874925695416,-0.07001130282878876,-0.11711529642343521,-0.0026464047841727734,1663.0,1663.0,1662.0,1663.0
342244714,0.06003683642381273,0.04646852971159384,-0.016377267442032307,0.9969794577270864,0.07617907226085663,-0.20848120748996735,1.000515931082191e-05,1663.0,1662.0,1663.0,1662.0
342345507,0.06009640811477328,0.04986921713480718,-0.01708817795926405,0.9967996173193973,-0.07879775017499924,-0.014820976182818413,7.678626570850611e-05,1662.0,1663.0,1662.0,1663.0
342445467,0.060169230965902744,0.053666633252411985,-0.018053329261059174,0.9965809718346597,-0.03131395950913429,-0.07483193278312683,0.01627388596534729,1663.0,1663.0,1663.0,1663.0
342545427,0.060123056654409555,0.054188368330884924,-0.017641167300847173,0.9965629072027669,0.07812809944152832,0.051811784505844116,0.02722342498600483,1663.0,1662.0,1662.0,1663.0
342645387,0.0601372393398096,0.053872635355184606,-0.01810715460840432,0.9965708116117294,-0.08855245262384415,0.019697437062859535,-0.007604041136801243,1662.0,1663.0,1663.0,1663.0
342745347,0.06007109452599944,0.05229797974110105,-0.0166777669618158,0.9966836193128766,0.010775156319141388,0.014223521575331688,-0.040344297885894775,1663.0,1662.0,1662.0,1663.0
342845307,0.06009757608049074,0.05076033799981297,-0.01691244099253217,0.9967575626876721,-0.04206651821732521,-0.01962784118950367,-0.021535158157348633,1663.0,1663.0,1663.0,1662.0
342945267,0.06008471183386111,0.04606614631940222,-0.017604279698792413,0.9969743361307792,-0.03449445590376854,0.11722290515899658,0.01553841307759285,1663.0,1663.0,1662.0,1663.0
343045227,0.06006287268780431,0.04311025021842889,-0.01828537932501951,0.9970955834590449,-0.032469917088747025,0.07993727177381516,0.02718449756503105,1663.0,1663.0,1663.0,1663.0
343145187,0.06001146704871063,0.03953347108903567,-0.01878507185775414,0.9972376093798374,-0.03155378997325897,0.0276079960167408,0.0378028005361557,1663.0,1662.0,1663.0,1663.0
343245147,0.060007749926606374,0.03628914248704321,-0.020060857660785702,0.9973363174357057,-0.11783615499734879,0.047223739326000214,-0.00293514016084373,1662.0,1663.0,1663.0,1663.0
343345107,0.05993809073036541,0.03351184875404882,-0.018726307122802207,0.9974636367779163,0.019317107275128365,0.038707882165908813,-0.025488356128335,1663.0,1663.0,1663.0,1663.0
343445067,0.05987169514470712,0.031449281252992456,-0.016972803234675895,0.997566161605097,0.01413838379085064,0.02749636583030224,-0.019992442801594734,1663.0,1663.0,1663.0,1663.0
343545027,0.05981780043824459,0.02955490812305555,-0.015398440325321826,0.9976528585595872,0.009648148901760578,0.021694200113415718,-0.020867133513092995,1663.0,1663.0,1663.0,1663.0
343644987,0.05978352792904351,0.028192582652520053,-0.014187286355307936,0.9977122976978938,0.0015141941839829087,0.015380224213004112,-0.02199999801814556,1663.0,1663.0,1663.0,1663.0
343744947,0.059756437883225925,0.02692147509529473,-0.013129124079220586,0.9977635132691084,0.0008191957604140043,0.008254550397396088,-0.022847341373562813,1663.0,1663.0,1663.0,1663.0
343844907,0.05974341933929069,0.026039224409476255,-0.012390610232966176,0.997797151437033,-0.0008011598256416619,0.004464435391128063,-0.019051838666200638,1663.0,1663.0,1663.0,1663.0
343944867,0.05973253921584186,0.02514190145399578,-0.011714018972705633,0.9978289885093601,-0.0067766946740448475,0.0014899149537086487,-0.022323044016957283,1663.0,1663.0,1663.0,1663.0
344044827,0.05978790364217717,0.02429646751935916,-0.013637618117812214,0.9978221803589191,-0.154197558760643,-0.0007778144208714366,-0.016740059480071068,1663.0,1663.0,1663.0,1663.0
344144787,0.06001406122291037,0.023187601022476544,-0.023195103568952543,0.9976585762598249,-0.28274664282798767,-0.006166580133140087,-0.006932227872312069,1663.0,1663.0,1663.0,1663.0
344244747,0.060176557137141685,0.02241601105346566,-0.031353128247824456,0.9974433747179069,-0.07884906977415085,-0.008351213298738003,0.030438389629125595,1664.0,1663.0,1663.0,1663.0
344344707,0.06015059943191516,0.019520685806676902,-0.035849561506968046,0.9973543287886089,-0.14409005641937256,0.0428071953356266,0.047413941472768784,1663.0,1664.0,1664.0,1663.0
344445500,0.059817646695485394,0.010360542414515698,-0.03597804543572654,0.9975069365930825,-0.07240138947963715,0.22938914597034454,0.020747525617480278,1663.0,1663.0,1663.0,1664.0
344545460,0.059541504495088333,0.0025065878209175026,-0.034831246748449604,0.9976148106909329,0.010678092949092388,0.09771014750003815,-0.019856639206409454,1664.0,1663.0,1664.0,1663.0
344645420,0.059289269277823575,-0.005412942478601681,-0.03232363496395391,0.9977026938045934,0.14623257517814636,0.09981346875429153,-0.018280519172549248,1664.0,1663.0,1663.0,1663.0
344745380,0.05908828662179582,-0.012239649351187631,-0.030398436657946268,0.9977147389993862,-0.04260396957397461,0.1608887016773224,-0.013197098858654499,1663.0,1664.0,1663.0,1664.0
344845340,0.059004912605287556,-0.01630642109224022,-0.027158617160955495,0.9977549450809601,0.10659448802471161,0.018867382779717445,-0.0038727971259504557,1664.0,1663.0,1664.0,1663.0
344945300,0.05889552589129956,-0.020102877131953967,-0.0263978304712443,0.9977125567554096,-0.07478641718626022,0.11246546357870102,0.007725877221673727,1663.0,1664.0,1663.0,1664.0
345045260,0.05886937004309546,-0.021417555223500334,-0.025267277767486086,0.9977160168470777,0.043102920055389404,0.04180323705077171,0.007025676313787699,1664.0,1663.0,1663.0,1664.0
345145220,0.05886264456673068,-0.02110128180954222,-0.02581625095942002,0.9977090989697375,-0.06328728795051575,-0.017745576798915863,-0.0019248859025537968,1663.0,1664.0,1663.0,1664.0
345245180,0.05899807659001632,-0.01833739755248523,-0.022531601517288006,0.9978353039168071,0.030499780550599098,-0.1659868210554123,-0.005169359035789967,1664.0,1663.0,1664.0,1663.0
345345140,0.059124803857621325,-0.014536796679402554,-0.020371243926306938,0.9979368474668097,0.10428633540868759,-0.1979455053806305,-0.008714360184967518,1664.0,1663.0,1664.0,1663.0
345445100,0.05921420225631118,-0.01136691855100735,-0.018901213605179983,0.9980016109897092,0.024441884830594063,-0.042167626321315765,-0.0070488350465893745,1663.0,1664.0,1663.0,1664.0
345545060,0.05933646170157401,-0.005923678420991781,-0.016659146893951073,0.9980814431555515,-0.05989566072821617,-0.039017774164676666,-0.009074599482119083,1663.0,1664.0,1663.0,1664.0
345645020,0.05939349195515676,-0.002958399426190617,-0.014673812806622227,0.9981224074250232,0.10390574485063553,-0.035010453313589096,-0.009621134959161282,1664.0,1663.0,1663.0,1664.0
345744980,0.059396983270074616,-0.002730249627963964,-0.015078666809869717,0.998116815769888,-0.08409366011619568,0.02955985628068447,-0.004381619393825531,1663.0,1664.0,1664.0,1664.0
345844940,0.05940373379706737,-0.002371898119663731,-0.01381371764606374,0.9981356379345805,0.06558003276586533,-0.059466052800416946,-0.0029817509930580854,1664.0,1663.0,1664.0,1664.0
345944900,0.059452562870822026,0.001323968907153184,-0.015344417390615674,0.9981123126829798,-0.07168717682361603,-0.0416719950735569,-0.0012505381600931287,1663.0,1664.0,1664.0,1664.0
346044860,0.05953389663362665,0.007023242900721323,-0.015858735465966178,0.9980755931893108,-0.010049475356936455,-0.1843247413635254,0.0010862668277695775,1664.0,1664.0,1664.0,1663.0
346144820,0.05959690941324703,0.011287774622817525,-0.01710273006417403,0.9980121698440384,-0.05076289549469948,-0.09466026723384857,0.007920030504465103,1664.0,1664.0,1664.0,1664.0
346244780,0.05964221391767218,0.014063302166642396,-0.018200437277601254,0.9979547955363872,0.03774575889110565,-0.09767737239599228,0.0031715822406113148,1664.0,1664.0,1664.0,1663.0
346344740,0.05971097086549005,0.016019353516157478,-0.020168706580755574,0.9978833616941833,-0.10860920697450638,-0.06294388324022293,-0.026516633108258247,1663.0,1664.0,1663.0,1664.0
346444700,0.05975684357408558,0.017350794966092275,-0.020237498101364552,0.9978569603057866,0.027671335265040398,-0.07622724026441574,-0.025594664737582207,1664.0,1664.0,1664.0,1663.0
346545493,0.05976000886393734,0.01915876522276433,-0.018839278432672215,0.9978510733791178,-0.04869728535413742,-0.10638739168643951,0.0049074371345341206,1664.0,1664.0,1664.0,1664.0
346645453,0.05977005920001774,0.019504354488536213,-0.020070863052775813,0.9978197636023896,-0.043013181537389755,0.05922923609614372,0.02550499141216278,1664.0,1664.0,1663.0,1664.0
346745413,0.059795260612995456,0.020869629420675617,-0.02173620100427689,0.9977557431265276,-0.06129945069551468,-0.08147577196359634,0.02551627717912197,1664.0,1663.0,1664.0,1664.0
346845373,0.05989115672540521,0.02366030863517887,-0.023615311496662458,0.9976450051016628,0.048241276293992996,-0.06602539122104645,-0.02572827972471714,1664.0,1663.0,1664.0,1664.0
346945333,0.05999806642377229,0.023868991455347655,-0.026563984132104076,0.9975594508696424,-0.05094489827752113,0.04140743240714073,-0.04742206633090973,1664.0,1664.0,1664.0,1664.0
347045293,0.05992908331093776,0.02020737630610261,-0.02538938822740726,0.9976750702918121,0.03146006166934967,0.11643054336309433,-0.04885591194033623,1664.0,1664.0,1664.0,1664.0
347145253,0.059815522482797014,0.01569704541150705,-0.02293342883082043,0.9978225112100453,0.019808374345302582,0.0077722747810184956,-0.026416461914777756,1664.0,1664.0,1664.0,1664.0
347245213,0.05974728195402354,0.013631209722364868,-0.021072717379267008,0.9978979872726795,0.015891794115304947,-0.01331869512796402,-0.0009105495410040021,1664.0,1664.0,1664.0,1664.0
347345173,0.059721352981207065,0.013557389854858739,-0.01954071807574998,0.9979317198663953,0.008351186290383339,-0.01182644534856081,-0.006222302094101906,1664.0,1664.0,1664.0,1664.0
347445133,0.05970747324347234,0.01357641293906922,-0.018375571283829863,0.9979544263294696,0.0016744635067880154,-0.013410688377916813,-0.01020810380578041,1664.0,1664.0,1664.0,1664.0
347545093,0.0596943425494001,0.01356405501756141,-0.01730057143182934,0.9979745949207363,-0.0005013785557821393,-0.013977687805891037,-0.00954696349799633,1664.0,1664.0,1664.0,1664.0
347645053,0.05969006463592085,0.013669788639391806,-0.016479566006159765,0.9979873030086919,-0.0015306560089811683,-0.012762034311890602,-0.01473818626254797,1664.0,1664.0,1664.0,1664.0
347745013,0.059731605447497844,0.01340003665341726,-0.019331263613077385,0.9979373109446672,-0.1447024643421173,-0.013132038526237011,-0.01176526676863432,1664.0,1664.0,1664.0,1664.0
347844973,0.0598220386134408,0.012967365041210405,-0.026723579872747205,0.9977670176042125,-0.1405174732208252,-0.014686547219753265,0.015277024358510971,1664.0,1664.0,1664.0,1664.0
347944933,0.05981631308522309,0.011770173022216881,-0.031050355482342376,0.9976569285783254,-0.1161356195807457,-0.030527716502547264,0.0355391800403595,1664.0,1664.0,1665.0,1664.0
348044893,0.05970714487776927,0.008399584372375727,-0.03283339909391293,0.9976404521353655,-0.004373375326395035,0.11692339926958084,0.016798902302980423,1665.0,1664.0,1664.0,1665.0
348144853,0.059677872040295406,0.006745910165131811,-0.03526201337851823,0.9975718694396306,-0.05641290545463562,-0.05464902147650719,-0.027144063264131546,1665.0,1664.0,1665.0,1664.0
348244813,0.05962807923164647,0.004591931339068938,-0.036193178003459905,0.9975537380009819,-0.044599130749702454,0.006364815402776003,-0.020591817796230316,1664.0,1665.0,1664.0,1664.0
348344773,0.05963179386897752,0.005272024362722885,-0.033141286412510435,0.9976562083473498,0.030814822763204575,0.005037397611886263,-0.005236326716840267,1665.0,1664.0,1664.0,1664.0
348444733,0.05963490783717293,0.006797972653908458,-0.03018767679613115,0.9977405321548789,0.08513763546943665,0.03997161239385605,0.019790232181549072,1664.0,1664.0,1664.0,1665.0
348545526,0.05964888109789903,0.008806048109297153,-0.02764098581429246,0.9977977953491778,-0.09623637050390244,0.02404313161969185,0.00560240913182497,1664.0,1665.0,1664.0,1665.0
348645486,0.05966116615473286,0.011028065928451297,-0.024570900906419488,0.99785529905071,0.11946723610162735,-0.15589557588100433,-0.00161264487542212,1665.0,1664.0,1665.0,1664.0
348745446,0.059620177875351364,0.010321427091189345,-0.0221347433023474,0.9979223194577082,-0.044636499136686325,0.08804537355899811,-0.020463179796934128,1664.0,1665.0,1664.0,1665.0
348845406,0.05965235146549145,0.013197230487628366,-0.01971673270405306,0.9979372127160961,0.052577193826436996,-0.1391291469335556,-0.014263435266911983,1665.0,1664.0,1665.0,1664.0
348945366,0.05965955848418394,0.013777259380573828,-0.019109795944298187,0.9979407496962933,-0.03868938982486725,0.05558646470308304,-0.016520945355296135,1664.0,1665.0,1664.0,1665.0
349045326,0.05966662119318746,0.015821791835280083,-0.01737483700580176,0.9979417218743446,0.04923178628087044,-0.1260969638824463,-0.008393808268010616,1665.0,1664.0,1665.0,1664.0
349145286,0.059649854021628805,0.014975101520008444,-0.01711655818980624,0.9979602520568637,-0.04803954437375069,0.033723071217536926,-0.008309485390782356,1664.0,1665.0,1664.0,1665.0
349245246,0.05962262848491495,0.013853301512489482,-0.016473897832144133,0.9979888971827141,-0.0323556587100029,0.03720826655626297,-0.006200677715241909,1665.0,1664.0,1665.0,1664.0
349345206,0.05963959275235866,0.014729968333480678,-0.016837499922340633,0.9979692608520528,0.05861521139740944,-0.03756721317768097,-0.010578521527349949,1665.0,1664.0,1664.0,1665.0
349445166,0.059705263467203576,0.01703193449286285,-0.018872828248982152,0.9978922843050883,-0.03697998821735382,0.004397894721478224,-0.007877755910158157,1664.0,1665.0,1664.0,1665.0
349545126,0.059814137933928604,0.020923178840345853,-0.021156495902059713,0.9977659505974245,-0.18072091042995453,-0.16145317256450653,-0.01053565926849842,1664.0,1665.0,1665.0,1664.0
349645086,0.059883147463767224,0.021231890305512993,-0.024129982022722252,0.997687806606591,-0.03425465151667595,-0.049433544278144836,-0.005685705225914717,1665.0,1664.0,1664.0,1665.0
349745046,0.059929837042988744,0.01930261137473771,-0.02854810857063702,0.997607552759679,-0.07352616637945175,0.08451343327760696,-0.0071332515217363834,1665.0,1665.0,1664.0,1665.0
349845006,0.05999911855427697,0.018431902804978532,-0.0332169302571513,0.9974753161236569,-0.1536661833524704,-0.04098000004887581,-0.01027351152151823,1665.0,1665.0,1665.0,1664.0
349944966,0.060065858838012215,0.0175208287711016,-0.03802175781567643,0.9973161279623587,-0.08427859097719193,0.021743278950452805,-0.011543459258973598,1665.0,1664.0,1664.0,1665.0
350044926,0.06015706679084732,0.017368346426336237,-0.04299202701038444,0.9971114047442616,-0.06642205268144608,0.052834685891866684,-0.01067750621587038,1665.0,1665.0,1664.0,1665.0
350144886,0.06024139657915981,0.018238195045594097,-0.04612137937228921,0.9969509319642912,-0.07661131769418716,-0.04586312919855118,0.014548622071743011,1665.0,1664.0,1665.0,1665.0
350244846,0.0602303040663646,0.017146071625108925,-0.04889131546140561,0.9968389849781926,0.005194651894271374,0.038208529353141785,0.0017883621621876955,1665.0,1664.0,1665.0,1665.0
350344806,0.06023140483560002,0.015851160021696106,-0.05154013530461611,0.9967269099659538,-0.10376444458961487,-0.017201723530888557,-0.04457327723503113,1664.0,1665.0,1665.0,1665.0
350444766,0.060295157398924965,0.01594249635627159,-0.052810808603864424,0.9966550804058419,-0.0931098535656929,-0.07235971093177795,-0.0458819679915905,1665.0,1665.0,1665.0,1664.0
350544726,0.060364235114986745,0.015847119696232873,-0.056252745012197965,0.9964640769214456,-0.08180128782987595,-0.002127163577824831,-0.010929943062365055,1665.0,1665.0,1664.0,1665.0
350645519,0.060367891740965234,0.016039428601453583,-0.05680926947135382,0.9964292053523025,0.08974091708660126,0.053764645010232925,0.012293165549635887,1665.0,1665.0,1665.0,1665.0
350745479,0.06014815874088509,0.013785390444093316,-0.05202283713090114,0.9967375714937393,0.06543358415365219,-0.0002483680727891624,0.00713583966717124,1665.0,1665.0,1665.0,1665.0
350845439,0.060087317720264294,0.01437453995600095,-0.04747145039646212,0.9969600534863439,0.13642080128192902,-0.057268623262643814,-0.0015289484290406108,1665.0,1664.0,1665.0,1665.0
350945399,0.06002277851052253,0.014492665891877678,-0.04341207031954518,0.9971472413068163,0.08470474928617477,-0.01007917057722807,-0.013373002409934998,1665.0,1665.0,1665.0,1665.0
351045359,0.059950335399027416,0.014449447627948813,-0.03902885916214814,0.997333404083756,0.06402280181646347,-0.01084024365991354,-0.012851400300860405,1665.0,1665.0,1665.0,1665.0
351145319,0.05989285765852705,0.014483525678062633,-0.035320008790747995,0.9974745962000485,0.05075147747993469,-0.008772737346589565,-0.017132967710494995,1665.0,1665.0,1665.0,1665.0
351245279,0.05985354994062591,0.014550168547422646,-0.0324350241243104,0.9975739643579328,0.03416959196329117,-0.013140949420630932,-0.01800529845058918,1665.0,1665.0,1665.0,1665.0
351345239,0.05981685198444902,0.014489138397792718,-0.02994863662922791,0.9976547941303198,0.02379891276359558,-0.012345806695520878,-0.019681602716445923,1665.0,1665.0,1665.0,1665.0
351445199,0.05979239785757742,0.014560644964665182,-0.027961792931796632,0.9977128820019784,0.02083629183471203,-0.015131856314837933,-0.016780653968453407,1665.0,1665.0,1665.0,1665.0
351545159,0.05976984540967478,0.014476834890775454,-0.02625678401331304,0.9977617792461921,0.011483601294457912,-0.015451167710125446,-0.02256150171160698,1665.0,1665.0,1665.0,1665.0
351645119,0.059783466993964356,0.014412604086863942,-0.026749597238620478,0.9977488025375869,-0.11178719252347946,-0.014595553278923035,-0.019417745992541313,1665.0,1665.0,1665.0,1665.0
351745079,0.05984155970851274,0.014061404076753067,-0.03182098850365481,0.9976014681914281,-0.050879690796136856,-0.014079567044973373,0.015399194322526455,1666.0,1665.0,1665.0,1665.0
351845039,0.05986083196900504,0.014461824300360124,-0.03461103745192089,0.9975016854724537,-0.13902361690998077,-0.07140491157770157,0.026452306658029556,1665.0,1666.0,1666.0,1665.0
351944999,0.059862230626106745,0.014536725391063515,-0.035807460496231736,0.9974582811988593,-0.04665182903409004,0.05145270749926567,-0.0007569503504782915,1665.0,1665.0,1665.0,1666.0
352044959,0.05988976470794119,0.01526179110243995,-0.03597512256790077,0.9974397647837174,0.0777076706290245,-0.08327267318964005,-0.0188099667429924,1666.0,1665.0,1666.0,1665.0
352144919,0.05999824611130485,0.017782059222746498,-0.03677344081211581,0.9973623829301985,-0.06908976286649704,-0.09019698202610016,-0.028447696939110756,1665.0,1666.0,1665.0,1666.0
352244879,0.06007401153345158,0.020746086291556155,-0.03522142062481227,0.9973565884732662,-0.018846064805984497,-0.015436213463544846,-0.027776136994361877,1665.0,1666.0,1665.0,1666.0
352344839,0.060182323633234155,0.026147652056912146,-0.0327487278335589,0.9973073292818513,0.11603642255067825,-0.24282553791999817,-0.027188580483198166,1666.0,1665.0,1666.0,1665.0
352444799,0.06028641300556237,0.03072396880795358,-0.03181295527974352,0.9972008433730789,-0.035736069083213806,-0.0548827163875103,-0.01999269612133503,1665.0,1666.0,1665.0,1666.0
352544759,0.06036618753264122,0.0374388741103538,-0.029399336507808193,0.9970405874993374,0.07906042039394379,-0.19166512787342072,-0.01087451446801424,1666.0,1665.0,1666.0,1665.0
352644719,0.060302560439803865,0.041977652182255035,-0.02558101382480956,0.9969689511982629,0.021520910784602165,-0.08272922039031982,-0.013988306745886803,1665.0,1666.0,1665.0,1666.0
352745512,0.060075502516556065,0.04616876503921061,-0.019169594909781183,0.996941274982199,0.154302716255188,-0.07074912637472153,-0.012389215640723705,1666.0,1665.0,1666.0,1665.0
352845472,0.05988854318727289,0.04911033248219712,-0.014796915144688002,0.996886447365293,0.051817961037158966,-0.0881420224905014,-0.008982472121715546,1665.0,1666.0,1666.0,1665.0
352945432,0.05956357118116032,0.04806709569838733,-0.008307606671508328,0.9970319548392922,0.0411386676132679,0.06852089613676071,-0.009004163555800915,1666.0,1666.0,1665.0,1666.0
353045392,0.05925075969093405,0.04814944705289709,-0.001874047622759884,0.9970794683324169,0.1814657747745514,-0.026467088609933853,-0.006620093714445829,1666.0,1665.0,1666.0,1665.0
353145352,0.05908906994792943,0.046017415469446196,0.0019104983265860282,0.9971896656515977,0.012138966470956802,0.05118619650602341,-0.012413187883794308,1665.0,1666.0,1665.0,1666.0
353245312,0.058989193773441036,0.04497350169344996,0.004440641011897565,0.9972351477313623,-0.04614894464612007,0.050560299307107925,-0.01598525606095791,1666.0,1666.0,1666.0,1666.0
353345272,0.058919849091108305,0.043415784396537406,0.00655965169508263,0.9972965918010317,0.072506844997406,-0.05634848400950432,-0.014937796629965305,1666.0,1665.0,1666.0,1665.0
353445232,0.058984038103666696,0.04097162604976107,0.005666053942758291,0.9974016768286194,-0.048029035329818726,0.09710743278265,0.004974752198904753,1666.0,1666.0,1665.0,1666.0
353545192,0.05906395617306057,0.03856130742024142,0.0036032663313043576,0.9975026271258508,-0.03320138901472092,0.05437498539686203,0.015475686639547348,1666.0,1666.0,1666.0,1666.0
353645152,0.059195130547084585,0.03554241240113803,0.0006521033939613357,0.9976132758746672,-0.16614042222499847,0.054636094719171524,-0.024445045739412308,1665.0,1666.0,1666.0,1666.0
353745112,0.05929319939832452,0.0332382189253674,-0.0010968499811333467,0.9976864909518917,-0.055238351225852966,0.03552183881402016,-0.0467117540538311,1666.0,1666.0,1666.0,1666.0
353845072,0.05951113358741614,0.031733064145817697,-0.007206190385513052,0.9976971025512633,-0.14382454752922058,-0.051281098276376724,-0.015889126807451248,1666.0,1666.0,1666.0,1665.0
353945032,0.05964714618938994,0.02920836063400071,-0.012362478003163422,0.9977155199545394,-0.09368482977151871,0.07492019236087799,0.00865088775753975,1666.0,1666.0,1665.0,1666.0
354044992,0.05964200263267238,0.0295564285021805,-0.012714840480368406,0.9977011485849451,-0.022827250882983208,0.03651329502463341,0.006974022835493088,1666.0,1666.0,1666.0,1666.0
354144952,0.05961449517209142,0.027367526156377366,-0.012312273488646398,0.9977702833813992,0.05190766230225563,0.024580394849181175,-0.03228142112493515,1666.0,1665.0,1666.0,1666.0
354244912,0.05971728949426283,0.025337471214659894,-0.01565984679657227,0.9977708289413019,-0.1110793948173523,0.02016187645494938,-0.04869460314512253,1666.0,1666.0,1666.0,1666.0
354344872,0.05981705337609629,0.023587528585817506,-0.019392330239942225,0.997742194230794,-0.08035322278738022,0.02122957445681095,-0.046248167753219604,1666.0,1666.0,1665.0,1666.0
354444832,0.059784744583800974,0.02243117848286834,-0.018406742309448634,0.9977894659618697,0.0006613677251152694,-0.06542371213436127,-0.00922022107988596,1666.0,1666.0,1666.0,1666.0
354544792,0.05973993349568269,0.02267536631282989,-0.016862602212069835,0.9978139209066729,0.03295788913965225,-0.018636049702763557,0.0021530836820602417,1658.0,1658.0,1658.0,1658.0
354644752,0.05964965499266282,0.02106412984818082,-0.014445683178053526,0.9978925509946022,0.032632652670145035,0.02638208493590355,0.007113001309335232,1644.0,1644.0,1644.0,1644.0
354744712,0.05967408457094134,0.02149431183037316,-0.016064555763476745,0.9978571682548966,-0.1386946737766266,-0.04704699292778969,0.0021153041161596775,1634.0,1634.0,1634.0,1634.0
354845505,0.05972817051166587,0.020309213245002504,-0.019675310110621954,0.9978140927431068,-0.07958292216062546,0.0615217387676239,-0.009210936725139618,1629.0,1629.0,1629.0,1629.0
354945465,0.05972855668337286,0.0178554415967071,-0.021904255835327135,0.9978145550643208,-0.09908993542194366,0.021718373522162437,-0.013448001816868782,1631.0,1632.0,1631.0,1631.0
355045425,0.059728543876358973,0.016298320007056378,-0.023399148716264678,0.9978072687902767,-0.07714540511369705,0.010309849865734577,-0.01662447862327099,1637.0,1637.0,1637.0,1637.0
355145385,0.05971984857914646,0.013760568802520114,-0.026113841519206222,0.997778659680104,-0.05976296588778496,0.061689652502536774,-0.019075436517596245,1643.0,1643.0,1643.0,1643.0
355245345,0.059702436449797926,0.012368212991349343,-0.027112225109061194,0.9977713032749509,-0.018092036247253418,0.015447312034666538,-0.016547413542866707,1648.0,1648.0,1648.0,1648.0
355345305,0.05970675107925084,0.011638283605152856,-0.028657515431310544,0.9977366391185555,-0.09603900462388992,0.01260301936417818,-0.01470494270324707,1652.0,1652.0,1652.0,1652.0
355445265,0.05963765493998519,0.008302449994567255,-0.030414404538274792,0.9977220972966016,-0.1322055608034134,0.04782680794596672,-0.010789070278406143,1655.0,1656.0,1655.0,1655.0
355545225,0.059451667209166906,0.001940276234388486,-0.03133221935258716,0.9977374537545567,-0.09358816593885422,0.19916287064552307,-0.010248217731714249,1658.0,1658.0,1658.0,1658.0
355645185,0.05928881774881876,-0.003324177480770994,-0.03157804075854865,0.9977357432085288,-0.016673505306243896,0.15113294124603271,-0.012807697989046574,1660.0,1660.0,1660.0,1660.0
355745145,0.05919996766412138,-0.006101189714074792,-0.03144069283789964,0.9977322397048783,0.10787554830312729,-0.011735664680600166,-0.010356633923947811,1662.0,1662.0,1662.0,1662.0
355845105,0.05913167150486513,-0.009302520054796287,-0.027168618480745622,0.9978370481774661,0.09701532125473022,0.11898012459278107,-0.020665189251303673,1663.0,1663.0,1663.0,1663.0
355945065,0.05907742347819914,-0.012256657481578035,-0.024528288175453022,0.9978767436220461,-0.06998337060213089,-0.09465616941452026,-0.014171907678246498,1664.0,1664.0,1664.0,1664.0
356045025,0.0591465830680365,-0.009243237298850357,-0.026356067195167032,0.9978585080048258,0.00448940834030509,-0.05066346004605293,-0.018781952559947968,1665.0,1664.0,1664.0,1664.0
356144985,0.05915932678285517,-0.008587161918298633,-0.027024908727015566,0.9978457240541169,-0.09140755981206894,-0.0333053357899189,-0.012862913310527802,1664.0,1665.0,1665.0,1665.0
356244945,0.05922983662128955,-0.006271163929407866,-0.02606832574005353,0.9978842324387616,-0.045802246779203415,-0.11516121029853821,-0.015532076358795166,1665.0,1665.0,1665.0,1664.0
356344905,0.05925615463141565,-0.005196811829573725,-0.025234651828211753,0.997910273337345,-0.0565338060259819,-0.0004384794447105378,-0.0060454909689724445,1664.0,1665.0,1664.0,1665.0
356444865,0.0593112877334534,-0.003175538597517117,-0.022709155452026283,0.9979761426811119,0.11638952791690826,-0.010843564756214619,-0.013836255297064781,1665.0,1664.0,1664.0,1664.0
356544825,0.05940205457879131,0.0007549424407106964,-0.025567980521515786,0.9979063605097329,-0.06763368844985962,-0.09045825898647308,-0.011735064908862114,1664.0,1664.0,1664.0,1664.0
356644785,0.059499723858411444,0.004135788923387975,-0.028023752359492237,0.9978263112458239,-0.059211961925029755,-0.07780355960130692,-0.013979341834783554,1664.0,1664.0,1664.0,1664.0
356744745,0.05953400816525966,0.005903137595413351,-0.02617526696941469,0.9978655772384316,0.005946106277406216,-0.11007532477378845,-0.012837779708206654,1663.0,1663.0,1664.0,1663.0
356844705,0.059550020966167704,0.009595669040273697,-0.019230269049305436,0.9979939453177509,0.1487249732017517,-0.1083119735121727,-0.014443635009229183,1663.0,1663.0,1663.0,1663.0
356945498,0.05951827150923401,0.01421060209605475,-0.011938525177979883,0.9980546607081175,0.11961237341165543,-0.08807121217250824,-0.015104042366147041,1663.0,1663.0,1663.0,1663.0
357045458,0.059497498487111895,0.01363114861514742,-0.010781624421760201,0.998077149340689,-0.1264025866985321,0.14209626615047455,-0.01129675842821598,1662.0,1663.0,1662.0,1663.0
357145418,0.05951273414384235,0.011308769541054704,-0.013839867925190782,0.9980675349203605,-0.07327529042959213,-0.02431400492787361,-0.017788052558898926,1663.0,1662.0,1663.0,1662.0
357245378,0.05956141934513728,0.01129797906232099,-0.018088835486641537,0.9979967870817208,-0.08408565074205399,-0.05504947900772095,-0.0043043531477451324,1662.0,1662.0,1662.0,1662.0
357345338,0.05963694037534455,0.012769663358713839,-0.022596772795485238,0.9978826368364178,-0.08212940394878387,-0.04702506214380264,-0.003861564677208662,1662.0,1662.0,1662.0,1662.0
357445298,0.05970447277881636,0.014113578115154304,-0.02566119861727509,0.9977863928359195,-0.07259675860404968,-0.04146494343876839,-0.010747555643320084,1662.0,1662.0,1662.0,1662.0
357545258,0.05976275493489052,0.015114864522103127,-0.028044195785016216,0.9977041029663265,-0.06373969465494156,-0.0353887565433979,-0.012572016566991806,1662.0,1662.0,1662.0,1662.0
357645218,0.05982235544609406,0.016087794213884395,-0.030074298646084102,0.9976261851150254,-0.053584858775138855,-0.03602674975991249,-0.016242189332842827,1662.0,1662.0,1662.0,1662.0
357745178,0.05987348324752485,0.01685733527502253,-0.03162070963417171,0.997562593010316,-0.048676662147045135,-0.03050975874066353,-0.019711552187800407,1662.0,1662.0,1662.0,1662.0
357845138,0.05992371124507369,0.017578083324283796,-0.03305804828566891,0.997500538977701,-0.041710857301950455,-0.03076060861349106,-0.017472917214035988,1662.0,1662.0,1662.0,1662.0
357945098,0.0597953447304954,0.014204092689400327,-0.03118093675018162,0.9976224284180931,0.053841482847929,0.1276540756225586,-0.019149741157889366,1662.0,1662.0,1662.0,1662.0
358045058,0.05976335941252047,0.013382324128116024,-0.030357275507828133,0.9976611098446214,0.10087883472442627,0.001946337055414915,-0.02140682563185692,1662.0,1662.0,1662.0,1662.0
358145018,0.05963340953031299,0.010956935925329373,-0.02506859308841277,0.9978453626005814,0.0763385146856308,0.07683231681585312,-0.022046249359846115,1662.0,1662.0,1662.0,1662.0
358244978,0.05956212877671734,0.010012929872345436,-0.020924848946930617,0.9979550314255173,0.05490744858980179,-0.014321878552436829,-0.011499476619064808,1662.0,1662.0,1662.0,1662.0
358344938,0.05951997724652742,0.010154406381279133,-0.017348884247061498,0.9980246873474619,0.043450020253658295,-0.015964552760124207,-0.01564790867269039,1662.0,1662.0,1662.0,1662.0
358444898,0.059489322459541256,0.010352037411873972,-0.014483773791755306,0.9980701759553169,0.03245983272790909,-0.014042934402823448,-0.015811899676918983,1662.0,1662.0,1662.0,1662.0
358544858,0.05951394600513855,0.01005222213645376,-0.017051988163065065,0.9980311982902657,-0.10495886951684952,-0.01261681318283081,-0.01980014331638813,1662.0,1662.0,1662.0,1662.0
358644818,0.05955399449901289,0.009783492352378692,-0.020676559867730024,0.9979629676940115,-0.0890614315867424,-0.013442331925034523,-0.02577264979481697,1662.0,1662.0,1662.0,1662.0
358744778,0.05958964182260254,0.00951247650272887,-0.02425234798639375,0.9978829645782044,-0.13979080319404602,-0.016782334074378014,-0.020039986819028854,1662.0,1662.0,1662.0,1662.0
358844738,0.0596854580379902,0.00892155872504169,-0.03440441066470428,0.9975842763473798,-0.2785104811191559,-0.012879308313131332,-0.01628626510500908,1662.0,1662.0,1662.0,1662.0
358944698,0.060091386580661765,0.01386777266121677,-0.04955908473979554,0.9968653907423931,-0.3563707172870636,-0.17127887904644012,-0.01401161216199398,1662.0,1663.0,1662.0,1662.0
359045491,0.06062226197853914,0.019432879195083123,-0.06170165812116707,0.9960623524377846,-0.13024981319904327,-0.08497108519077301,-0.018491027876734734,1663.0,1662.0,1662.0,1663.0
359145451,0.061031198103490496,0.022907048521067702,-0.0695946736060682,0.9954431382011586,-0.18186748027801514,-0.07089206576347351,-0.01856021024286747,1662.0,1663.0,1662.0,1662.0
359245411,0.06116894092468672,0.024355452088407427,-0.0712036022333613,0.9952865012893096,-0.062483206391334534,-0.07302675396203995,-0.01683538779616356,1662.0,1663.0,1663.0,1662.0
359345371,0.06109042764972906,0.02397659159348781,-0.06935007902888231,0.9954313885164664,0.08401919156312943,0.0032439662609249353,-0.017276668921113014,1663.0,1662.0,1662.0,1662.0
359445331,0.061027196866435464,0.02376702373657941,-0.06754355588477232,0.995564502121169,0.0591428168118,-0.07705548405647278,-0.015452941879630089,1662.0,1663.0,1663.0,1662.0
359545291,0.06082918466165273,0.02294813598232746,-0.06217700506439311,0.9959453867504772,0.05032876506447792,0.06660468131303787,-0.014193212613463402,1662.0,1662.0,1662.0,1663.0
359645251,0.060646725864452036,0.02312538916884473,-0.054939179082715874,0.9963778789291886,0.2010221779346466,-0.001494077150709927,-0.021215500310063362,1663.0,1662.0,1663.0,1662.0
359745211,0.06043610604655664,0.02107001033791441,-0.05051255759795117,0.9966704637317207,-0.006598455831408501,-0.003502886276692152,-0.02112233266234398,1662.0,1663.0,1662.0,1662.0
359845171,0.06023261443740599,0.019136925905402252,-0.04510498419115625,0.9969811184902357,0.154448002576828,0.0573248416185379,-0.020809371024370193,1663.0,1662.0,1662.0,1662.0
359945131,0.06014053490518552,0.01853671154158119,-0.04189136633170519,0.9971382150000095,-0.0118945874273777,-0.06324222683906555,-0.01703931950032711,1662.0,1663.0,1663.0,1662.0
360045091,0.06001901429309608,0.017417534555183255,-0.037998003931350194,0.9973216628102176,-0.0250052809715271,0.10120897740125656,-0.014304563403129578,1662.0,1663.0,1662.0,1663.0
360145051,0.059954630457006546,0.017980737787696863,-0.03382780056719818,0.9974656962844185,0.0746874064207077,-0.01593109592795372,-0.020721271634101868,1663.0,1662.0,1663.0,1662.0
360245011,0.059938199436395966,0.018729922494028703,-0.031779556157743576,0.9975202564670591,0.018784860149025917,-0.10139892995357513,-0.02414855919778347,1662.0,1663.0,1663.0,1662.0
360344971,0.05982740269712468,0.01662659561804169,-0.02879777187121058,0.9976547130846043,0.05065673589706421,0.08537846803665161,-0.02304799109697342,1663.0,1662.0,1662.0,1663.0
360444931,0.05978551797414215,0.015570890567000303,-0.02796785254794797,0.9976978693128348,0.04041104018688202,0.009530448354780674,-0.01589462347328663,1662.0,1662.0,1663.0,1662.0
360544891,0.059814942888050504,0.016780981021327017,-0.027989436099418355,0.9976758806095783,-0.12371886521577835,-0.14579129219055176,-0.016319414600729942,1662.0,1663.0,1663.0,1662.0
360644851,0.05973866445797913,0.015056179098255842,-0.025823765785859036,0.9977663737370465,0.0721357986330986,0.11412204802036285,-0.021443698555231094,1663.0,1662.0,1662.0,1663.0
360744811,0.05975341197401458,0.015685271333495877,-0.02585994388756419,0.9977548623398387,-0.08354037255048752,-0.11792430281639099,-0.01948036625981331,1662.0,1663.0,1663.0,1662.0
360844771,0.059718746557987354,0.01514944508352112,-0.024343032818559,0.997803378615446,-0.01722867041826248,0.07466917484998703,-0.01943422108888626,1663.0,1663.0,1662.0,1663.0
360944731,0.05969252167726141,0.015147210480629496,-0.022821546603733384,0.9978409401708666,0.07840824872255325,-0.07102993130683899,-0.02079763077199459,1663.0,1662.0,1663.0,1662.0
361045524,0.059708215908747704,0.014567860890397752,-0.024550905928768286,0.9978075763393207,-0.14694936573505402,-0.05866227671504021,-0.016424456611275673,1662.0,1663.0,1663.0,1663.0
361145484,0.05973321924589979,0.013636085905855199,-0.027482105404611292,0.9977428193488638,-0.19769693911075592,0.03064913861453533,-0.02383771911263466,1662.0,1663.0,1662.0,1663.0
361245444,0.059737536144631224,0.013267703311958508,-0.02832013952245825,0.9977240923830712,0.06073449179530144,-0.0593542605638504,-0.01806528866291046,1663.0,1662.0,1663.0,1662.0
361345404,0.059728474187781044,0.01245654656501851,-0.02931529358394065,0.9977063482713541,-0.10536451637744904,0.016733655706048012,-0.01858004741370678,1662.0,1663.0,1662.0,1663.0
361445364,0.05979614297795198,0.015687583703549602,-0.02833828285832762,0.9976849516391164,0.07822196185588837,-0.042231485247612,-0.015361321158707142,1663.0,1662.0,1663.0,1662.0
361545324,0.05996128367733196,0.021000306199296298,-0.030081560963854823,0.9975263060637951,-0.15556715428829193,-0.25373393297195435,-0.015032084658741951,1662.0,1663.0,1663.0,1662.0
361645284,0.06010104377938484,0.026503431337139508,-0.030139202727650843,0.9973851117411607,0.06330382823944092,-0.06976795196533203,-0.01682264916598797,1663.0,1662.0,1662.0,1663.0
361745244,0.06033019681907966,0.034334632025601795,-0.031173280820463233,0.9971006102486981,-0.11791331321001053,-0.24262896180152893,-0.02052483707666397,1662.0,1663.0,1663.0,1662.0
361845204,0.06042087990686309,0.03919442375063235,-0.030409405897828826,0.9969395079196518,0.030846480280160904,-0.0821564570069313,-0.022433007135987282,1663.0,1662.0,1662.0,1663.0
361945164,0.06055188600130394,0.04399423975496988,-0.030888609054465964,0.9967165443599036,0.017196575179696083,-0.022140122950077057,-0.01907191425561905,1663.0,1663.0,1662.0,1663.0
362045124,0.06065991386208253,0.04721914737499025,-0.031619578208866225,0.9965394770129867,-0.08595911413431168,-0.13157710433006287,-0.019430672749876976,1662.0,1663.0,1663.0,1662.0
362145084,0.060599429936961914,0.04837042287107185,-0.029898337607683508,0.9965410682409862,0.028827104717493057,-0.04026573896408081,-0.014453986659646034,1663.0,1662.0,1662.0,1663.0
362245044,0.06060998924204741,0.049839958403962346,-0.029494274125361087,0.9964800527578002,0.06802462786436081,-0.03201749548316002,-0.024632874876260757,1663.0,1662.0,1663.0,1663.0
362345004,0.06063780417171904,0.04906252301567923,-0.030070252032264683,0.9964997267853536,-0.09248342365026474,0.07919378578662872,-0.03542804345488548,1662.0,1663.0,1662.0,1663.0
362444964,0.06055273108706906,0.04956134466351787,-0.028053410023581925,0.996539033886325,0.037665609270334244,-0.01729040965437889,-0.01825249195098877,1663.0,1663.0,1663.0,1662.0
362544924,0.060394646141409894,0.04919057021830721,-0.025472267599661407,0.9966363118522137,0.03899580240249634,-0.0868396908044815,0.019307157024741173,1663.0,1663.0,1663.0,1662.0
362644884,0.06013578422327635,0.04814914337712719,-0.021052813412652402,0.9968059623092713,0.044394854456186295,-0.04007765278220177,-0.0014449050650000572,1662.0,1663.0,1663.0,1663.0
362744844,0.05984577542648243,0.04918360637083295,-0.01488684625714351,0.9968840643908791,0.11839059740304947,-0.03028671070933342,-0.038732919842004776,1663.0,1662.0,1663.0,1663.0
362844804,0.05962115302960953,0.046265258659388124,-0.009776097716472724,0.9971004321862658,0.10608766973018646,0.10836941748857498,-0.06199047341942787,1663.0,1663.0,1663.0,1663.0
362944764,0.05940518396559261,0.040569872688622104,-0.004241563208942214,0.9974001798122896,0.09047842025756836,0.19098208844661713,-0.024413323029875755,1663.0,1663.0,1662.0,1663.0
363044724,0.059222821121247333,0.0361009877402381,0.0007030622582669109,0.9975915405846628,0.0699138268828392,0.05006830021739006,0.013671129941940308,1663.0,1663.0,1663.0,1662.0
363145517,0.05919200212084147,0.03176257006204423,0.001637465511364483,0.9977398281790094,-0.06339171528816223,-0.029717538505792618,0.00803292915225029,1663.0,1663.0,1663.0,1663.0
363245477,0.0591780325801229,0.03198975917399902,0.0019723190150845982,0.9977327927484584,0.05731173977255821,-0.021619535982608795,-0.027773095294833183,1663.0,1662.0,1663.0,1663.0
363345437,0.059190791426528326,0.03212034050526232,0.0020908255627520435,0.9977275992898029,-0.001913173240609467,-0.019854452461004257,-0.03990979492664337,1663.0,1663.0,1663.0,1663.0
363445397,0.05932233975940701,0.02719046745750925,-0.0008972880934253175,0.9978680941682568,-0.08621140569448471,0.11232949793338776,-0.034219712018966675,1663.0,1663.0,1663.0,1663.0
363545357,0.059400519669685306,0.02186850917922393,-0.003682992873323536,0.9979878667262166,-0.07281947135925293,0.10955924540758133,-0.005192344076931477,1663.0,1663.0,1663.0,1663.0
363645317,0.05942051666346764,0.018784571625002883,-0.006074752879965622,0.9980377945978595,-0.06398682296276093,0.0824223980307579,0.011499890126287937,1663.0,1663.0,1663.0,1663.0
363745277,0.059459390357696436,0.01431902777431427,-0.010886781571419599,0.9980686471024455,-0.15018966794013977,0.06215304881334305,-0.006248715799301863,1662.0,1663.0,1663.0,1663.0
363845237,0.059476184100989066,0.010801602895034327,-0.014195403836861254,0.998070337906899,-0.03804639354348183,0.047262173146009445,-0.040542908012866974,1663.0,1663.0,1663.0,1663.0
363945197,0.059481920181076404,0.009546871675808173,-0.014761628573660259,0.9980745727322339,-0.029129700735211372,-0.06060677394270897,-0.032930728048086166,1663.0,1663.0,1663.0,1663.0
364045157,0.05954285080546907,0.013459323250745928,-0.015552586091828163,0.9980138338727805,-0.028296232223510742,-0.07787489145994186,-0.006823798641562462,1663.0,1663.0,1663.0,1662.0
364145117,0.05959774049120169,0.018274873806915188,-0.016300380444032765,0.9979220590372099,-0.02809740975499153,-0.16816720366477966,0.0024653379805386066,1663.0,1663.0,1663.0,1663.0
364245077,0.0597650302665709,0.02487435883954225,-0.019904340503534824,0.9977039764673071,-0.006908108945935965,-0.13956375420093536,-0.021552274003624916,1663.0,1663.0,1663.0,1663.0
364345037,0.05998600517560859,0.030126809901547823,-0.02437284625952655,0.997446749893666,-0.09525918960571289,-0.1166091188788414,-0.02474772185087204,1663.0,1663.0,1663.0,1663.0
364444997,0.06012342247430805,0.03137481950440421,-0.02780926134895313,0.9973101021017825,-0.07737533003091812,0.09364962577819824,-0.019137589260935783,1663.0,1663.0,1663.0,1663.0
364544957,0.06008798157449813,0.02669472943724217,-0.030277071830067954,0.9973766213482108,-0.0720144584774971,0.06652086228132248,-0.02541525289416313,1663.0,1663.0,1663.0,1663.0
364644917,0.060048652119025075,0.02297777825599163,-0.032433235075014305,0.9974037629504291,-0.06348267197608948,0.05284735932946205,-0.021337922662496567,1663.0,1663.0,1663.0,1663.0
364744877,0.060003410446115985,0.020020658324561583,-0.03406245633768388,0.9974159177812081,-0.05133763328194618,0.03637601062655449,-0.021169863641262054,1663.0,1663.0,1663.0,1663.0
364844837,0.059968700787577336,0.017741736878633788,-0.03554110572346563,0.9974095525421505,-0.04783592000603676,0.027799256145954132,-0.023545194417238235,1663.0,1663.0,1663.0,1663.0
364944797,0.05993672520728063,0.01592279204709681,-0.03670453113677175,0.9974000356220575,-0.04048139601945877,0.02094905637204647,-0.026042215526103973,1663.0,1663.0,1663.0,1663.0
365044757,0.059909194376770496,0.014474397111249804,-0.037701190549216806,0.9973865852760222,-0.038250699639320374,0.011928470805287361,-0.02704809419810772,1663.0,1663.0,1663.0,1663.0
365144717,0.059877989786972965,0.013311588985920084,-0.037957981930497375,0.9973949165428432,-0.004402750171720982,0.009394911117851734,-0.026541540399193764,1663.0,1663.0,1663.0,1663.0
365245510,0.059672280608969924,0.010213735206596974,-0.029772272256471288,0.9977216597552349,0.127965047955513,0.11025542765855789,-0.02629685401916504,1663.0,1663.0,1663.0,1663.0
365345470,0.05941030409896186,0.0015527543975763242,-0.022147222099903115,0.9979867260008558,0.1571039855480194,0.21996693313121796,-0.032084543257951736,1663.0,1663.0,1663.0,1663.0
365445430,0.05921559120321389,-0.010951668212451972,-0.01249588810727283,0.9981069218787277,0.153745636343956,0.26264357566833496,0.0017593206139281392,1663.0,1663.0,1663.0,1663.0
365545390,0.05914682323771433,-0.02028207900983295,-0.007307919972683801,0.9980164752535893,-0.03910597786307335,0.0410141758620739,0.014582786709070206,1663.0,1663.0,1664.0,1663.0
365645350,0.05916570323790027,-0.02515114632105881,-0.0038977962998702318,0.9979236677136715,0.08285990357398987,0.10471037030220032,-0.022035643458366394,1663.0,1663.0,1663.0,1664.0
365745310,0.0592193949591402,-0.02541953504930148,-0.0025006007200401637,0.9979181617219869,-0.04022255539894104,0.018761340528726578,-0.05014628544449806,1664.0,1663.0,1663.0,1664.0
365845270,0.05917663407556704,-0.019966520387678904,-0.007701371967271873,0.9980181125174616,-0.11350621283054352,-0.17075876891613007,-0.03734308481216431,1663.0,1664.0,1663.0,1663.0
365945230,0.05916305763495408,-0.013420495672238516,-0.01367162902603735,0.9980644816177806,-0.17129456996917725,-0.14401289820671082,0.0005646644858643413,1663.0,1663.0,1663.0,1663.0
366045190,0.059162150729604075,-0.009104939450624462,-0.017821076512277424,0.9980477690123812,-0.010332314297556877,-0.0408439002931118,0.023930780589580536,1664.0,1663.0,1663.0,1664.0
366145150,0.05920910719006946,-0.004671371694278198,-0.022885590499710652,0.9979722990442812,-0.14839023351669312,-0.07611648738384247,-0.014484109356999397,1663.0,1663.0,1663.0,1663.0
366245110,0.05931983640823079,-0.0006974729398084086,-0.026744587687199013,0.9978804525440113,-0.028222473338246346,-0.11528131365776062,-0.04511263594031334,1663.0,1664.0,1664.0,1663.0
366345070,0.05939720345080497,0.0013141308192453794,-0.02736279572507148,0.9978584682671795,-0.11146467924118042,-0.11688428372144699,-0.045578569173812866,1663.0,1663.0,1663.0,1663.0
366445030,0.059481296983624594,0.00416428823424726,-0.02755423748495981,0.997840366997282,0.04406800493597984,-0.07033737748861313,-0.011333257891237736,1664.0,1663.0,1663.0,1663.0
366544990,0.059591898993983795,0.00886624699770887,-0.02843841347385522,0.9977782578697316,0.0028948660474270582,-0.2121637463569641,0.002209979575127363,1663.0,1663.0,1664.0,1663.0
366644950,0.05966931321928218,0.012429354553473484,-0.027716901634236277,0.9977559108164288,0.020080074667930603,0.011563616804778576,-0.03188434988260269,1663.0,1663.0,1663.0,1664.0
366744910,0.0598048247719529,0.015856005742179633,-0.029041730483467847,0.9976615397550542,-0.003414840903133154,-0.0397179089486599,-0.05619524419307709,1664.0,1663.0,1663.0,1663.0
366844870,0.05994447223190548,0.01787172649206617,-0.032495470102664535,0.9975125593514289,-0.05890010669827461,-0.0848197266459465,-0.03500016778707504,1663.0,1664.0,1663.0,1663.0
366944830,0.060028505931899845,0.018186380343320596,-0.03678904013005921,0.9973526961771852,-0.1278562843799591,-0.0321233905851841,0.006270366720855236,1664.0,1663.0,1663.0,1663.0
367044790,0.060115968928721834,0.01848045084294644,-0.041823836080933555,0.9971435753951773,-0.020737839862704277,0.015464014373719692,0.0031996231991797686,1664.0,1663.0,1663.0,1664.0
367144750,0.06024138095088383,0.019606668969487227,-0.046015065781169165,0.9969298712919611,-0.05251336097717285,0.01124120969325304,-0.020665403455495834,1664.0,1663.0,1663.0,1664.0
367244710,0.06045060515106235,0.02171093407293263,-0.05052099916367186,0.9966554009897581,-0.14393147826194763,-0.12465623021125793,-0.03556402027606964,1663.0,1664.0,1664.0,1663.0
367345503,0.06049940785234202,0.02103993288562573,-0.05335068111529561,0.9965193664441342,-0.044800810515880585,0.014441820792853832,-0.03578255698084831,1663.0,1663.0,1663.0,1664.0
367445463,0.060558995536796,0.02128950896105914,-0.054924021137826684,0.9964249679578603,-0.08564861863851547,0.0034037018194794655,-0.02869790606200695,1663.0,1664.0,1663.0,1663.0
367545423,0.060554963342690116,0.021185953647828243,-0.05495800331876213,0.9964255464678795,0.06504523754119873,-0.0808718353509903,-0.020819509401917458,1664.0,1663.0,1664.0,1663.0
367645383,0.060437166861396885,0.01926226525198189,-0.05414989923424144,0.9965159820153673,0.08694221824407578,0.10271738469600677,-0.01851608231663704,1663.0,1663.0,1663.0,1664.0
367745343,0.060361944950692234,0.018436293586694037,-0.05263892343582174,0.9966171192690163,-0.10708636790513992,-0.021121598780155182,-0.02325958013534546,1663.0,1664.0,1664.0,1663.0
367845303,0.06025445949048464,0.016769604894590538,-0.05131769817828056,0.9967219643997376,0.042779501527547836,0.006886484567075968,-0.02342517301440239,1663.0,1664.0,1663.0,1664.0
367945263,0.0601931556925677,0.01609959694350187,-0.04983482900426825,0.9968119565916845,-0.013318668119609356,0.0060160355642437935,-0.019610179588198662,1664.0,1663.0,1664.0,1663.0
368045223,0.06019103300150596,0.017100860530424304,-0.04730499880932174,0.996918671308237,0.1650858372449875,-0.09916223585605621,-0.022200247272849083,1664.0,1663.0,1664.0,1663.0
368145183,0.06008596069314005,0.015687790154409634,-0.044946004743301946,0.9970573841185214,-0.06283503025770187,0.01417763065546751,-0.022464357316493988,1663.0,1664.0,1663.0,1664.0
368245143,0.060084596655383384,0.016794704839019868,-0.042389602231508686,0.9971513930977506,-0.006329277064651251,0.03480108082294464,-0.022185999900102615,1664.0,1664.0,1663.0,1664.0
368345103,0.06009741099782847,0.018342911227573085,-0.04024018345029491,0.9972123978546106,0.08891018480062485,-0.1275942027568817,-0.01985849440097809,1664.0,1663.0,1664.0,1663.0
368445063,0.06004761687068666,0.0173844721552312,-0.03955263421462203,0.9972600728810512,-0.0127669433131814,0.015529515221714973,-0.021612785756587982,1663.0,1664.0,1663.0,1664.0
368545023,0.05996607177782045,0.01648514075935184,-0.037197935556902935,0.9973708557803292,0.04881728067994118,0.05008137226104736,-0.016009895130991936,1664.0,1663.0,1664.0,1664.0
368644983,0.05993918013856294,0.016189476290608178,-0.03634099951448498,0.9974089067659467,0.05320100858807564,-0.08400720357894897,-0.022460702806711197,1664.0,1664.0,1664.0,1663.0
368744943,0.059900144391904865,0.016175394827166227,-0.034237695678236396,0.9974858943858097,-0.06920649856328964,-0.08500132709741592,-0.02455921098589897,1663.0,1664.0,1664.0,1664.0
368844903,0.05987686135733972,0.017015945132516468,-0.03175225771015169,0.997555518863762,0.10575537383556366,0.08299572020769119,-0.01623406447470188,1664.0,1663.0,1663.0,1664.0
368944863,0.059944189297155476,0.018637083040449372,-0.033066884540417514,0.9974797915005803,-0.09120296686887741,-0.11713530868291855,-0.017834637314081192,1663.0,1664.0,1664.0,1663.0
369044823,0.059897157515463165,0.017627934367550356,-0.03249105831628959,0.9975198833010742,0.03757015988230705,0.08296091109514236,-0.012637916952371597,1664.0,1664.0,1663.0,1664.0
369144783,0.05983169079487297,0.015789822280756687,-0.03195566316724437,0.9975718950935368,-0.07739827036857605,0.027090422809123993,-0.025956105440855026,1663.0,1664.0,1664.0,1664.0
369244743,0.05980208179996126,0.015198178120765626,-0.031038736877411387,0.9976118098775972,0.10275723040103912,-0.008908233605325222,-0.025699373334646225,1664.0,1663.0,1664.0,1664.0
369344703,0.059826797526019694,0.015408384672209396,-0.03182573172886969,0.9975823067694695,-0.052353810518980026,0.04647200554609299,-0.03020186722278595,1663.0,1664.0,1663.0,1664.0
369445496,0.05983695513395145,0.01606596913461606,-0.030967475635916536,0.9975983354480911,-0.05024569854140282,-0.0561770498752594,-0.027850547805428505,1664.0,1664.0,1664.0,1663.0
369545456,0.05976673521120235,0.014350700972885433,-0.02920238735694407,0.9976819209128909,0.0765513926744461,0.07160326838493347,-0.02831178531050682,1664.0,1663.0,1663.0,1664.0
369645416,0.05975150369129295,0.013982896964350879,-0.02878112897465584,0.997700297190523,-0.06297258287668228,-0.08716441690921783,-0.022508859634399414,1663.0,1664.0,1664.0,1663.0
369745376,0.05971678655293596,0.01329115521442794,-0.027911597133689677,0.9977365350343265,-0.048472728580236435,-0.03752224147319794,-0.016694407910108566,1664.0,1664.0,1664.0,1664.0
369845336,0.05969041744624056,0.01282500656477573,-0.027111004630837095,0.9977662886165346,0.07054952532052994,0.07197754085063934,-0.01927165873348713,1664.0,1663.0,1663.0,1664.0
369945296,0.05970104496337678,0.0130461733276059,-0.027786644196262093,0.9977441981771166,0.07437565922737122,-0.05888720601797104,-0.020108649507164955,1664.0,1663.0,1664.0,1664.0
370045256,0.05973141587483478,0.013220531579225104,-0.02936121002822325,0.997694990890517,-0.06896452605724335,0.012906949035823345,-0.030234910547733307,1663.0,1664.0,1664.0,1664.0
370145216,0.05972835644928801,0.013267754238509974,-0.029222670887159557,0.9976986146324721,-0.03359837830066681,0.011803899891674519,-0.00900705810636282,1664.0,1664.0,1664.0,1664.0
370245176,0.05973619706946569,0.014224954096414864,-0.028793068992932064,0.9976974474351437,0.029962943866848946,-0.1113225445151329,-0.014857381582260132,1664.0,1664.0,1664.0,1664.0
370345136,0.059775281093778256,0.015697689629272243,-0.028631757607406775,0.9976776637605823,-0.07432859390974045,-0.06897718459367752,-0.04264352470636368,1664.0,1664.0,1664.0,1664.0
370445096,0.0598678188173375,0.017074652529436227,-0.030112747082148957,0.9976058956192171,-0.01112092100083828,-0.10641815513372421,-0.058629926294088364,1664.0,1664.0,1664.0,1663.0
370545056,0.05994847270039085,0.015935768461201438,-0.03580262125198569,0.9974319045508462,-0.11881813406944275,-0.05602654442191124,-0.02028052508831024,1664.0,1664.0,1664.0,1664.0
370645016,0.059995613315235195,0.015671135971133027,-0.040248351464053374,0.9972637625446586,-0.10256008058786392,0.014577717520296574,0.01594303548336029,1664.0,1664.0,1664.0,1664.0
370744976,0.059995335730346426,0.016037814727097515,-0.04094833257911382,0.997229453159288,-0.06948001682758331,-0.00952926091849804,-0.00859519187361002,1664.0,1664.0,1664.0,1664.0
370844936,0.059943828758262444,0.015937106129862568,-0.03762510186781573,0.9973650774673446,0.15094798803329468,-0.013203969225287437,-0.05012564733624458,1664.0,1663.0,1664.0,1664.0
370944896,0.06009667659009845,0.02243444641175232,-0.03413544936229862,0.9973564338659762,0.06904592365026474,-0.2375396192073822,-0.038624051958322525,1664.0,1664.0,1664.0,1664.0
371044856,0.06020408322513361,0.02988391984401376,-0.03074177833010882,0.9972649411078685,0.051857102662324905,-0.082330122590065,-0.008277681656181812,1664.0,1664.0,1663.0,1664.0
371144816,0.060286855242544624,0.0384384116802248,-0.028300349670764405,0.9970391535947716,0.009624309837818146,-0.21274155378341675,0.014614456333220005,1664.0,1664.0,1664.0,1664.0
371244776,0.06050225440218168,0.049444301109414696,-0.028605489452213903,0.9965322193854319,-0.006367323454469442,-0.2232329398393631,-0.00960016343742609,1664.0,1663.0,1664.0,1664.0
371344736,0.06073193151057951,0.058123672142706403,-0.02955928185242384,0.9960218471941319,0.005644470918923616,-0.1811313033103943,-0.04853926971554756,1664.0,1664.0,1664.0,1664.0
371445529,0.06092361142455258,0.06100827392541907,-0.031486104154786976,0.9957785543627585,-0.04923752322793007,0.0007514541503041983,-0.03971897438168526,1664.0,1664.0,1664.0,1664.0
371545489,0.06090473064484177,0.057087480840651204,-0.03250542887227862,0.99597943272448,-0.04015210643410683,0.07601745426654816,-0.028365066275000572,1664.0,1664.0,1664.0,1664.0
371645449,0.06086400926684311,0.05289202413172679,-0.03342170376556815,0.9961832140106663,-0.040120527148246765,0.059821609407663345,-0.029427841305732727,1664.0,1664.0,1664.0,1664.0
371745409,0.06077623812241235,0.049369675785792815,-0.03332366062149403,0.9963726299107565,0.011397997848689556,0.04719777777791023,-0.029016589745879173,1664.0,1664.0,1664.0,1664.0
371845369,0.060615611477690776,0.04548727941352228,-0.031932022729283215,0.9966127638060625,0.0033472860231995583,0.015325662679970264,-0.014839879237115383,1664.0,1664.0,1664.0,1663.0
371945329,0.060452810211187834,0.041213935762058194,-0.03071453466234218,0.9968467718747185,0.0010942575754597783,0.061209697276353836,-0.016391145065426826,1664.0,1664.0,1664.0,1664.0
372045289,0.06024306647483581,0.037883428797063655,-0.02744275777235121,0.9970870141618204,0.08902598917484283,0.050976112484931946,-0.02079346962273121,1664.0,1664.0,1664.0,1664.0
372145249,0.06001556198960622,0.03520386035808511,-0.022761435135644617,0.9973167689382978,0.06559986621141434,0.03227832540869713,-0.02460642158985138,1664.0,1664.0,1664.0,1664.0
372245209,0.059858881947281124,0.033110664425160655,-0.019102960303456623,0.9974746488312325,0.054619498550891876,0.026108544319868088,-0.026745792478322983,1664.0,1664.0,1664.0,1664.0
372345169,0.059738531007508935,0.03129090160035816,-0.01598668718010917,0.9975954155984815,0.038035668432712555,0.01885765790939331,-0.028112629428505898,1664.0,1664.0,1664.0,1664.0
372445129,0.05965280346754486,0.029894089752875143,-0.01356430148291442,0.9976792551524715,0.023891987279057503,0.015071624889969826,-0.027530210092663765,1664.0,1664.0,1664.0,1664.0
372545089,0.05958205030067373,0.028607613114326098,-0.011439788568945128,0.9977478213413281,0.018694253638386726,0.009250050410628319,-0.02671656385064125,1664.0,1664.0,1664.0,1664.0
372645049,0.059535946127035846,0.02763448035168792,-0.009850066299043357,0.9977949603041476,0.015605460852384567,0.001929515041410923,-0.02363821677863598,1664.0,1664.0,1664.0,1664.0
372745009,0.05949482998688864,0.026768404056364617,-0.008406601484254723,0.9978342281163698,0.008257538080215454,0.00044165441067889333,-0.02607748657464981,1664.0,1664.0,1664.0,1664.0
372844969,0.059410882578894576,0.026187984246194815,-0.005167010225350988,0.9978766649830274,0.1460675150156021,-0.0031901784241199493,-0.024463722482323647,1664.0,1664.0,1664.0,1664.0
372944929,0.05922677548909137,0.025897431460305823,0.0019968128269484933,0.997906571201662,0.11260902881622314,-0.003924837335944176,-0.02507617138326168,1664.0,1664.0,1664.0,1664.0
373044889,0.059075059641669654,0.02584869622480609,0.008197996314701448,0.997885151251503,0.12267772853374481,0.023923709988594055,-0.024699537083506584,1665.0,1664.0,1664.0,1664.0
373144849,0.05901276473365451,0.027554297268695828,0.009176976943256754,0.9978346743798302,0.004920417442917824,-0.04537010192871094,0.006598816253244877,1664.0,1664.0,1664.0,1664.0
373244809,0.05905003779702866,0.027908252700868413,0.006789837659127779,0.9978417312239034,-0.15176087617874146,-0.03723576292395592,-0.0042951349169015884,1664.0,1664.0,1664.0,1664.0
373344769,0.05916979635949369,0.02687993248253958,0.0029122278567329163,0.9978817181196481,-0.09282245486974716,0.057382162660360336,-0.047983184456825256,1664.0,1664.0,1664.0,1665.0
373444729,0.059306149859699446,0.026755407883991247,-0.0009386239506786205,0.9978807783111464,-0.07549414038658142,-0.05630004405975342,-0.06377891451120377,1665.0,1664.0,1665.0,1664.0
373545522,0.059499326296093065,0.02427245843570502,-0.007743231196496032,0.9979031617859699,-0.15760622918605804,0.041835200041532516,-0.03315723314881325,1664.0,1665.0,1664.0,1664.0
373645482,0.059550963845820655,0.021574566452885142,-0.011108194813439588,0.9979302725117575,-0.1156032383441925,0.029065081849694252,0.007185799069702625,1665.0,1664.0,1664.0,1664.0
373745442,0.059625839420361496,0.020678472929414625,-0.016341045894800694,0.9978728026405914,-0.08116457611322403,0.01726997271180153,-0.0005464151035994291,1664.0,1664.0,1664.0,1665.0
373845402,0.05969918991337582,0.022529866532448234,-0.01843680943890758,0.9977918098959473,-0.05380968004465103,-0.10371164232492447,-0.04351700097322464,1664.0,1664.0,1665.0,1664.0
373945362,0.05979751567214315,0.02297169835786399,-0.020953968212181633,0.9977261595298371,-0.1545766144990921,0.012527646496891975,-0.06275945901870728,1664.0,1665.0,1664.0,1664.0
374045322,0.0598328549845764,0.02170779521657954,-0.0227119407601249,0.9977138712266852,-0.16793081164360046,0.03330797702074051,-0.02307228371500969,1664.0,1665.0,1664.0,1664.0
374145282,0.059825292652055266,0.0193426001313564,-0.02546572819203865,0.997696494364345,-0.1139276847243309,0.022694716230034828,0.011794215068221092,1664.0,1664.0,1664.0,1664.0
374245242,0.05987933844984655,0.020007942866364804,-0.028777223252802492,0.9975901054395656,-0.006390241906046867,0.02313462272286415,0.0028468279633671045,1664.0,1664.0,1664.0,1665.0
374345202,0.05999728697996566,0.021334636324528884,-0.03283451234999224,0.997430224951441,-0.09542790055274963,-0.07676877081394196,-0.03179566189646721,1664.0,1664.0,1665.0,1664.0
374445162,0.06004431981402746,0.020022188511849656,-0.03548900089878381,0.997363686144865,-0.02869558334350586,-0.08383870124816895,-0.06731033325195312,1664.0,1664.0,1665.0,1664.0
374545122,0.059904449228651714,0.015538182012801893,-0.03406022260455518,0.9975018411504196,0.03947935998439789,0.10467405617237091,-0.04460393264889717,1664.0,1664.0,1664.0,1664.0
374645082,0.05972680203419117,0.01041746187241871,-0.033157972560916474,0.9976095100100815,-0.13195611536502838,0.08392217010259628,-0.00020437205967027694,1664.0,1665.0,1664.0,1664.0
374745042,0.05953149282178432,0.005717284194493605,-0.032266490658398636,0.9976884221060405,-0.0836176648736,0.11775108426809311,0.03208740055561066,1664.0,1664.0,1664.0,1665.0
374845002,0.059709057318637904,0.012027357550579106,-0.031607042252619004,0.9976428048277155,-0.0006593933794647455,-0.16488392651081085,-0.0313870906829834,1540.0,1540.0,1540.0,1540.0
374944962,0.05983089699010844,0.0162661004114172,-0.03128887553830784,0.9975854269235859,-0.01356256753206253,-0.07024567574262619,-0.03159882873296738,1396.0,1399.0,1397.0,1398.0
375044922,0.05988411611189855,0.01797607436973319,-0.03127651292755793,0.997553273327717,-0.01992635615170002,-0.038050808012485504,-0.030375517904758453,1353.0,1356.0,1354.0,1355.0
375144882,0.059900973310369234,0.018651729313214446,-0.03103898338974462,0.9975472760226596,-0.01911940611898899,-0.023244639858603477,-0.02908613160252571,1346.0,1349.0,1348.0,1348.0
375244842,0.05991733775219216,0.019047384126418255,-0.031009649599746728,0.9975397292470768,-0.02028007060289383,-0.02163540944457054,-0.031015807762742043,1318.0,1321.0,1320.0,1319.0
375344802,0.059921028071866285,0.019141591352835993,-0.030833312352965353,0.9975431703563692,-0.02097132056951523,-0.017883021384477615,-0.03212520480155945,1249.0,1253.0,1252.0,1251.0
375444762,0.05993132271716435,0.01923697526224572,-0.030883860696426554,0.9975391533612175,-0.019846634939312935,-0.015312562696635723,-0.03138815984129906,1150.0,1156.0,1154.0,1152.0
375544722,0.05993488506086631,0.01926577975253018,-0.030813481891549883,0.9975405598856555,-0.020514925941824913,-0.017101606354117393,-0.02985776960849762,1150.0,1157.0,1154.0,1152.0
375645515,0.05994543936756821,0.01943025376027709,-0.030850238563517835,0.9975355995243551,-0.019025851041078568,-0.0176613200455904,-0.030024109408259392,1150.0,1158.0,1155.0,1153.0
375745475,0.05994995432601912,0.019483581902239994,-0.0307439797719679,0.9975375685759148,-0.018714623525738716,-0.01778470352292061,-0.030399490147829056,1150.0,1162.0,1159.0,1153.0
375845435,0.05995684833753472,0.019552566823377596,-0.03071796400955855,0.9975366059223866,-0.020050566643476486,-0.015182308852672577,-0.03130427747964859,1150.0,1165.0,1161.0,1153.0
375945395,0.05996075430131026,0.019591291450157484,-0.030596232766965183,0.9975393524986383,-0.020745858550071716,-0.014768615365028381,-0.032877448946237564,1150.0,1166.0,1162.0,1153.0
376045355,0.059968091159740854,0.019642151197385355,-0.030608259512041824,0.9975375423454697,-0.02215723879635334,-0.015764782205224037,-0.03071996197104454,1150.0,1167.0,1163.0,1153.0
376145315,0.059970503405564785,0.019729737575383228,-0.030437049485247766,0.9975409075296724,-0.01700238138437271,-0.016517797484993935,-0.03080577962100506,1150.0,1167.0,1163.0,1153.0
376245275,0.059975647336664224,0.019818854859480393,-0.03039877134402248,0.9975399989070017,-0.019838936626911163,-0.016780052334070206,-0.030815396457910538,1150.0,1169.0,1164.0,1153.0
376345235,0.05997829622883973,0.01978913352417484,-0.030329922875776585,0.9975425253863603,-0.01996561512351036,-0.017039867118000984,-0.02941502258181572,1150.0,1169.0,1165.0,1153.0
376445195,0.05998681636095855,0.019874191229108287,-0.030330621840973793,0.9975403008222803,-0.018709715455770493,-0.01651080697774887,-0.030442191287875175,1150.0,1167.0,1164.0,1152.0
376545155,0.05998620451567409,0.019863800115445033,-0.030148165484908014,0.9975460755427149,-0.01653265953063965,-0.014304709620773792,-0.028536688536405563,1150.0,1156.0,1154.0,1150.0
376645115,0.059993916602947894,0.01995896225450281,-0.03010602461097723,0.9975449849898926,-0.019357329234480858,-0.015920717269182205,-0.032693538814783096,1150.0,1153.0,1152.0,1150.0
376745075,0.05999792064765264,0.020011469534051238,-0.029987722978856615,0.9975472555601509,-0.022969845682382584,-0.014527024701237679,-0.03232719004154205,1150.0,1152.0,1151.0,1150.0
376845035,0.06000406080056849,0.020088968687518468,-0.029950611165883857,0.9975464434878727,-0.020031210035085678,-0.01875178888440132,-0.029644500464200974,1150.0,1152.0,1151.0,1150.0
376944995,0.060002594573419825,0.019986955373478707,-0.02981557049336917,0.997552626188469,-0.019129931926727295,-0.0136742377653718,-0.03354483097791672,1000.0,1000.0,1000.0,1000.0
377044955,0.06000895168673679,0.01999026989220249,-0.029712183837924108,0.9975552621076575,-0.01756519079208374,-0.015293953008949757,-0.037562478333711624,1000.0,1000.0,1000.0,1000.0
377144915,0.060019862994139396,0.02007712210308337,-0.02955391889542175,0.9975575627963258,-0.016628721728920937,-0.019258985295891762,-0.03197404742240906,1000.0,1000.0,1000.0,1000.0
377244875,0.06002848671075866,0.020074239150841174,-0.029397293672535338,0.9975617298345311,-0.02145463600754738,-0.014380602166056633,-0.028981463983654976,1000.0,1000.0,1000.0,1000.0
377344835,0.06003780777897192,0.020057050845777483,-0.02920363331797239,0.9975672028236967,-0.021920716390013695,-0.01701918989419937,-0.028788458555936813,1000.0,1000.0,1000.0,1000.0
377444795,0.06004147232415263,0.019990038157811058,-0.028904058666239917,0.997577052346442,-0.018311629071831703,-0.013478764332830906,-0.026256605982780457,1000.0,1000.0,1000.0,1000.0
377544755,0.06004679065383821,0.01993668869293553,-0.028682163062589278,0.9975842044149387,-0.022471828386187553,-0.014846882782876492,-0.03249058127403259,1000.0,1000.0,1000.0,1000.0
377644715,0.06004988957761114,0.019835860236761302,-0.028397629024477213,0.9975941680243388,-0.016847914084792137,-0.018863379955291748,-0.030154377222061157,1000.0,1000.0,1000.0,1000.0
377745508,0.06005455549214385,0.01966316153558227,-0.028210503185512575,0.9976026152497229,-0.022610805928707123,-0.015754351392388344,-0.03031991422176361,1000.0,1000.0,1000.0,1000.0
377845468,0.060062883729754726,0.019658221336571195,-0.027931759472007954,0.9976100546529924,-0.02150961197912693,-0.018928227946162224,-0.035051487386226654,1000.0,1000.0,1000.0,1000.0
377945428,0.06006056957994075,0.019494313934231063,-0.027548499132290967,0.9976240674229572,-0.02105777896940708,-0.015816662460565567,-0.028908079490065575,1000.0,1000.0,1000.0,1000.0
378045388,0.060064945848721324,0.019467074793351424,-0.02722377622858846,0.9976332498904775,-0.015509998425841331,-0.01818211004137993,-0.0348452627658844,1000.0,1000.0,1000.0,1000.0
378145348,0.06006177284044141,0.019284368806948896,-0.026804095454753134,0.9976483533940371,-0.022084468975663185,-0.015166687779128551,-0.03423059731721878,1000.0,1000.0,1000.0,1000.0
378245308,0.06006081321890607,0.019170792891130276,-0.02639496210301295,0.9976615084240695,-0.021270394325256348,-0.015600297600030899,-0.025546761229634285,1000.0,1000.0,1000.0,1000.0
378345268,0.0600522057066031,0.018907172554670594,-0.025939835219603666,0.997678994649351,-0.022269217297434807,-0.015326797030866146,-0.02759668417274952,1000.0,1000.0,1000.0,1000.0
378445228,0.06005094129882207,0.018756010997937902,-0.02555666031418709,0.9976918129433338,-0.01564074493944645,-0.018511038273572922,-0.027649657800793648,1000.0,1000.0,1000.0,1000.0
378545188,0.06004552627027843,0.01853477446593018,-0.02512189923770406,0.9977073153430885,-0.019506778568029404,-0.018263498321175575,-0.029309073463082314,1000.0,1000.0,1000.0,1000.0
378645148,0.06005056324440583,0.018442581876166576,-0.024859271283569472,0.9977152988999519,-0.02185501717031002,-0.020530961453914642,-0.030892809852957726,1000.0,1000.0,1000.0,1000.0
378745108,0.06004668141859269,0.018215033917634665,-0.024433478590827663,0.9977302309311596,-0.022094260901212692,-0.01715400628745556,-0.03181389719247818,1000.0,1000.0,1000.0,1000.0
378845068,0.060049423494650145,0.01808235216653847,-0.02419077336846499,0.9977383934488644,-0.018739037215709686,-0.01676904782652855,-0.03268233314156532,1000.0,1000.0,1000.0,1000.0
378945028,0.06004716366986153,0.01779998173931036,-0.023878655856683587,0.9977511255717847,-0.021375715732574463,-0.015473579056560993,-0.030642975121736526,1000.0,1000.0,1000.0,1000.0
379044988,0.0600524243177466,0.017634398524297358,-0.023654841242774984,0.9977590805440092,-0.02197217009961605,-0.0152727160602808,-0.0336659736931324,1000.0,1000.0,1000.0,1000.0
379144948,0.06005035059759591,0.017443879383066394,-0.023317557773199455,0.997770493633014,-0.01859189383685589,-0.02015838213264942,-0.028483595699071884,1000.0,1000.0,1000.0,1000.0
379244908,0.06005543476301439,0.017356926076819847,-0.02301995714475884,0.9977786144459314,-0.01662071794271469,-0.014429841190576553,-0.03603868931531906,1000.0,1000.0,1000.0,1000.0
379344868,0.06005892549644966,0.017200847774675454,-0.022792453345239275,0.9977863300198844,-0.022085335105657578,-0.019351111724972725,-0.0329568088054657,1000.0,1000.0,1000.0,1000.0
379444828,0.06006618446809697,0.017074896172559133,-0.022633674477356192,0.9977916707328208,-0.02178005874156952,-0.017733238637447357,-0.031981226056814194,1000.0,1000.0,1000.0,1000.0
379544788,0.06007031924834263,0.016871689668250568,-0.022463133341803845,0.9977987324473854,-0.021674349904060364,-0.01269982848316431,-0.030970076099038124,1000.0,1000.0,1000.0,1000.0
379644748,0.060077058345905675,0.016701446936078515,-0.022347385352938953,0.9978037898798697,-0.018777349963784218,-0.015253986231982708,-0.03203609213232994,1000.0,1000.0,1000.0,1000.0
379744708,0.06008573753557177,0.016649706541995074,-0.022226578229695145,0.9978068303219172,-0.016382448375225067,-0.01968156173825264,-0.030080579221248627,1000.0,1000.0,1000.0,1000.0
379845501,0.060098971545524175,0.016655102799942655,-0.022202871165578085,0.9978064710563359,-0.021108778193593025,-0.013654574751853943,-0.03558572381734848,1000.0,1000.0,1000.0,1000.0
379945461,0.060104167218044596,0.01651718079046768,-0.02197663764520955,0.9978134591292962,-0.019600041210651398,-0.014555945992469788,-0.03177425265312195,1000.0,1000.0,1000.0,1000.0
380045421,0.06011413609677063,0.016449221857447203,-0.021898633467261508,0.9978156962054114,-0.016029171645641327,-0.01686975173652172,-0.033130936324596405,1000.0,1000.0,1000.0,1000.0
380145381,0.06012338180756791,0.016314484453134846,-0.021888180436757148,0.9978175805798462,-0.024725202471017838,-0.016090070828795433,-0.030047934502363205,1000.0,1000.0,1000.0,1000.0
380245341,0.06013947637367211,0.016409899940999007,-0.021847613990996172,0.9978159350944078,-0.017654918134212494,-0.018318725749850273,-0.03363838791847229,1000.0,1000.0,1000.0,1000.0
380345301,0.06014614616454871,0.016309485253830552,-0.021614465559696584,0.9978222570532673,-0.015544828958809376,-0.014189103618264198,-0.03158523514866829,1000.0,1000.0,1000.0,1000.0
380445261,0.06015740238496358,0.016258480372627844,-0.02148327790276788,0.9978252439805374,-0.012085098773241043,-0.017839493229985237,-0.029390983283519745,1000.0,1000.0,1000.0,1000.0
380545221,0.0601693891908159,0.016242528443133394,-0.021356485747665483,0.9978275028233526,-0.020065788179636,-0.016327379271388054,-0.031681738793849945,1000.0,1000.0,1000.0,1000.0
380645181,0.060188923220515035,0.016217588306244566,-0.021497569857569922,0.9978237007815074,-0.02155626192688942,-0.017380496487021446,-0.03873917832970619,1000.0,1000.0,1000.0,1000.0
380745141,0.06020529640673204,0.016303377516489664,-0.02146964401441834,0.9978219162516058,-0.018598176538944244,-0.016128582879900932,-0.036233630031347275,1000.0,1000.0,1000.0,1000.0
380845101,0.06022324464657236,0.016336367843827162,-0.021519120996943454,0.9978192277769703,-0.022610899060964584,-0.01607435569167137,-0.0316353403031826,1000.0,1000.0,1000.0,1000.0
380945061,0.060237040964955677,0.016230349564862443,-0.021538383178092535,0.9978197095161342,-0.019625186920166016,-0.013047581538558006,-0.029112812131643295,1000.0,1000.0,1000.0,1000.0
381045021,0.06025989397213552,0.01627059159442693,-0.02172440092897642,0.9978136416345046,-0.01895514875650406,-0.016498547047376633,-0.03410391882061958,1000.0,1000.0,1000.0,1000.0
381144981,0.06027553729175872,0.01614055949370032,-0.021731755301897693,0.9978146484968633,-0.017980458214879036,-0.013196337968111038,-0.03561089560389519,1000.0,1000.0,1000.0,1000.0
381244941,0.0603002590148176,0.016275764765023945,-0.021892308726303294,0.9978074488911635,-0.019950328394770622,-0.019888002425432205,-0.03339259326457977,1000.0,1000.0,1000.0,1000.0
381344901,0.06032365042676203,0.016390521808969834,-0.02201195329580018,0.9978015243053716,-0.020827779546380043,-0.01827770471572876,-0.034299980849027634,1000.0,1000.0,1000.0,1000.0
381444861,0.060345455488541026,0.01645253806262986,-0.022142186056306006,0.9977963036561253,-0.02040545642375946,-0.013424509204924107,-0.03372030705213547,1000.0,1000.0,1000.0,1000.0
381544821,0.06036546900832236,0.016504520606000637,-0.02219611529091116,0.9977930363642372,-0.01798255369067192,-0.016319509595632553,-0.030969370156526566,1000.0,1000.0,1000.0,1000.0
381644781,0.06039064005694112,0.016681985882568345,-0.022337458436437484,0.9977854077361161,-0.016109133139252663,-0.01833682879805565,-0.03171386197209358,1000.0,1000.0,1000.0,1000.0
381744741,0.060411518075261815,0.016719054827788578,-0.02239513754118473,0.9977822305012348,-0.01818273589015007,-0.016399843618273735,-0.03844761475920677,1000.0,1000.0,1000.0,1000.0
381844701,0.06043858464801721,0.01690611045010757,-0.022598269016019315,0.9977728594989307,-0.020450491458177567,-0.019422348588705063,-0.03425106406211853,1000.0,1000.0,1000.0,1000.0
381945494,0.06046481016147483,0.016989334218690394,-0.02284084377602765,0.9977643334528157,-0.02218860201537609,-0.018392125144600868,-0.03390517830848694,1000.0,1000.0,1000.0,1000.0
382045454,0.060491561069328084,0.017051107929317317,-0.02300956272549495,0.9977577816188457,-0.017953671514987946,-0.01961466111242771,-0.0349414199590683,1000.0,1000.0,1000.0,1000.0
382145414,0.06051680427515716,0.017276962106131857,-0.023113207908513175,0.9977499699829029,-0.016777891665697098,-0.017122043296694756,-0.034884482622146606,1000.0,1000.0,1000.0,1000.0
382245374,0.060544089574918886,0.017512753611696776,-0.023235270358175047,0.9977413687373411,-0.021310482174158096,-0.018081163987517357,-0.03455033525824547,1000.0,1000.0,1000.0,1000.0
382345334,0.060565360398043756,0.017530153175040555,-0.023252802389122605,0.9977393637772177,-0.018643280491232872,-0.015407958999276161,-0.0375487245619297,1000.0,1000.0,1000.0,1000.0
382445294,0.060593434903348904,0.017735123474364126,-0.023460055898345725,0.9977291851094711,-0.019526762887835503,-0.01939692161977291,-0.03548083081841469,1000.0,1000.0,1000.0,1000.0
382545254,0.060618045879994344,0.017813492827563032,-0.023595109000037952,0.9977231092934801,-0.020299667492508888,-0.021454263478517532,-0.034330129623413086,1000.0,1000.0,1000.0,1000.0
382645214,0.06064543994890117,0.01785027991108137,-0.023828410672368044,0.9977152424240743,-0.01976682059466839,-0.016307715326547623,-0.03427153825759888,1000.0,1000.0,1000.0,1000.0
382745174,0.06067032454608415,0.01797226169127716,-0.023956433785691667,0.9977084738586943,-0.018254680559039116,-0.017906300723552704,-0.03145303204655647,1000.0,1000.0,1000.0,1000.0
382845134,0.06069674378635258,0.0180071168104043,-0.024207339772623966,0.9977001822887691,-0.022109640762209892,-0.014733063988387585,-0.030277905985713005,1000.0,1000.0,1000.0,1000.0
382945094,0.060724353186697715,0.01808725531266048,-0.024394180431500326,0.997692501769151,-0.016364451497793198,-0.019754840061068535,-0.03483891114592552,1000.0,1000.0,1000.0,1000.0
383045054,0.060752575932262326,0.01828361806950075,-0.024472197152890875,0.9976852937647188,-0.01588369719684124,-0.01705327443778515,-0.03621264547109604,1000.0,1000.0,1000.0,1000.0
383145014,0.060779577004840234,0.01840274249515174,-0.02465019474985054,0.9976770770076681,-0.01816301979124546,-0.016810908913612366,-0.03161731734871864,1000.0,1000.0,1000.0,1000.0
383244974,0.06080795136140247,0.018482389983693844,-0.02481040866831861,0.9976699042937153,-0.020149456337094307,-0.01691328175365925,-0.03931056335568428,1000.0,1000.0,1000.0,1000.0
383344934,0.06083151079113972,0.01852174350978309,-0.02490416411710879,0.9976654022876875,-0.018694480881094933,-0.019016606733202934,-0.03490825369954109,1000.0,1000.0,1000.0,1000.0
383444894,0.06086264326491163,0.018570498075922582,-0.02516744018046333,0.9976559904149241,-0.020838186144828796,-0.021348848938941956,-0.03484753146767616,1000.0,1000.0,1000.0,1000.0
383544854,0.06089203804219013,0.018682013795343726,-0.0252609836925401,0.9976497505470066,-0.017814213410019875,-0.021603846922516823,-0.03687135875225067,1000.0,1000.0,1000.0,1000.0
383644814,0.06092211288366272,0.018821466453632887,-0.025462461313065097,0.9976401714176338,-0.01762503571808338,-0.020081741735339165,-0.03845050930976868,1000.0,1000.0,1000.0,1000.0
383744774,0.060952277473499454,0.01886100980585941,-0.02565625025980953,0.9976326172507106,-0.019689247012138367,-0.015573844313621521,-0.039014704525470734,1000.0,1000.0,1000.0,1000.0
383844734,0.060981507825961845,0.019056109619670462,-0.025745136874054927,0.9976248334503164,-0.015439228154718876,-0.014181473292410374,-0.030917249619960785,1000.0,1000.0,1000.0,1000.0
383945527,0.06101385245956714,0.019114173452006222,-0.026035194253896627,0.9976142174415171,-0.023591404780745506,-0.01695629023015499,-0.04122176393866539,1000.0,1000.0,1000.0,1000.0
384045487,0.061046143222238794,0.01921309714881186,-0.026295319288637587,0.9976035191794127,-0.02273739129304886,-0.016365358605980873,-0.03877316787838936,1000.0,1000.0,1000.0,1000.0
384145447,0.061074891670416756,0.0193580670530348,-0.02638950384232335,0.9975964699889295,-0.020099738612771034,-0.02160763554275036,-0.03464319929480553,1000.0,1000.0,1000.0,1000.0
384245407,0.0611056685698696,0.019421293480764042,-0.02660516603868639,0.9975876281150531,-0.02116447314620018,-0.0188389141112566,-0.03373974561691284,1000.0,1000.0,1000.0,1000.0
384345367,0.06113243846207966,0.01946774701868612,-0.02668451862709623,0.9975829630959706,-0.02361663244664669,-0.016249459236860275,-0.03889677673578262,1000.0,1000.0,1000.0,1000.0
384445327,0.06116449065060126,0.019539385708119666,-0.02689890690044624,0.9975738400224632,-0.021958310157060623,-0.017573194578289986,-0.03588273003697395,1000.0,1000.0,1000.0,1000.0
384545287,0.06119425478658581,0.019644092133716425,-0.026992068499690724,0.9975674418621854,-0.016455339267849922,-0.022377366200089455,-0.03425224870443344,1000.0,1000.0,1000.0,1000.0
384645247,0.06122452907733934,0.019805464438174995,-0.027046421135931507,0.9975609213082598,-0.01735823042690754,-0.017108475789427757,-0.037265535444021225,1000.0,1000.0,1000.0,1000.0
384745207,0.061255231991826885,0.019897548240773534,-0.027239106586388437,0.997551961152906,-0.020808877423405647,-0.01722721755504608,-0.03492526337504387,1000.0,1000.0,1000.0,1000.0
384845167,0.06128471926462168,0.01997812749860777,-0.027361389714477387,0.9975451929407502,-0.01803220622241497,-0.01567593775689602,-0.03327248990535736,1000.0,1000.0,1000.0,1000.0
384945127,0.061314330395398874,0.02006500144380597,-0.02749396051714155,0.9975379846102633,-0.022631684318184853,-0.019983265548944473,-0.03673829138278961,1000.0,1000.0,1000.0,1000.0
385045087,0.06134310833178332,0.020059336249655894,-0.02765790604085342,0.9975317971487694,-0.018689196556806564,-0.011625661514699459,-0.032323334366083145,1000.0,1000.0,1000.0,1000.0
385145047,0.06137368802037441,0.020141531066165088,-0.027807966380598,0.9975240880053293,-0.02177530899643898,-0.014823737554252148,-0.03353489190340042,1000.0,1000.0,1000.0,1000.0
385245007,0.06140252928869683,0.020178082276734392,-0.02800693361602897,0.9975160079226857,-0.02026287652552128,-0.015177960507571697,-0.03348841518163681,1000.0,1000.0,1000.0,1000.0
385344967,0.06143297659244219,0.02021371784968976,-0.028145632720016397,0.9975095079027947,-0.022068966180086136,-0.012300463393330574,-0.03839854896068573,1000.0,1000.0,1000.0,1000.0
385444927,0.061460376457029404,0.020340109937938125,-0.028140758369672864,0.9975053883422649,-0.016009628772735596,-0.02149190939962864,-0.03677881881594658,1000.0,1000.0,1000.0,1000.0
385544887,0.06148966417007515,0.020438335179283573,-0.02822876873687313,0.9974990888572034,-0.02279575541615486,-0.01801726408302784,-0.03503391891717911,1000.0,1000.0,1000.0,1000.0
385644847,0.06152020682853124,0.020540843415441348,-0.02836815381227561,0.9974911457014745,-0.022046728059649467,-0.02001066505908966,-0.037447791546583176,1000.0,1000.0,1000.0,1000.0
385744807,0.06155027566403425,0.020665197917575862,-0.028431019974380026,0.9974849323493189,-0.020594526082277298,-0.018517961725592613,-0.03543476760387421,1000.0,1000.0,1000.0,1000.0
385844767,0.06158049842954468,0.02076637787588246,-0.02854940152846658,0.9974775844275656,-0.01694367080926895,-0.01552433893084526,-0.037299662828445435,1000.0,1000.0,1000.0,1000.0
385944727,0.06160820096488439,0.020765244422701685,-0.028583479125928162,0.9974749214486516,-0.01922055147588253,-0.016960879787802696,-0.039012305438518524,1000.0,1000.0,1000.0,1000.0
386045520,0.061636819660841835,0.02084464927771357,-0.028688653698977246,0.9974684778014422,-0.024976639077067375,-0.020389527082443237,-0.03376243636012077,1000.0,1000.0,1000.0,1000.0
386145480,0.06166995419784327,0.02095754508040299,-0.02877990925055195,0.9974614352830734,-0.02566654235124588,-0.018394632264971733,-0.0391799621284008,1000.0,1000.0,1000.0,1000.0
386245440,0.061698182230826834,0.020890489395004538,-0.028903745550882806,0.9974575155140086,-0.019188322126865387,-0.01532801054418087,-0.037853438407182693,1000.0,1000.0,1000.0,1000.0
386345400,0.061726856141500815,0.02099615036388511,-0.028874832593501928,0.9974543603310785,-0.017396103590726852,-0.022994844242930412,-0.036113329231739044,1000.0,1000.0,1000.0,1000.0
386445360,0.06175378049056479,0.020994399513159973,-0.028886552454409287,0.9974523912806584,-0.022055400535464287,-0.016248738393187523,-0.03798218443989754,1000.0,1000.0,1000.0,1000.0
386545320,0.06178216296152116,0.021028620118000312,-0.028970266580595386,0.9974474848983169,-0.02452995628118515,-0.013606483116745949,-0.03653065115213394,1000.0,1000.0,1000.0,1000.0
386645280,0.06180928412855749,0.02101882425029781,-0.0289701608542485,0.9974460141795792,-0.021207736805081367,-0.013223552145063877,-0.03967081755399704,1000.0,1000.0,1000.0,1000.0
386745240,0.06183588530716485,0.02093591661330225,-0.02903950235191722,0.9974440926623371,-0.021107017993927002,-0.014189917594194412,-0.03968815878033638,1000.0,1000.0,1000.0,1000.0
386845200,0.06186472727198869,0.021002594518340075,-0.029060525409983363,0.9974402901457092,-0.01903901807963848,-0.015177587047219276,-0.040063273161649704,1000.0,1000.0,1000.0,1000.0
386945160,0.061894841191779085,0.021032214638285418,-0.0291374639178839,0.9974355531951363,-0.020036932080984116,-0.01644953526556492,-0.03960409015417099,1000.0,1000.0,1000.0,1000.0
387045120,0.06192186510350621,0.021005746701121115,-0.029186832113111284,0.9974329902599135,-0.019006147980690002,-0.014026419259607792,-0.03644547238945961,1000.0,1000.0,1000.0,1000.0
387145080,0.06195245201555058,0.021010163474069515,-0.029265527048383064,0.9974286920109298,-0.02312767319381237,-0.015410520136356354,-0.038311101496219635,1000.0,1000.0,1000.0,1000.0
387245040,0.06197917340508375,0.02107562272777275,-0.02926988926293507,0.9974255229204809,-0.016116203740239143,-0.02111847698688507,-0.036203496158123016,1000.0,1000.0,1000.0,1000.0
387345000,0.062008057189625494,0.02111392509741412,-0.029270866919366197,0.9974228889294339,-0.018631501123309135,-0.01521859411150217,-0.03875354304909706,1000.0,1000.0,1000.0,1000.0
387444960,0.06203334141288807,0.02113820578561642,-0.029152504422946965,0.9974242689523787,-0.023908568546175957,-0.02199438214302063,-0.04047532379627228,1000.0,1000.0,1000.0,1000.0
387544920,0.0620571086017187,0.021053965613824818,-0.02907497777440233,0.9974268351469918,-0.01562952622771263,-0.016834387555718422,-0.03545737639069557,1000.0,1000.0,1000.0,1000.0
387644880,0.06208716169913816,0.02110055977203927,-0.029177169103742753,0.9974209961358059,-0.017671044915914536,-0.014512870460748672,-0.0386597216129303,1000.0,1000.0,1000.0,1000.0
387744840,0.062114076015596986,0.02106194132871274,-0.029194020363200904,0.9974196435619401,-0.02357276901602745,-0.0212335754185915,-0.03524762764573097,1000.0,1000.0,1000.0,1000.0
387844800,0.062139976965159174,0.021099754063014436,-0.029064355392925727,0.9974210178690057,-0.019169190898537636,-0.018002644181251526,-0.03855196014046669,1000.0,1000.0,1000.0,1000.0
387944760,0.06216988164846388,0.02116646681515777,-0.029044462279105697,0.9974183203196624,-0.020303484052419662,-0.01627819426357746,-0.03452986106276512,1000.0,1000.0,1000.0,1000.0
388044720,0.06219609095723317,0.021104824054796068,-0.029084497863895515,0.9974168259335014,-0.017545821145176888,-0.016641687601804733,-0.038011375814676285,1000.0,1000.0,1000.0,1000.0
388145513,0.06222404601004166,0.021100136160135983,-0.029098016334193403,0.9974147872362726,-0.024126561358571053,-0.01697847619652748,-0.04070308431982994,1000.0,1000.0,1000.0,1000.0
388245473,0.06224835276069791,0.021105705269179913,-0.028986439971197805,0.9974164015502585,-0.016370268538594246,-0.017135262489318848,-0.035347867757081985,1000.0,1000.0,1000.0,1000.0
388345433,0.06227445607082209,0.021113905930018745,-0.028939422543611565,0.9974159638387106,-0.01904558204114437,-0.020190931856632233,-0.03994655981659889,1000.0,1000.0,1000.0,1000.0
388445393,0.062299924841031355,0.021087581596540953,-0.028954823518932398,0.9974144832827517,-0.02225286141037941,-0.013228101655840874,-0.03940924257040024,1000.0,1000.0,1000.0,1000.0
388545353,0.06232320900340698,0.021047321200102484,-0.028953609595856553,0.997413914270895,-0.024476008489727974,-0.017685160040855408,-0.03662740811705589,1000.0,1000.0,1000.0,1000.0
388645313,0.06235132612647505,0.02098005496557965,-0.02901372122667003,0.9974118273834998,-0.02215331792831421,-0.021412787958979607,-0.04013556241989136,1000.0,1000.0,1000.0,1000.0
388745273,0.062375595134176384,0.020907245394881282,-0.028992057406421676,0.9974124687555286,-0.024454904720187187,-0.013241708278656006,-0.03798807039856911,1000.0,1000.0,1000.0,1000.0
388845233,0.062399018376430346,0.02083089467684713,-0.028977961689044728,0.9974130107778664,-0.021547190845012665,-0.01746440678834915,-0.03584311157464981,1000.0,1000.0,1000.0,1000.0
388945193,0.06242495862105239,0.02076288753528936,-0.028954214349016266,0.9974134952534922,-0.018660861998796463,-0.01813836768269539,-0.04132949933409691,1000.0,1000.0,1000.0,1000.0
389045153,0.06244855979250854,0.02072785640898117,-0.028979266524142105,0.9974120189070577,-0.02343747206032276,-0.017407990992069244,-0.03265394642949104,1000.0,1000.0,1000.0,1000.0
389145113,0.062471125027143436,0.020647338836209173,-0.028889430845690307,0.9974148819434357,-0.019948020577430725,-0.012728657573461533,-0.03768838196992874,1000.0,1000.0,1000.0,1000.0
389245073,0.062497791743997125,0.02068370880990372,-0.028781777157670118,0.9974155701214201,-0.016100995242595673,-0.017151057720184326,-0.04198805242776871,1000.0,1000.0,1000.0,1000.0
389345033,0.06252505869911065,0.02062606508410005,-0.028769645548620104,0.9974154049185454,-0.021593788638710976,-0.016026385128498077,-0.03980723395943642,1000.0,1000.0,1000.0,1000.0
389444993,0.06255042809800257,0.020570848170658598,-0.028741085199527134,0.9974157779842114,-0.01626892201602459,-0.01934869773685932,-0.03630907088518143,1000.0,1000.0,1000.0,1000.0
389544953,0.0625774967992393,0.02061000222329784,-0.02864230007876214,0.9974161134395689,-0.018599577248096466,-0.016344962641596794,-0.04028158634901047,1000.0,1000.0,1000.0,1000.0
389644913,0.06260329610675805,0.020573891222835133,-0.0285517024309266,0.9974178375208739,-0.020751701667904854,-0.015256494283676147,-0.04572567343711853,1000.0,1000.0,1000.0,1000.0
389744873,0.06262879407801576,0.020539625671026608,-0.02852319640507437,0.9974177586129421,-0.023099711164832115,-0.014070962555706501,-0.03804609924554825,1000.0,1000.0,1000.0,1000.0
389844833,0.06264981661473164,0.02048400390661952,-0.02838167907704346,0.9974216191535362,-0.021113313734531403,-0.018082084134221077,-0.03542735055088997,1000.0,1000.0,1000.0,1000.0
389944793,0.06267505336852669,0.02040044185655394,-0.028377306636177047,0.9974218706873166,-0.022110214456915855,-0.016427725553512573,-0.03774000704288483,1000.0,1000.0,1000.0,1000.0
390044753,0.06269707103530156,0.020294953065274002,-0.02834129530977617,0.9974236628152737,-0.020576518028974533,-0.017665281891822815,-0.03620395064353943,1000.0,1000.0,1000.0,1000.0
390144713,0.06272117093994573,0.020273630927339942,-0.02828849203926134,0.9974240802302142,-0.023085812106728554,-0.01732882857322693,-0.03834609314799309,1000.0,1000.0,1000.0,1000.0
390245506,0.0627459859160761,0.020231580913473563,-0.0282061094095138,0.997425706394787,-0.018132323399186134,-0.01597469113767147,-0.038488395512104034,1000.0,1000.0,1000.0,1000.0
390345466,0.06277190013996677,0.02028390012504193,-0.02813646445165064,0.997424980295108,-0.02110855095088482,-0.01777024380862713,-0.04042879492044449,1000.0,1000.0,1000.0,1000.0
390445426,0.06279737025184012,0.020274685656293253,-0.02807807079367685,0.9974252099037286,-0.021104883402585983,-0.015398687683045864,-0.04104672744870186,1000.0,1000.0,1000.0,1000.0
390545386,0.06282509337545678,0.020314420048165267,-0.028056776885032157,0.9974232548177806,-0.02421884983778,-0.017146669328212738,-0.038468729704618454,1000.0,1000.0,1000.0,1000.0
390645346,0.06285007704721539,0.020230350118949306,-0.027997493480252975,0.9974250553841362,-0.02234005369246006,-0.013574386946856976,-0.041139066219329834,1000.0,1000.0,1000.0,1000.0
390745306,0.06287790165173558,0.02019769942715137,-0.028091151962172208,0.9974213300321803,-0.022201288491487503,-0.017324574291706085,-0.03914917632937431,1000.0,1000.0,1000.0,1000.0
390845266,0.06290617075160627,0.020257205182384348,-0.02810949726206122,0.9974178239249802,-0.01797494851052761,-0.021380772814154625,-0.037947434931993484,1000.0,1000.0,1000.0,1000.0
390945226,0.06293410067427717,0.020290818278513652,-0.028140799621466792,0.9974144961161197,-0.01903301477432251,-0.013326085172593594,-0.04309607669711113,1000.0,1000.0,1000.0,1000.0
391045186,0.0629581124227911,0.020220908631601014,-0.028143470412072435,0.9974143251464943,-0.021606862545013428,-0.0183880552649498,-0.03776778280735016,1000.0,1000.0,1000.0,1000.0
391145146,0.06298024707293608,0.02018034143335039,-0.02806399385093038,0.9974159887165437,-0.018759433180093765,-0.013482952490448952,-0.04071861132979393,1000.0,1000.0,1000.0,1000.0
391245106,0.06300525227315193,0.02018244816830069,-0.02808137761792491,0.9974138775869373,-0.02316734753549099,-0.021118836477398872,-0.03856658190488815,1000.0,1000.0,1000.0,1000.0
391345066,0.0630303221173155,0.020145603212382547,-0.028077639277284527,0.9974131437561926,-0.01947924494743347,-0.015629326924681664,-0.03992849588394165,1000.0,1000.0,1000.0,1000.0
391445026,0.06305324617555662,0.020137915156451594,-0.02800392983536761,0.9974139223179372,-0.0208052359521389,-0.015882709994912148,-0.04020295664668083,1000.0,1000.0,1000.0,1000.0
391544986,0.06308064233693723,0.02011143284009033,-0.027997858390553645,0.997412894821909,-0.01944616064429283,-0.016126396134495735,-0.040092501789331436,1000.0,1000.0,1000.0,1000.0
391644946,0.06310705566318149,0.02016444438070136,-0.027871061001918187,0.9974137048722406,-0.021434960886836052,-0.014444314874708652,-0.0404108501970768,1000.0,1000.0,1000.0,1000.0
391744906,0.06313086904239867,0.02006231683860174,-0.02785631070597902,0.9974146694183273,-0.017802806571125984,-0.012387041002511978,-0.0375625416636467,1000.0,1000.0,1000.0,1000.0
391844866,0.06315387553005128,0.02001238026205413,-0.027906493323119765,0.9974128133687618,-0.018016144633293152,-0.013982797041535378,-0.03877878189086914,1000.0,1000.0,1000.0,1000.0
